題號,題目(英),選項(英),解析(英),正確答案,答案備註,題目(中),選項(中),解析(中)
1,"A company needs to architect a hybrid DNS solution. This solution will use an Amazon Route 53 private hosted zone for the
domain cloud.example.com for the resources stored within VPCs.
The company has the following DNS resolution requirements:
On-premises systems should be able to resolve and connect to cloud.example.com.
All VPCs should be able to resolve cloud.example.com.
There is already an AWS Direct Connect connection between the on-premises corporate network and AWS Transit Gateway.
Which architecture should the company use to meet these requirements with the HIGHEST performance?","A. Associate the private hosted zone to all the VPCs. Create a Route 53 inbound resolver in the shared services VPC.
Attach all VPCs to the transit gateway and create forwarding rules in the on-premises DNS server for cloud.example.com
that point to the inbound resolver.
B. Associate the private hosted zone to all the VPCs. Deploy an Amazon EC2 conditional forwarder in the shared services
VPC. Attach all VPCs to the transit gateway and create forwarding rules in the on-premises DNS server for
cloud.example.com that point to the conditional forwarder.
C. Associate the private hosted zone to the shared services VPCreate a Route 53 outbound resolver in the shared services
VPAttach all VPCs to the transit gateway and create forwarding rules in the on-premises DNS server for cloud.example.com
that point to the outbound resolver.
D. Associate the private hosted zone to the shared services VPC. Create a Route 53 inbound resolver in the shared services
VPC. Attach the shared services VPC to the transit gateway and create forwarding rules in the on-premises DNS server for
cloud.example.com that point to the inbound resolver.","The correct answer is A. The following is a detailed professional analysis:

**Core requirements analysis:**
1. **Local system resolution `cloud.example.com`:** A mechanism is needed for the local DNS server to query the Route 53 private hosted zone in AWS.
2. **All VPCs resolve `cloud.example.com`:** All VPCs must be able to resolve this domain directly.
3. **Maximum Performance:** This is a key factor in choosing the best solution.
4. **Existing Infrastructure:** Direct Connect and Transit Gateway connections are in place.

**Option A Analysis (Correct Answer):**
* **Associate a private hosted zone to all VPCs:** This is the most direct and performant way to satisfy the requirement that ""all VPCs should be able to resolve `cloud.example.com`"". When a private hosted zone is associated with a VPC, the default DNS server within that VPC (e.g. `10.0.0.2`) can directly resolve records in that zone without additional forwarding or redirects, resulting in minimal latency.
* **Create a Route 53 inbound resolver in the shared service VPC: ** The Route 53 inbound resolver (Inbound Resolver) is specifically designed to allow local DNS servers to query AWS for DNS records. It provides an IP address to which local DNS servers can forward queries for a specific domain (such as `cloud.example.com`). This is a fully managed service that is highly available and scalable, delivering high-performance queries.
* **Connect all VPCs to the Transit Gateway and create a forwarding rule in the on-premises DNS server for `cloud.example.com` to the inbound resolver:** With Direct Connect and Transit Gateway, on-premises networks can connect to AWS securely and with low latency. Set up conditional forwarding rules in the local DNS server to direct all `cloud.example.com` queries to the IP address of the Route 53 inbound resolver to ensure that the local system can resolve AWS resources.

**Why Option A has the highest performance:**
* **Intra-VPC resolution:** Private hosted zones are directly linked to all VPCs, meaning resources within a VPC can be resolved directly using the VPC's own DNS service, without the need for cross-VPC forwarding or additional DNS servers.
* **Ground-to-AWS resolution:** Route 53 inbound resolver is a managed service provided by AWS. It is specially designed for such hybrid DNS scenarios, providing optimized performance and reliability than self-built DNS forwarders.

**Other options analyzed (incorrect or non-optimal):**

**Option B Analysis:**
* **Associate private hosted zones to all VPCs:** This part is correct and performant.
* **Deploying an Amazon EC2 Conditional Forwarder in a Shared Services VPC:** This is the main problem point. While a DNS forwarder on EC2 can function, it is not a managed service. This means you'll be responsible for operating system management, security patching, high-availability configuration (e.g., multiple instances, load balancers), and scalability of your EC2 instances. Compared to the fully managed service of the Route 53 inbound resolver, the EC2 solution introduces a higher administrative burden, potential single point of failure risk, and may not be as optimized for performance and latency as the Route 53 Resolver. Therefore, it does not meet the ""maximum performance"" requirement.

**Option C Analysis:**
* **Associating a private hosting zone to a shared services VPC:** This does not comply with the requirement that ""all VPCs should be able to resolve `cloud.example.com`"". If you only associate it with the Shared Service VPC, other VPCs will not be able to resolve the domain directly, requiring additional complex configuration (such as setting up outbound resolvers in other VPCs and forwarding queries to the DNS service of the Shared Service VPC), which will increase latency and complexity, and reduce performance.
* **Create a Route 53 outbound resolver:** The purpose of the outbound resolver (Outbound Resolver) is to allow the VPC in AWS to query the local DNS server, instead of letting the local server query AWS. So using the outbound resolver here is wrong.

**Option D Analysis:**
* **Associate the private hosting zone to the shared service VPC: ** Same as option C. This does not meet the requirement that ""all VPCs should be able to resolve `cloud.example.com`"" and will cause other VPCs to be unable to resolve it directly, affecting performance.
* **Building a Route 53 inbound resolver:** This part is correct and is used to query AWS on the local side.
* **Connect the Shared Services VPC to the Transit Gateway:** While it is necessary to connect the Shared Services VPC to the TGW, the main issue is the associated scope of the private hosting zone. If other VPCs need to resolve `cloud.example.com`, but the private hosting zone is not associated with them, then they will not be able to resolve it directly and require additional forwarding mechanisms, which does not meet the ""maximum performance"" requirement.

To sum up, Option A ensures the highest performance of internal VPC resolution by directly associating the private hosting zone to all VPCs. At the same time, it uses the Route 53 inbound resolver as a hosting service to provide a high-performance, low-latency AWS resource resolution path for the local system.",A,A (77% community votes),"一家公司需要設計一個混合式 DNS 解決方案。此解決方案將使用 Amazon Route 53 私有託管區域來處理 VPC 內資源的 `cloud.example.com` 網域。
該公司有以下 DNS 解析要求：
地端系統應該能夠解析並連接到 `cloud.example.com`。
所有 VPC 都應該能夠解析 `cloud.example.com`。
地端企業網路和 AWS Transit Gateway 之間已經有 AWS Direct Connect 連線。
該公司應該使用哪種架構來以「最高效能」滿足這些要求？","A. 將私有託管區域關聯到所有 VPC。在共享服務 VPC 中建立一個 Route 53 入站解析器。將所有 VPC 連接到 Transit Gateway，並在地端 DNS 伺服器中為 `cloud.example.com` 建立指向入站解析器的轉發規則。
B. 將私有託管區域關聯到所有 VPC。在共享服務 VPC 中部署一個 Amazon EC2 條件式轉發器。將所有 VPC 連接到 Transit Gateway，並在地端 DNS 伺服器中為 `cloud.example.com` 建立指向條件式轉發器的轉發規則。
C. 將私有託管區域關聯到共享服務 VPC。在共享服務 VPC 中建立一個 Route 53 出站解析器。將所有 VPC 連接到 Transit Gateway，並在地端 DNS 伺服器中為 `cloud.example.com` 建立指向出站解析器的轉發規則。
D. 將私有託管區域關聯到共享服務 VPC。在共享服務 VPC 中建立一個 Route 53 入站解析器。將共享服務 VPC 連接到 Transit Gateway，並在地端 DNS 伺服器中為 `cloud.example.com` 建立指向入站解析器的轉發規則。","正確答案是 A。以下是詳細的專業解析：

**核心要求分析：**
1.  **地端系統解析 `cloud.example.com`：** 需要一個機制讓地端 DNS 伺服器能查詢 AWS 中的 Route 53 私有託管區域。
2.  **所有 VPC 解析 `cloud.example.com`：** 所有 VPC 都必須能夠直接解析此網域。
3.  **最高效能：** 這是選擇最佳解決方案的關鍵因素。
4.  **現有基礎設施：** 已有 Direct Connect 和 Transit Gateway 連線。

**選項 A 分析 (正確答案)：**
*   **將私有託管區域關聯到所有 VPC：** 這是滿足「所有 VPC 都應該能夠解析 `cloud.example.com`」要求的最直接且最高效能的方式。當私有託管區域與 VPC 關聯時，該 VPC 內部的預設 DNS 伺服器（例如 `10.0.0.2`）就能直接解析該區域內的記錄，無需額外的轉發或跳轉，從而實現最低延遲。
*   **在共享服務 VPC 中建立一個 Route 53 入站解析器：** Route 53 入站解析器（Inbound Resolver）專門用於允許地端 DNS 伺服器向 AWS 查詢 DNS 記錄。它提供了一個 IP 位址，地端 DNS 伺服器可以將特定網域（例如 `cloud.example.com`）的查詢轉發到此 IP。這是一個完全託管的服務，具有高可用性和擴展性，能提供高效能的查詢。
*   **將所有 VPC 連接到 Transit Gateway，並在地端 DNS 伺服器中為 `cloud.example.com` 建立指向入站解析器的轉發規則：** 透過 Direct Connect 和 Transit Gateway，地端網路可以安全且低延遲地連接到 AWS。在地端 DNS 伺服器中設定條件式轉發規則，將所有 `cloud.example.com` 的查詢導向 Route 53 入站解析器的 IP 位址，確保地端系統能夠解析 AWS 資源。

**為何選項 A 具有最高效能：**
*   **VPC 內部解析：** 私有託管區域直接關聯到所有 VPC，意味著 VPC 內的資源可以直接使用 VPC 自身的 DNS 服務進行解析，無需跨 VPC 轉發或額外的 DNS 伺服器。
*   **地端到 AWS 解析：** Route 53 入站解析器是 AWS 提供的託管服務，專為此類混合 DNS 場景設計，提供優化的效能和可靠性，優於自建 DNS 轉發器。

**其他選項分析 (不正確或非最佳)：**

**選項 B 分析：**
*   **將私有託管區域關聯到所有 VPC：** 這部分是正確且高效能的。
*   **在共享服"
2,"A company is providing weather data over a REST-based API to several customers. The API is hosted by Amazon API Gateway
and is integrated with different AWS Lambda functions for each API operation. The company uses Amazon Route 53 for DNS
and has created a resource record of weather.example.com. The company stores data for the API in Amazon DynamoDB tables.
The company needs a solution that will give the API the ability to fail over to a different AWS Region.
Which solution will meet these requirements?","A. Deploy a new set of Lambda functions in a new Region. Update the API Gateway API to use an edge-optimized API
endpoint with Lambda functions from both Regions as targets. Convert the DynamoDB tables to global tables.
B. Deploy a new API Gateway API and Lambda functions in another Region. Change the Route 53 DNS record to a
multivalue answer. Add both API Gateway APIs to the answer. Enable target health monitoring. Convert the DynamoDB
tables to global tables.
C. Deploy a new API Gateway API and Lambda functions in another Region. Change the Route 53 DNS record to a failover
record. Enable target health monitoring. Convert the DynamoDB tables to global tables.
D. Deploy a new API Gateway API in a new Region. Change the Lambda functions to global functions. Change the Route 53
DNS record to a multivalue answer. Add both API Gateway APIs to the answer. Enable target health monitoring. Convert the
DynamoDB tables to global tables.","This question requires implementing cross-region failover capabilities for a REST API based on Amazon API Gateway, AWS Lambda, and Amazon DynamoDB. To achieve reliable cross-region failover, there are three main layers to consider: the application layer (API Gateway and Lambda), the data layer (DynamoDB), and the traffic routing layer (Route 53).

Let's analyze each option one by one:

**Correct option: C**
* **Deploy a new API Gateway API and Lambda function in another region:** This is the basis for cross-region failover. You need to set up a complete copy of the API stack in the second region, including the API Gateway and all related Lambda functions, to ensure that the backup region can take over services if the primary region fails.
* **Change Route 53 DNS records to failover records:** Amazon Route 53's failover routing policy is designed for this purpose. It allows you to define a primary resource record set and a secondary resource record set. Route 53 periodically checks the health of the primary resource and automatically routes traffic to the secondary resource if the primary resource is unhealthy. This is exactly the ""failover"" capability required by the question.
* **Enable target health monitoring:** This is a key component of the failover routing strategy. Route 53 must be able to monitor the health of API Gateway endpoints to determine when to trigger a failover.
* **Convert DynamoDB tables to global tables:** Amazon DynamoDB global tables provide a fully managed, multi-region, multi-master database solution that automatically replicates data to the AWS Region of your choice. This ensures that when failing over to a new region, the API can still access the latest data.

Taken together, Option C provides the most complete and correct solution, covering all critical elements of application, data and traffic routing for reliable cross-region failover.

**Incorrect option analysis:**

* **A. Deploy a new set of Lambda functions in the new region. Update the API Gateway API to use edge-optimized API endpoints and target Lambda functions for both regions. Convert DynamoDB data tables to global data tables. **
    * **Error point:** API Gateway's edge-optimized endpoint is mainly used to improve the latency of global customers through CloudFront, but it does not provide a cross-region failover mechanism. In particular, a single API Gateway deployment cannot be directly configured to target Lambda functions from different regions to achieve failover. You would typically deploy a separate instance of API Gateway for each region and then use Route 53 to manage traffic routing. Additionally, this option makes no mention of failover configuration for Route 53, which is key to enabling failover of client traffic.

* **B. Deploy the new API Gateway API and Lambda function in another region. Change Route 53 DNS records to multivalue answers. Added both API Gateway APIs to answer. Enable target health monitoring. Convert DynamoDB data tables to global data tables. **
    * **Error point:** Route 53's multiple-value answer routing policy is designed to return the IP addresses of multiple healthy resources and let the client choose one of them. It is primarily used for load distribution among multiple healthy resources rather than active/passive failover. When the primary zone fails, the multi-value answer policy does not automatically switch all traffic to the backup zone like the failover policy does. While it provides a degree of resiliency, it is not the best strategy designed for failover.

* **D. Deploy a new API Gateway API in a new region. Change the Lambda function to a global function. Change Route 53 DNS records to multi-value answers. Added both API Gateway APIs to answer. Enable target health monitoring. Convert DynamoDB data tables to global data tables. **
    * **Error point 1:** ""Change the Lambda function to a global function"" is a wrong statement. AWS Lambda functions are regional services, and there is no concept of ""global Lambda functions"". You need to deploy your Lambda function independently in each region.
    * **Error point 2:** As with option B, using Route 53's multiple-value answer routing strategy is not suitable for implementing explicit ""failover"" requirements.

Therefore, option C is the only solution that correctly and completely describes how to implement cross-region API failover using AWS services.",C,C (95% community votes),"一家公司透過基於 REST 的 API 向多個客戶提供天氣資料。該 API 由 Amazon API Gateway 託管，並為每個 API 操作整合了不同的 AWS Lambda 函數。該公司使用 Amazon Route 53 進行 DNS，並已建立 weather.example.com 的資源記錄。該公司將 API 的資料儲存在 Amazon DynamoDB 資料表中。該公司需要一個解決方案，使 API 能夠故障轉移到不同的 AWS 區域。
哪種解決方案能滿足這些要求？","A. 在新區域部署一套新的 Lambda 函數。更新 API Gateway API 以使用邊緣最佳化 API 端點，並將兩個區域的 Lambda 函數作為目標。將 DynamoDB 資料表轉換為全域資料表。
B. 在另一個區域部署新的 API Gateway API 和 Lambda 函數。將 Route 53 DNS 記錄更改為多值回答。將兩個 API Gateway API 都添加到回答中。啟用目標健康監控。將 DynamoDB 資料表轉換為全域資料表。
C. 在另一個區域部署新的 API Gateway API 和 Lambda 函數。將 Route 53 DNS 記錄更改為故障轉移記錄。啟用目標健康監控。將 DynamoDB 資料表轉換為全域資料表。
D. 在新區域部署新的 API Gateway API。將 Lambda 函數更改為全域函數。將 Route 53 DNS 記錄更改為多值回答。將兩個 API Gateway API 都添加到回答中。啟用目標健康監控。將 DynamoDB 資料表轉換為全域資料表。","本題要求為一個基於 Amazon API Gateway、AWS Lambda 和 Amazon DynamoDB 的 REST API 實作跨區域故障轉移 (failover) 能力。要實現可靠的跨區域故障轉移，需要考慮三個主要層面：應用程式層（API Gateway 和 Lambda）、資料層（DynamoDB）以及流量路由層（Route 53）。

讓我們逐一分析每個選項：

**正確選項：C**
*   **在另一個區域部署新的 API Gateway API 和 Lambda 函數：** 這是實現跨區域故障轉移的基礎。您需要在第二個區域建立一個完整的 API 堆疊副本，包括 API Gateway 和所有相關的 Lambda 函數，以確保在主區域發生故障時，備用區域能夠接管服務。
*   **將 Route 53 DNS 記錄更改為故障轉移記錄 (failover record)：** Amazon Route 53 的故障轉移路由策略正是為此目的設計的。它允許您定義一個主要資源記錄集和一個次要資源記錄集。Route 53 會定期檢查主要資源的健康狀況，如果主要資源不健康，它會自動將流量路由到次要資源。這正是題目所要求的「故障轉移」能力。
*   **啟用目標健康監控 (target health monitoring)：** 這是故障轉移路由策略的關鍵組成部分。Route 53 必須能夠監控 API Gateway 端點的健康狀況，才能判斷何時觸發故障轉移。
*   **將 DynamoDB 資料表轉換為全域資料表 (global tables)：** Amazon DynamoDB 全域資料表提供了一種全受管、多區域、多主動 (multi-master) 的資料庫解決方案，可自動將資料複製到您選擇的 AWS 區域。這確保了在故障轉移到新區域時，API 仍然可以存取最新的資料。

綜合來看，選項 C 提供了最完整且正確的解決方案，涵蓋了應用程式、資料和流量路由的所有關鍵要素，以實現可靠的跨區域故障轉移。

**不正確選項分析：**

*   **A. 在新區域部署一套新的 Lambda 函數。更新 API Gateway API 以使用邊緣最佳化 API 端點，並將兩個區域的 Lambda 函數作為目標。將 DynamoDB 資料表轉換為全域資料表。**
    *   **錯誤點：** API Gateway 的邊緣最佳化 (edge-optimized) 端點主要用於透過 CloudFront 改善全球客戶的延遲，但它本身不提供跨區域的故障轉移機制，特別是不能直接將單一 API Gateway 部署配置為以來自不同區域的 Lambda 函數作為目標來實現故障轉移。您通常會為每個區域部署獨立的 API Gateway 實例，然後使用 Route 53 來管理流量路由。此外，此選項沒有提及 Route 53 的故障轉移配置，這是實現客戶端流量故障轉移的關鍵。

*   **B. 在另一個區域部署新的 API Gateway API 和 Lambda 函數。將 Route 53 DNS 記錄更改為多值回答 (multivalue answer)。將兩個 API Gateway API 都添加到回答中。啟用目標健康監控。將 DynamoDB 資料表轉換為全域資料表。**
    *   **錯誤點：** Route 53 的多值回答路由策略旨在返回多個健康資源的 IP 地址，並讓客戶端自行選擇其中一個。它主要用於在多個健康資源之間進行負載分配，而不是主動/被動的故障轉移。當主要區域發生故障時，多值回答策略不會像故障轉移策略那樣自動將所有流量切換到備用區域。雖然它提供了一定程度的彈性，但它不是專為「故障轉移」而設計的最佳策略。

*   **D. 在新區域部署新的 API Gateway API。將 Lambda 函數更改為全域函數。將 Route 53 DNS 記錄更改為多值回答。將兩個 API Gateway API 都添加到回答中。啟用目標健康監控。將 DynamoDB 資料表轉換為全域資料表。**
    *   **錯誤點 1：** 「將 Lambda 函數更改為全域函數」是錯誤的說法。AWS Lambda 函數是區域性的服務，沒有「全域 Lambda 函數」的概念。您需要在每個區域獨立部署 Lambda 函數。
    *   **錯誤點 2：** 與選項 B 相同，使用 Route 53 的多值回答路由策略不適合實現明確的「故障轉移」需求。

因此，選項 C 是唯一一個正確且完整地描述了如何使用 AWS 服務實現跨區域 API 故障轉移的解決方案。"
3,"A company uses AWS Organizations with a single OU named Production to manage multiple accounts. All accounts are
members of the Production OU. Administrators use deny list SCPs in the root of the organization to manage access to
restricted services.
The company recently acquired a new business unit and invited the new unit’s existing AWS account to the organization. Once
onboarded, the administrators of the new business unit discovered that they are not able to update existing AWS Config rules
to meet the company’s policies.
Which option will allow administrators to make changes and continue to enforce the current policies without introducing
additional long-term maintenance?","A. Remove the organization’s root SCPs that limit access to AWS Config. Create AWS Service Catalog products for the
company’s standard AWS Config rules and deploy them throughout the organization, including the new account.
B. Create a temporary OU named Onboarding for the new account. Apply an SCP to the Onboarding OU to allow AWS Config
actions. Move the new account to the Production OU when adjustments to AWS Config are complete.
C. Convert the organization’s root SCPs from deny list SCPs to allow list SCPs to allow the required services only.
Temporarily apply an SCP to the organization’s root that allows AWS Config actions for principals only in the new account.
D. Create a temporary OU named Onboarding for the new account. Apply an SCP to the Onboarding OU to allow AWS Config
actions. Move the organization’s root SCP to the Production OU. Move the new account to the Production OU when
adjustments to AWS Config are complete.","This question scenario describes a company using AWS Organizations and applying deny list service control policies (SCPs) to the organization root directory to restrict access to specific services, which may include AWS Config. Newly joined business unit accounts cannot update AWS Config rules because of these root SCPs. The goal is to allow new accounts to make temporary changes while maintaining enforcement of existing policies without adding additional long-term maintenance burden.

**The correct answer is D. **
1. **Create a temporary OU called Onboarding for the new account:** This isolates the new account from the existing Production OU so that specific policies can be applied without affecting other accounts.
2. **Move the SCP of the organization root to the Production OU:** This is a critical step in the solution. Since SCP evaluation is hierarchical, the `Deny` policy at any level will override the `Allow` policy at the lower level. Even applying an `Allow` SCP on the Onboarding OU will have no effect if the `Deny` SCP that restricts AWS Config still exists at the organization root. After moving this `Deny` SCP from the root directory to the Production OU, the root directory will no longer globally deny AWS Config. At this point, the Onboarding OU (directly under the root) will no longer inherit the `Deny` policy.
3. **Apply an SCP to the Onboarding OU to allow AWS Config operations:** After the root `Deny` policy is removed, the `Allow` SCP can take effect in the Onboarding OU, allowing the administrator of the new account to update AWS Config rules.
4. **When AWS Config adjustments are complete, move the new account to the Production OU:** Once the new account's AWS Config rules are adjusted, move it back to the Production OU. At this point, the account will again be subject to the existing `Deny` SCP restrictions on the Production OU, re-enforcing company policy.
This process is temporary, allowing for necessary adjustments while ensuring enforcement of the final strategy and introducing no additional long-term maintenance efforts (as SCPs are simply moved, not permanently removed or added).

**Reason why other options are incorrect:**

* **A. Remove SCPs in the organization root directory that restrict AWS Config access. Establish AWS Service Catalog products with company-standard AWS Config rules and deploy them to the entire organization, including new accounts. **
    * **Incorrect. ** Removing SCPs from the organization root will unlock AWS Config restrictions for all accounts across the organization, violating the requirement to continue enforcing existing policies. While AWS Service Catalog can help deploy standard rules, it does not solve the problem of temporarily lifting and reimposing administrative permissions during adjustments, or maintaining the original deny policy on other accounts. Additionally, introducing a Service Catalog may add additional long-term maintenance burden.

* **B. Create a temporary OU named Onboarding for the new account. Apply an SCP to the Onboarding OU to allow AWS Config operations. When the AWS Config adjustments are complete, move the new account to the Production OU. **
    * **Incorrect. ** As stated previously, the evaluation of SCPs is tiered. If a `Deny` SCP restriction exists for AWS Config at the organization root, then even if an `Allow` SCP is applied on the Onboarding OU, the root directory's `Deny` policy will take precedence, resulting in new accounts still being unable to update AWS Config rules. Therefore, this option fails to achieve the goal of allowing changes.

* **C. Convert the SCPs of the organization root from deny list SCPs to allow list SCPs, allowing only the required services. Temporarily apply an SCP to the organization root that allows only principals in the new account to perform AWS Config operations. **
    * **Incorrect. ** Converting the organization root's SCPs from the deny list to the allow list is a major architectural change that affects all accounts and services. This is a complex and far-reaching long-term change, rather than a temporary solution for a single account to go online, violating the requirement of ""not adding additional long-term maintenance burden"". Additionally, applying temporary SCPs for specific principals at the root level is complex and error-prone, may impact other accounts or introduce security risks, and is not a clean solution for ""mobile accounts.""",D,D (82% community votes),"一家公司使用 AWS Organizations，並以一個名為 Production 的單一組織單位 (OU) 來管理多個帳戶。所有帳戶都是 Production OU 的成員。管理員在組織根目錄中使用拒絕清單服務控制策略 (SCPs) 來管理對受限服務的存取。
該公司最近收購了一個新的業務單位，並邀請了新單位的現有 AWS 帳戶加入組織。加入組織後，新業務單位的管理員發現他們無法更新現有的 AWS Config 規則以符合公司政策。
哪種選項能讓管理員進行變更，並在不增加額外長期維護負擔的情況下，繼續執行現有策略？",A. 移除組織根目錄中限制 AWS Config 存取的 SCPs。為公司標準的 AWS Config 規則建立 AWS Service Catalog 產品，並將其部署到,"本題情境描述一家公司使用 AWS Organizations，並在組織根目錄套用了拒絕清單 (deny list) 服務控制策略 (SCPs)，以限制對特定服務的存取，其中可能包含 AWS Config。新加入的業務單位帳戶因這些根目錄 SCPs 而無法更新 AWS Config 規則。目標是允許新帳戶暫時進行變更，同時維持現有策略的執行，且不增加額外的長期維護負擔。

**正確答案是 D。**
1.  **為新帳戶建立一個名為 Onboarding 的臨時 OU：** 這將新帳戶從現有的 Production OU 中隔離出來，以便在不影響其他帳戶的情況下應用特定策略。
2.  **將組織根目錄的 SCP 移至 Production OU：** 這是解決方案的關鍵步驟。由於 SCP 的評估是分層的，任何層級的 `Deny` 策略都會覆蓋下層的 `Allow` 策略。如果限制 AWS Config 的 `Deny` SCP 仍然存在於組織根目錄，那麼即使在 Onboarding OU 上應用 `Allow` SCP 也將無效。將這個 `Deny` SCP 從根目錄移到 Production OU 後，根目錄將不再對 AWS Config 進行全局拒絕。此時，Onboarding OU（直接位於根目錄之下）將不再繼承該 `Deny` 策略。
3.  **將一個 SCP 應用於 Onboarding OU 以允許 AWS Config 操作：** 在根目錄的 `Deny` 策略被移除後，這個 `Allow` SCP 就能在 Onboarding OU 中生效，允許新帳戶的管理員更新 AWS Config 規則。
4.  **當 AWS Config 調整完成後，將新帳戶移至 Production OU：** 一旦新帳戶的 AWS Config 規則調整完成，將其移回 Production OU。此時，該帳戶將再次受到 Production OU 上現有的 `Deny` SCP 限制，從而重新執行公司政策。
這個過程是暫時性的，允許必要的調整，同時確保最終策略的執行，且不引入額外的長期維護工作（因為 SCP 只是被移動，而不是永久移除或新增）。

**其他選項不正確的原因：**

*   **A. 移除組織根目錄中限制 AWS Config 存取的 SCPs。為公司標準的 AWS Config 規則建立 AWS Service Catalog 產品，並將其部署到整個組織，包括新帳戶。**
    *   **不正確。** 移除組織根目錄的 SCPs 將會對整個組織的所有帳戶解除 AWS Config 的限制，這違反了「繼續執行現有策略」的要求。雖然 AWS Service Catalog 可以幫助部署標準規則，但它並不能解決在調整期間暫時解除和重新施加管理權限的問題，也無法在其他帳戶上維持原有的拒絕策略。此外，引入 Service Catalog 可能會增加額外的長期維護負擔。

*   **B. 為新帳戶建立一個名為 Onboarding 的臨時 OU。將一個 SCP 應用於 Onboarding OU 以允許 AWS Config 操作。當 AWS Config 調整完成後，將新帳戶移至 Production OU。**
    *   **不正確。** 如前所述，SCPs 的評估是分層的。如果組織根目錄存在一個 `Deny` SCP 限制 AWS Config，那麼即使在 Onboarding OU 上應用一個 `Allow` SCP，根目錄的 `Deny` 策略也會優先生效，導致新帳戶仍然無法更新 AWS Config 規則。因此，此選項無法達成允許變更的目標。

*   **C. 將組織根目錄的 SCPs 從拒絕清單 SCPs 轉換為允許清單 SCPs，僅允許所需的服務。暫時將一個 SCP 應用於組織根目錄，該 SCP 僅允許新帳戶中的主體執行 AWS Config 操作。**
    *   **不正確。** 將組織根目錄的 SCPs 從拒絕清單轉換為允許清單是一個重大的架構變更，會影響所有帳戶和服務。這是一個複雜且影響深遠的長期變更，而非針對單一帳戶上線的臨時解決方案，違反了「不增加額外長期維護負擔」的要求。此外，在根目錄層級為特定主體應用臨時 SCP 既複雜又容易出錯，可能影響其他帳戶或引入安全風險，且不符合「移動帳戶」的乾淨解決方案。"
4,"A company is running a two-tier web-based application in an on-premises data center. The application layer consists of a single
server running a stateful application. The application connects to a PostgreSQL database running on a separate server. The
application’s user base is expected to grow significantly, so the company is migrating the application and database to AWS.
The solution will use Amazon Aurora PostgreSQL, Amazon EC2 Auto Scaling, and Elastic Load Balancing.
Which solution will provide a consistent user experience that will allow the application and database tiers to scale?","A. Enable Aurora Auto Scaling for Aurora Replicas. Use a Network Load Balancer with the least outstanding requests
routing algorithm and sticky sessions enabled.
B. Enable Aurora Auto Scaling for Aurora writers. Use an Application Load Balancer with the round robin routing algorithm
and sticky sessions enabled.
C. Enable Aurora Auto Scaling for Aurora Replicas. Use an Application Load Balancer with the round robin routing and
sticky sessions enabled.
D. Enable Aurora Scaling for Aurora writers. Use a Network Load Balancer with the least outstanding requests routing
algorithm and sticky sessions enabled.","This question assesses the ability to design a two-tier stateful web application on AWS that is scalable and maintains a consistent user experience. Key considerations include database scaling, application layer scaling, and how to handle session management for stateful applications.

**Correct answer: C**

* **Enable Aurora Auto Scaling for Aurora Read Replicas:** This is the correct database scaling strategy. Amazon Aurora's read replicas (Aurora Replicas) are designed for read scaling and can automatically scale to handle increased read loads. Aurora Auto Scaling allows you to automatically adjust the number of read replicas based on predefined metrics, such as CPU usage or number of connections, ensuring that your database tier can handle the read demands of user growth. For write operations, an Aurora cluster usually has only one writer instance, and its scalability is mainly reflected in vertical expansion or the use of higher-specification instance types, rather than horizontal expansion of multiple writers. Therefore, enabling Auto Scaling for read replicas is standard practice for scaling database tiers.
* **Use an Application Load Balancer (ALB):** ALB is the best choice for web applications, especially those that need to handle HTTP/HTTPS traffic and complex routing rules. ALB runs on the seventh layer (application layer) of the OSI model, can understand the HTTP/HTTPS protocol, and provides advanced functions such as content-based routing and host-based routing.
* **Adopt round robin routing",C,C (95% community votes),"一家公司在本地資料中心運行一個兩層式的網路應用程式。應用程式層由一個運行有狀態應用程式的單一伺服器組成。該應用程式連接到運行在獨立伺服器上的 PostgreSQL 資料庫。由於預計應用程式的使用者數量將顯著增長，該公司正在將應用程式和資料庫遷移到 AWS。解決方案將使用 Amazon Aurora PostgreSQL、Amazon EC2 Auto Scaling 和 Elastic Load Balancing。
哪種解決方案能提供一致的使用者體驗，並允許應用程式和資料庫層進行擴展？","A. 為 Aurora 讀取複本 (Aurora Replicas) 啟用 Aurora Auto Scaling。使用網路負載平衡器 (Network Load Balancer)，採用最少未完成請求 (least outstanding requests) 路由演算法並啟用黏性會話 (sticky sessions)。
B. 為 Aurora 寫入器 (Aurora writers) 啟用 Aurora Auto Scaling。使用應用程式負載平衡器 (Application Load Balancer)，採用輪詢 (round robin) 路由演算法並啟用黏性會話。
C. 為 Aurora 讀取複本 (Aurora Replicas) 啟用 Aurora Auto Scaling。使用應用程式負載平衡器 (Application Load Balancer)，採用輪詢 (round robin) 路由演算法並啟用黏性會話。
D. 為 Aurora 寫入器 (Aurora writers) 啟用 Aurora Auto Scaling。使用網路負載平衡器 (Network Load Balancer)，採用最少未完成請求 (least outstanding requests) 路由演算法並啟用黏性會話。","本題旨在評估在 AWS 上設計可擴展且能維持一致使用者體驗的兩層式有狀態網路應用程式的能力。關鍵考量點包括資料庫擴展、應用程式層擴展以及如何處理有狀態應用程式的會話管理。

**正確答案：C**

*   **為 Aurora 讀取複本 (Aurora Replicas) 啟用 Aurora Auto Scaling：** 這是正確的資料庫擴展策略。Amazon Aurora 的讀取複本 (Aurora Replicas) 專為讀取擴展而設計，可以自動擴展以處理增加的讀取負載。Aurora Auto Scaling 允許您根據預定義的指標（例如 CPU 使用率或連接數）自動調整讀取複本的數量，從而確保資料庫層能夠應對使用者增長帶來的讀取需求。對於寫入操作，Aurora 叢集通常只有一個寫入器 (writer) 實例，其擴展性主要體現在垂直擴展或使用更高規格的實例類型，而不是水平擴展多個寫入器。因此，為讀取複本啟用 Auto Scaling 是實現資料庫層擴展的標準做法。
*   **使用應用程式負載平衡器 (Application Load Balancer, ALB)：** 對於網路應用程式，特別是需要處理 HTTP/HTTPS 流量和複雜路由規則的應用程式，ALB 是最佳選擇。ALB 運行在 OSI 模型的第七層（應用層），能夠理解 HTTP/HTTPS 協議，並提供基於內容的路由、主機型路由等高級功能。
*   **採用輪詢 (round robin) 路由演"
5,"A company uses a service to collect metadata from applications that the company hosts on premises. Consumer devices such
as TVs and internet radios access the applications. Many older devices do not support certain HTTP headers and exhibit errors
when these headers are present in responses. The company has configured an on-premises load balancer to remove the
unsupported headers from responses sent to older devices, which the company identified by the User-Agent headers.
The company wants to migrate the service to AWS, adopt serverless technologies, and retain the ability to support the older
devices. The company has already migrated the applications into a set of AWS Lambda functions.
Which solution will meet these requirements?","A. Create an Amazon CloudFront distribution for the metadata service. Create an Application Load Balancer (ALB).
Configure the CloudFront distribution to forward requests to the ALB. Configure the ALB to invoke the correct Lambda
function for each type of request. Create a CloudFront function to remove the problematic headers based on the value of
the User-Agent header.
B. Create an Amazon API Gateway REST API for the metadata service. Configure API Gateway to invoke the correct Lambda
function for each type of request. Modify the default gateway responses to remove the problematic headers based on the
value of the User-Agent header.
C. Create an Amazon API Gateway HTTP API for the metadata service. Configure API Gateway to invoke the correct Lambda
function for each type of request. Create a response mapping template to remove the problematic headers based on the
value of the User-Agent. Associate the response data mapping with the HTTP API.
D. Create an Amazon CloudFront distribution for the metadata service. Create an Application Load Balancer (ALB).
Configure the CloudFront distribution to forward requests to the ALB. Configure the ALB to invoke the correct Lambda
function for each type of request. Create a Lambda@Edge function that will remove the problematic headers in response to
viewer requests based on the value of the User-Agent header.","The core requirement of this question is to migrate an on-premises service to AWS's serverless architecture while retaining the ability to conditionally remove specific HTTP headers from responses based on the `User-Agent` header in the request to support legacy devices. The application itself has been migrated to an AWS Lambda function.

**Correct answer: A**

**Option A Detailed explanation:**
1. **Amazon CloudFront Distribution:** As a content delivery network (CDN), CloudFront provides global edge nodes that reduce latency and process content before it reaches consumers. This is very effective for handling requests from consumer devices around the world.
2. **Application Load Balancer (ALB):** ALB has the ability to route requests directly to AWS Lambda functions as target groups. This perfectly fits the need to direct requests to the migrated Lambda application.
3. **CloudFront Functions:** This is a key component of this solution. CloudFront Functions are lightweight, low-latency JavaScript functions that can be executed at CloudFront edge nodes. They're great for tasks like simple HTTP header manipulation, URL rewriting/redirecting, and more.
    * **How ​​to meet the requirement:** CloudFront Functions can be executed in the ""viewer response"" event. It can access the original request headers (including `User-Agent`) and use the value of `User-Agent` to determine whether it is a legacy device. It can then remove the offending HTTP headers from the response before sending it to the user. This ability to perform conditional header modifications at the edge perfectly solves the problem of supporting older devices with extremely low latency and cost.

**Reason why other options are incorrect:**

**Option B Detailed explanation:**
* **Amazon API Gateway REST API:** Although API Gateway can call Lambda functions, its ""modify default gateway responses"" function is used to handle error responses generated by API Gateway itself (such as 4xx or 5xx errors), not to modify ""success"" responses from the backend Lambda function. It cannot conditionally remove headers from successful backend responses based on the value of the `User-Agent` header.

**Option C Detailed explanation:**
* **Amazon API Gateway HTTP API:** This is a lightweight option to API Gateway that can call Lambda functions. However, its ""response mapping template"" is mainly used to convert the response body or set static response headers. While it is possible to try to use complex logic in some cases, it is not designed to ""conditionally remove"" specific headers in the response based on the value of the ""request header"". The mapping function of the HTTP API is relatively simple and not suitable for such complex conditional header operations.

**Option D Detailed explanation:**
* **Amazon CloudFront distribution + ALB + Lambda function: ** This part of the architecture is the same as option A, which is correct.
* **Lambda@Edge Functions:** Lambda@Edge does execute at CloudFront edge nodes and has the ability to inspect the `User-Agent` header and modify the response headers. It is more powerful than CloudFront Functions, supports Node.js and Python, and can execute more complex logic and even make network calls.
* **Why not as ideal as A:** Although Lambda@Edge can accomplish this task, for a relatively simple and high-frequency operation like simply removing HTTP headers, CloudFront Functions is a more optimized, lightweight, lower-cost, and lower-latency solution. Lambda@Edge has a cold start problem, and the execution cost is usually higher than CloudFront Functions. Therefore, Lambda@Edge is feasible but not the best answer when there is a more suitable and efficient serverless option called CloudFront Functions.

**Summary:**
Option A provides a solution that combines the edge processing capabilities of CloudFront, ALB's Lambda integration capabilities, and the benefits of CloudFront Functions for lightweight, low-latency conditional header modification at the edge. It ticks all the boxes and is the best serverless migration option.",A,A (39% community votes),"某公司使用一項服務來收集其內部部署應用程式的後設資料 (metadata)。電視和網路收音機等消費性裝置會存取這些應用程式。許多舊型裝置不支援某些 HTTP 標頭，並且當這些標頭存在於回應中時會出現錯誤。該公司已設定內部部署負載平衡器，根據 User-Agent 標頭識別舊型裝置，並從傳送給這些舊型裝置的回應中移除不支援的標頭。
該公司希望將服務遷移到 AWS，採用無伺服器技術，並保留支援舊型裝置的能力。該公司已將應用程式遷移到一組 AWS Lambda 函數中。
哪種解決方案能滿足這些要求？","A. 為後設資料服務建立一個 Amazon CloudFront 分配。建立一個應用程式負載平衡器 (ALB)。設定 CloudFront 分配將請求轉發到 ALB。設定 ALB 為每種請求類型呼叫正確的 Lambda 函數。建立一個 CloudFront Functions 來根據 User-Agent 標頭的值移除有問題的標頭。
B. 為後設資料服務建立一個 Amazon API Gateway REST API。設定 API Gateway 為每種請求類型呼叫正確的 Lambda 函數。修改預設的閘道回應 (default gateway responses) 以根據 User-Agent 標頭的值移除有問題的標頭。
C. 為後設資料服務建立一個 Amazon API Gateway HTTP API。設定 API Gateway 為每種請求類型呼叫正確的 Lambda 函數。建立一個回應映射範本 (response mapping template) 以根據 User-Agent 的值移除有問題的標頭。將回應資料映射與 HTTP API 關聯。
D. 為後設資料服務建立一個 Amazon CloudFront 分配。建立一個應用程式負載平衡器 (ALB)。設定 CloudFront 分配將請求轉發到 ALB。設定 ALB 為每種請求類型呼叫正確的 Lambda 函數。建立一個 Lambda@Edge 函數，該函數將根據 User-Agent 標頭的值在回應檢視者請求時移除有問題的標頭。","本題的核心要求是將內部部署服務遷移到 AWS 的無伺服器架構，同時保留根據請求中的 `User-Agent` 標頭，從「回應」中條件式地移除特定 HTTP 標頭的能力，以支援舊型裝置。應用程式本身已遷移至 AWS Lambda 函數。

**正確答案：A**

**選項 A 詳解：**
1.  **Amazon CloudFront 分配：** 作為內容分發網路 (CDN)，CloudFront 提供了全球邊緣節點，可以降低延遲並在內容到達使用者之前進行處理。這對於處理來自全球各地消費性裝置的請求非常有效。
2.  **Application Load Balancer (ALB)：** ALB 能夠直接將請求路由到 AWS Lambda 函數作為目標群組。這完美符合將請求導向已遷移的 Lambda 應用程式的需求。
3.  **CloudFront Functions：** 這是此解決方案的關鍵組件。CloudFront Functions 是一種輕量級、低延遲的 JavaScript 函數，可以在 CloudFront 邊緣節點執行。它們非常適合用於簡單的 HTTP 標頭操作、URL 重寫/重定向等任務。
    *   **如何滿足需求：** CloudFront Functions 可以在「檢視者回應 (viewer response)」事件中執行。它能夠存取原始請求的標頭（包括 `User-Agent`），並根據 `User-Agent` 的值來判斷是否為舊型裝置。然後，它可以在將回應傳送給使用者之前，從回應中移除有問題的 HTTP 標頭。這種在邊緣進行條件式標頭修改的能力，以極低的延遲和成本，完美地解決了支援舊型裝置的問題。

**其他選項不正確的原因：**

**選項 B 詳解：**
*   **Amazon API Gateway REST API：** 雖然 API Gateway 可以呼叫 Lambda 函數，但其「修改預設的閘道回應 (default gateway responses)」功能是用於處理 API Gateway 自身產生的錯誤回應（例如 4xx 或 5xx 錯誤），而不是用於修改來自後端 Lambda 函數的「成功」回應。它無法根據 `User-Agent` 標頭的值，條件式地從成功的後端回應中移除標頭。

**選項 C 詳解：**
*   **Amazon API Gateway HTTP API：** 這是 API Gateway 的一個輕量級選項，可以呼叫 Lambda 函數。然而，其「回應映射範本 (response mapping template)」主要用於轉換回應主體或設定靜態回應標頭。雖然在某些情況下可以嘗試使用複雜的邏輯，但它並非設計用於根據「請求標頭」的值來「條件式地移除」回應中的特定標頭。HTTP API 的映射功能相對簡潔，不適合這種複雜的條件式標頭操作。

**選項 D 詳解：**
*   **Amazon CloudFront 分配 + ALB + Lambda 函數：** 這部分架構與選項 A 相同，是正確的。
*   **Lambda@Edge 函數：** Lambda@Edge 確實可以在 CloudFront 邊緣節點執行，並且能夠檢查 `User-Agent` 標頭並修改回應標頭。它比 CloudFront Functions 更強大，支援 Node.js 和 Python，可以執行更複雜的邏輯，甚至進行網路呼叫。
*   **為何不如 A 理想：** 儘管 Lambda@Edge 可以完成此任務，但對於僅僅移除 HTTP 標頭這樣相對簡單且高頻率的操作，CloudFront Functions 是更優化、更輕量級、成本更低且延遲更低的解決方案。Lambda@Edge 會有冷啟動 (cold start) 的問題，且執行成本通常高於 CloudFront Functions。因此，在有 CloudFront Functions 這個更合適、更高效的無伺服器選項時，Lambda@Edge 雖然可行，但不是最佳答案。

**總結：**
選項 A 提供了一個結合 CloudFront 的邊緣處理能力、ALB 的 Lambda 整合能力，以及 CloudFront Functions 在邊緣進行輕量級、低延遲條件式標頭修改的優勢的解決方案，完美地滿足了所有要求，是最佳的無伺服器遷移方案。"
6,"A retail company needs to provide a series of data files to another company, which is its business partner. These files are
saved in an Amazon S3 bucket under Account A, which belongs to the retail company. The business partner company wants one
of its IAM users, User_DataProcessor, to access the files from its own AWS account (Account B).
Which combination of steps must the companies take so that User_DataProcessor can access the S3 bucket successfully?
(Choose two.)","A. Turn on the cross-origin resource sharing (CORS) feature for the S3 bucket in Account A.
B. In Account A, set the S3 bucket policy to the following:
C. In Account A, set the S3 bucket policy to the following:
D. In Account B, set the permissions of User_DataProcessor to the following:
E. In Account B, set the permissions of User_DataProcessor to the following:","This question requires setting up S3 access across AWS accounts. In order for an IAM entity in one AWS account (such as `User_DataProcessor` in Account B) to access resources (S3 buckets) in another AWS account (Account A), two conditions must be met:
1. **The resource owner (Account A) must grant permission**: to allow access from Account B via the S3 bucket policy.
2. **Identity owner (Account B) must grant permission**: attached to `User_DataProcessor` via IAM policy, allowing it to perform S3 operations.

This is often referred to as the ""dual-policy rule."" The question asked to choose two steps, which means we need a correct bucket policy (from account A) and a correct IAM policy (from account B).

**Correct answer: C**

**Why C is correct (and why it, together with D, makes up the complete solution):**

* **C. In Account A, set the S3 bucket policy to the following: **
    ```json
    {
      ""Version"": ""2012-10-17"",
      ""Statement"": [
        {
          ""Effect"": ""Allow"",
          ""Principal"": {
            ""AWS"": ""arn:aws:iam::AccountB_ID:root""
          },
          ""Action"": [
            ""s3:GetObject""
          ],
          ""Resource"": [
            ""arn:aws:s3:::your-bucket-name/*""
          ]
        }
      ]
    }
    ```
    This bucket policy is the correct and common way to set up cross-account access. It is configured on account A's S3 bucket to explicitly allow the root user of account B to perform the `s3:GetObject` operation and access all objects in the `your-bucket-name` bucket. By setting the `Principal` to `arn:aws:iam::AccountB_ID:root`, Account A actually delegates trust to the entire Account B. This means that any IAM entity (user or role) in Account B can access this S3 bucket as long as its own IAM policy also allows access. This is a flexible way to establish a cross-account trust, allowing Account B to manage which users or roles within it can leverage the trust.

* **D. In Account B, set the permissions of User_DataProcessor to the following: **
    ```json
    {
      ""Version"": ""2012-10-17"",
      ""Statement"": [
        {
          ""Effect"": ""Allow"",
          ""Action"": [
            ""s3:GetObject""
          ],
          ""Resource"": [
            ""arn:aws:s3:::your-bucket-name/*""
          ]
        }
      ]
    }
    ```
    This IAM policy should be attached to the `User_DataProcessor` user in Account B. It explicitly allows `User_DataProcessor` to perform the `s3:GetObject` operation to access the S3 resource specified by `arn:aws:s3:::your-bucket-name/*`. When this policy is combined with option C's bucket policy, permissions are in place on both sides: Account A's bucket policy allows account B's entity to access, and account B's `User_DataProcessor` is granted permission to perform the operation. This is a best practice following the principle of least privilege because it only grants access to a specific bucket.

Therefore, options C and D together constitute the correct and safe combination of steps for `User_DataProcessor` to successfully access an S3 bucket.

**Why the other options are incorrect:**

* **A. In Account A, turn on Cross-Origin Resource Sharing (CORS) for the S3 bucket. **
    * CORS is a security mechanism used to allow web applications to load resources from different domains. It primarily handles HTTP requests made by the browser and has nothing to do with programmatic cross-account access by IAM users through the AWS SDK or CLI. Therefore, turning on CORS will not help solve this problem.

* **B. In Account A, set the S3 bucket policy to the following: **
    * This bucket policy itself is valid, granting access directly to `User_DataProcessor`. However, Option C establishes the trust by granting it to Account B's root user, which provides greater flexibility and allows Account B to internally manage which entities can leverage this trust. In a multiple-choice question, if C is marked as the correct answer, then B is not the expected answer. Additionally, a bucket can only have one active bucket policy, so both B and C cannot be selected at the same time.

* **E. In Account B, set the permissions of User_DataProcessor to the following: **
    * This IAM policy will allow `User_DataProcessor` to access *all* objects in the S3 bucket (`""Resource"": [""*""]`). Although it does allow `User_DataProcessor` to access the target storage when combined with the bucket policy of option C.",C,C (63% community votes),"零售公司需要向其業務夥伴公司提供一系列資料檔案。這些檔案儲存在零售公司所屬的 AWS 帳戶 A 中的 Amazon S3 儲存桶內。業務夥伴公司希望其 IAM 使用者 User_DataProcessor 能夠從其自己的 AWS 帳戶（帳戶 B）存取這些檔案。
兩家公司必須採取哪些步驟組合，才能讓 User_DataProcessor 成功存取 S3 儲存桶？（請選擇兩項。）","A. 在帳戶 A 中，為 S3 儲存桶開啟跨來源資源共享 (CORS) 功能。
B. 在帳戶 A 中，將 S3 儲存桶政策設定為以下內容：
```json
{
  ""Version"": ""2012-10-17"",
  ""Statement"": [
    {
      ""Effect"": ""Allow"",
      ""Principal"": {
        ""AWS"": ""arn:aws:iam::AccountB_ID:user/User_DataProcessor""
      },
      ""Action"": [
        ""s3:GetObject""
      ],
      ""Resource"": [
        ""arn:aws:s3:::your-bucket-name/*""
      ]
    }
  ]
}
```
C. 在帳戶 A 中，將 S3 儲存桶政策設定為以下內容：
```json
{
  ""Version"": ""2012-10-17"",
  ""Statement"": [
    {
      ""Effect"": ""Allow"",
      ""Principal"": {
        ""AWS"": ""arn:aws:iam::AccountB_ID:root""
      },
      ""Action"": [
        ""s3:GetObject""
      ],
      ""Resource"": [
        ""arn:aws:s3:::your-bucket-name/*""
      ]
    }
  ]
}
```
D. 在帳戶 B 中，將 User_DataProcessor 的權限設定為以下內容：
```json
{
  ""Version"": ""2012-10-17"",
  ""Statement"": [
    {
      ""Effect"": ""Allow"",
      ""Action"": [
        ""s3:GetObject""
      ],
      ""Resource"": [
        ""arn:aws:s3:::your-bucket-name/*""
      ]
    }
  ]
}
```
E. 在帳戶 B 中，將 User_DataProcessor 的權限設定為以下內容：
```json
{
  ""Version"": ""2012-10-17"",
  ""Statement"": [
    {
      ""Effect"": ""Allow"",
      ""Action"": [
        ""s3:GetObject""
      ],
      ""Resource"": [
        ""*""
      ]
    }
  ]
}
```","此題目要求設定跨 AWS 帳戶的 S3 存取。為了讓一個 AWS 帳戶中的 IAM 實體（例如帳戶 B 中的 `User_DataProcessor`）能夠存取另一個 AWS 帳戶（帳戶 A）中的資源（S3 儲存桶），必須同時滿足兩個條件：
1.  **資源擁有者（帳戶 A）必須授予權限**：透過 S3 儲存桶政策來允許來自帳戶 B 的存取。
2.  **身分擁有者（帳戶 B）必須授予權限**：透過 IAM 政策附加到 `User_DataProcessor`，允許其執行 S3 操作。

這通常被稱為「雙政策規則」。題目要求選擇兩項步驟，這意味著我們需要一個正確的儲存桶政策（來自帳戶 A）和一個正確的 IAM 政策（來自帳戶 B）。

**正確答案：C**

**為什麼 C 是正確的 (以及它與 D 共同構成完整解決方案)：**

*   **C. 在帳戶 A 中，將 S3 儲存桶政策設定為以下內容：**
    ```json
    {
      ""Version"": ""2012-10-17"",
      ""Statement"": [
        {
          ""Effect"": ""Allow"",
          ""Principal"": {
            ""AWS"": ""arn:aws:iam::AccountB_ID:root""
          },
          ""Action"": [
            ""s3:GetObject""
          ],
          ""Resource"": [
            ""arn:aws:s3:::your-bucket-name/*""
          ]
        }
      ]
    }
    ```
    這個儲存桶政策是正確且常見的跨帳戶存取設定方式。它在帳戶 A 的 S3 儲存桶上設定，明確允許帳戶 B 的根使用者 (root user) 執行 `s3:GetObject` 操作，存取 `your-bucket-name` 儲存桶中的所有物件。透過將 `Principal` 設定為 `arn:aws:iam::AccountB_ID:root`，帳戶 A 實際上是將信任委託給整個帳戶 B。這表示帳戶 B 中的任何 IAM 實體（使用者或角色），只要其自身的 IAM 政策也允許存取，就可以存取此 S3 儲存桶。這是建立跨帳戶信任的靈活方式，讓帳戶 B 可以自行管理其內部哪些使用者或角色可以利用此信任。

*   **D. 在帳戶 B 中，將 User_DataProcessor 的權限設定為以下內容：**
    ```json
    {
      ""Version"": ""2012-10-17"",
      ""Statement"": [
        {
          ""Effect"": ""Allow"",
          ""Action"": [
            ""s3:GetObject""
          ],
          ""Resource"": [
            ""arn:aws:s3:::your-bucket-name/*""
          ]
        }
      ]
    }
    ```
    此 IAM 政策應附加到帳戶 B 中的 `User_DataProcessor` 使用者。它明確允許 `User_DataProcessor` 執行 `s3:GetObject` 操作，存取 `arn:aws:s3:::your-bucket-name/*` 指定的 S3 資源。當這個政策與選項 C 的儲存桶政策結合時，兩邊的權限都已到位：帳戶 A 的儲存桶政策允許帳戶 B 的實體存取，而帳戶 B 的 `User_DataProcessor` 則被授予了執行該操作的權限。這是遵循最小權限原則的最佳實踐，因為它只授予了存取特定儲存桶的權限。

因此，選項 C 和 D 共同構成了讓 `User_DataProcessor` 成功存取 S3 儲存桶的正確且安全的步驟組合。

**其他選項為何不正確：**

*   **A. 在帳戶 A 中，為 S3 儲存桶開啟跨來源資源共享 (CORS) 功能。**
    *   CORS 是用於允許網頁應用程式從不同網域載入資源的安全機制。它主要處理瀏覽器發出的 HTTP 請求，與 IAM 使用者透過 AWS SDK 或 CLI 進行的程式化跨帳戶存取無關。因此，開啟 CORS 對於解決此問題沒有幫助。

*   **B. 在帳戶 A 中，將 S3 儲存桶政策設定為以下內容：**
    *   這個儲存桶政策本身是有效的，它直接授予 `User_DataProcessor` 存取權限。然而，與選項 C 相比，選項 C 透過授予帳戶 B 的根使用者來建立信任，這提供更大的彈性，允許帳戶 B 內部自行管理哪些實體可以利用此信任。在多選題中，如果 C 是被標示為正確答案，則 B 就不是預期的答案。此外，一個儲存桶只能有一個有效的儲存桶政策，因此不能同時選擇 B 和 C。

*   **E. 在帳戶 B 中，將 User_DataProcessor 的權限設定為以下內容：**
    *   這個 IAM 政策會允許 `User_DataProcessor` 存取 *所有* S3 儲存桶中的物件 (`""Resource"": [""*""]`)。雖然它與選項 C 的儲存桶政策結合時，確實能讓 `User_DataProcessor` 存取目標儲"
7,"A company is running a traditional web application on Amazon EC2 instances. The company needs to refactor the application
as microservices that run on containers. Separate versions of the application exist in two distinct environments: production and
testing. Load for the application is variable, but the minimum load and the maximum load are known. A solutions architect
needs to design the updated application with a serverless architecture that minimizes operational complexity.
Which solution will meet these requirements MOST cost-effectively?","A. Upload the container images to AWS Lambda as functions. Configure a concurrency limit for the associated Lambda
functions to handle the expected peak load. Configure two separate Lambda integrations within Amazon API Gateway: one
for production and one for testing.
B. Upload the container images to Amazon Elastic Container Registry (Amazon ECR). Configure two auto scaled Amazon
Elastic Container Service (Amazon ECS) clusters with the Fargate launch type to handle the expected load. Deploy tasks
from the ECR images. Configure two separate Application Load Balancers to direct traffic to the ECS clusters.
C. Upload the container images to Amazon Elastic Container Registry (Amazon ECR). Configure two auto scaled Amazon
Elastic Kubernetes Service (Amazon EKS) clusters with the Fargate launch type to handle the expected load. Deploy tasks
from the ECR images. Configure two separate Application Load Balancers to direct traffic to the EKS clusters.
D. Upload the container images to AWS Elastic Beanstalk. In Elastic Beanstalk, create separate environments and
deployments for production and testing. Configure two separate Application Load Balancers to direct traffic to the Elastic
Beanstalk deployments.","This question requires the design of a solution that restructures traditional network applications into microservices. The following key conditions must be met:
1. **Containerized Microservices:** Applications will run as containers.
2. **Dual environment:** Need to support two independent environments: production and testing.
3. **Variable Load:** The application load is variable, but the minimum and maximum loads are known.
4. **Serverless Architecture:** Solution must be serverless",B,B (82% community votes),一家公司正在 Amazon EC2 執行個體上執行傳統網路應用程式。該公司需要將應用程式重構成以容器執行的微服務。應用程式的獨立版本存在於兩個不同的環境中：生產和測試。應用程式的負載是可變的，但已知最小負載和最大負載。解決方案架構師需要設計一個更新後的應用程式，採用無伺服器架構，以最大程度地降低營運複雜性。哪種解決方案能以最具成本效益的方式滿足這些要求？,"A. 將容器映像檔上傳到 AWS Lambda 作為函式。為相關的 Lambda 函式設定並行限制以處理預期的尖峰負載。在 Amazon API Gateway 中設定兩個獨立的 Lambda 整合：一個用於生產，一個用於測試。
B. 將容器映像檔上傳到 Amazon Elastic Container Registry (Amazon ECR)。設定兩個使用 Fargate 啟動類型的自動擴展 Amazon Elastic Container Service (Amazon ECS) 叢集以處理預期的負載。從 ECR 映像檔部署任務。設定兩個獨立的 Application Load Balancer 以將流量導向 ECS 叢集。
C. 將容器映像檔上傳到 Amazon Elastic Container Registry (Amazon ECR)。設定兩個使用 Fargate 啟動類型的自動擴展 Amazon Elastic Kubernetes Service (Amazon EKS) 叢集以處理預期的負載。從 ECR 映像檔部署任務。設定兩個獨立的 Application Load Balancer 以將流量導向 EKS 叢集。
D. 將容器映像檔上傳到 AWS Elastic Beanstalk。在 Elastic Beanstalk 中，為生產和測試建立獨立的環境和部署。設定兩個獨立的 Application Load Balancer 以將流量導向 Elastic Beanstalk 部署。","本題要求設計一個將傳統網路應用程式重構成微服務的解決方案，需滿足以下關鍵條件：
1.  **容器化微服務：** 應用程式將以容器形式運行。
2.  **雙環境：** 需支援生產和測試兩個獨立環境。
3.  **可變負載：** 應用程式負載可變，但已知最小和最大負載。
4.  **無伺服器架構：** 解決方案必須採用無伺服器"
8,"A company has a multi-tier web application that runs on a fleet of Amazon EC2 instances behind an Application Load Balancer
(ALB). The instances are in an Auto Scaling group. The ALB and the Auto Scaling group are replicated in a backup AWS Region.
The minimum value and the maximum value for the Auto Scaling group are set to zero. An Amazon RDS Multi-AZ DB instance
stores the application’s data. The DB instance has a read replica in the backup Region. The application presents an endpoint to
end users by using an Amazon Route 53 record.
The company needs to reduce its RTO to less than 15 minutes by giving the application the ability to automatically fail over to
the backup Region. The company does not have a large enough budget for an active-active strategy.
What should a solutions architect recommend to meet these requirements?","A. Reconfigure the application’s Route 53 record with a latency-based routing policy that load balances traffic between the
two ALBs. Create an AWS Lambda function in the backup Region to promote the read replica and modify the Auto Scaling
group values. Create an Amazon CloudWatch alarm that is based on the HTTPCode_Target_5XX_Count metric for the ALB in
the primary Region. Configure the CloudWatch alarm to invoke the Lambda function.
B. Create an AWS Lambda function in the backup Region to promote the read replica and modify the Auto Scaling group
values. Configure Route 53 with a health check that monitors the web application and sends an Amazon Simple
Notification Service (Amazon SNS) notification to the Lambda function when the health check status is unhealthy. Update
the application’s Route 53 record with a failover policy that routes traffic to the ALB in the backup Region when a health
check failure occurs.
C. Configure the Auto Scaling group in the backup Region to have the same values as the Auto Scaling group in the primary
Region. Reconfigure the application’s Route 53 record with a latency-based routing policy that load balances traffic
between the two ALBs. Remove the read replica. Replace the read replica with a standalone RDS DB instance. Configure
Cross-Region Replication between the RDS DB instances by using snapshots and Amazon S3.
D. Configure an endpoint in AWS Global Accelerator with the two ALBs as equal weighted targets. Create an AWS Lambda
function in the backup Region to promote the read replica and modify the Auto Scaling group values. Create an Amazon
CloudWatch alarm that is based on the HTTPCode_Target_5XX_Count metric for the ALB in the primary Region. Configure
the CloudWatch alarm to invoke the Lambda function.","This question requires designing a solution that enables automatic failover to a backup region, reducing RTO to less than 15 minutes, and the budget does not allow for an active-active strategy. The current architecture is that the primary region runs the application, and the backup region is in a cold or warm backup state: the backup region's Auto Scaling group min/max is zero (meaning no individual runs are executed), and the RDS only has read replicas. This is a typical ""pilot light"" or ""warm standby"" disaster recovery strategy.

**Correct answer: B**

* **Explanation of option B:**
    1. **Build an AWS Lambda function in the backup region that promoted the read replica and modified the value of the Auto Scaling group:** This is the core recovery logic of the failover. When the primary region fails, the RDS read replica of the backup region needs to be promoted to the primary repository, and the Auto Scaling group min/max values ​​need to be adjusted from zero to appropriate operating values ​​to spin up EC2 instances to handle the traffic. Lambda functions are ideal for performing these automated actions.
    2. **Configure Route 53 with health checks that monitor your web application and send Amazon Simple Notification Service (Amazon SNS) notifications to your Lambda function when the health check status is unhealthy:** Route 53 health checks can monitor application availability from multiple locations around the world. When a health check fails, it triggers an event. By integrating this event with SNS, notifications can be sent to the Lambda function to initiate the recovery process of the backup region.
    3. **Update your application's Route 53 records with a failover policy to route traffic to the backup region's ALB if a health check fails:** Route 53's failover routing policy is key to automated active-passive failover. When the primary zone's health check fails, Route 53 automatically directs DNS query results to the backup zone's ALB, thereby directing traffic to the backup application. This fits perfectly with the requirement of RTO < 15 minutes and automatic failover, while also meeting the budget constraints of not using an active-active strategy.

**Reason why other options are incorrect:**

* **A option:**
    * **""Load balance traffic between two ALBs using a delay-based routing policy"": ** A delay-based routing policy is typically used in active-active architectures, which routes traffic to the area with the lowest latency. This contradicts the restriction in the title that ""there is not enough budget to implement an active-active strategy"". Additionally, if the backup region's Auto Scaling group remains at zero and the RDS read replicas are not promoted, routing traffic to the backup region will cause service interruption.
    * **""Build an Amazon CloudWatch alarm based on the HTTPCode_Target_5XX_Count metric of the primary region ALB"": ** While CloudWatch alarms can serve as a failure detection mechanism, Route 53's health checks are more suitable for monitoring the overall availability of the application from an external perspective, and integrate directly with Route 53's failover routing policy to provide more direct failover control.

* **C option:**
    * **""Configure the backup region's Auto Scaling group to have the same value as the primary region's Auto Scaling group"": ** This will keep the backup region's EC2 instances running at all times, increasing costs and possibly exceeding the ""not enough budget"" limit, making it closer to a warm or hot backup than a boot light mode.
    * **""Load balance traffic between two ALBs using a delay-based routing policy"": ** Same as option A, this conflicts with the budget constraints of not using an active-active policy.
    * **""Remove the read replica. Replace the read replica with a separate RDS database execution instance. Use snapshots and Amazon S3 to configure the RDS database to perform cross-region replication between instances"": ** RDS read replicas are a standard and efficient way to achieve disaster recovery for cross-region databases and can be quickly promoted to the primary database. Using snapshots and S3 for cross-region replication is generally more suitable for non-RDS repositories or longer RTO scenarios, for RDS it is a more complex and less efficient solution that does not meet the RTO < 15 minutes requirement.

* **D option:**
    * **""Configuring an endpoint in AWS Global Accelerator with two ALBs as equally weighted targets"": ** Global Accelerator is designed to improve performance for global users and provide failover, but having two ALBs as ""equally weighted targets"" often means active-active traffic distribution, which goes against budget constraints. While Global Accelerator can be configured for failover, its primary benefit is global performance optimization, and for scenarios where only inter-region failover is required and budget is limited, Route 53's failover strategy is generally more cost-effective and straightforward.
    * **""Build an Amazon CloudWatch alarm based on the HTTPCode_Target_5XX_Count metric of the primary region ALB"": ** As with option A, CloudWatch alarms can serve as a detection mechanism, but integration of Route 53 health checks with its failover strategy is more straightforward and recommended.

To summarize, Option B provides a comprehensive and cost-effective solution that meets all requirements (RTO < 15 minutes, automatic failover, non-active-active strategy). It leverages Route 53's health checks and failover routing policies to handle traffic redirection, and uses Lambda functions to automate resource startup and repository promotion for backup regions.",B,B (100% community votes),"一家公司有一個多層級的網路應用程式，運行在一組位於應用程式負載平衡器 (ALB) 後方的 Amazon EC2 執行個體上。這些執行個體位於一個 Auto Scaling 群組中。ALB 和 Auto Scaling 群組已在備份 AWS 區域中複製。備份區域的 Auto Scaling 群組的最小和最大值都設定為零。一個 Amazon RDS Multi-AZ 資料庫執行個體儲存應用程式的資料。該資料庫執行個體在備份區域有一個讀取複本。應用程式透過 Amazon Route 53 記錄向終端使用者提供一個端點。
該公司需要透過讓應用程式能夠自動故障轉移到備份區域，將其 RTO (復原時間目標) 降低到 15 分鐘以下。該公司沒有足夠的預算實施主動-主動 (active-active) 策略。
解決方案架構師應推薦什麼來滿足這些要求？",A. 重新配置應用程式的 Route 53 記錄，使用基於延遲的路由策略，在兩個 ALB 之間負載平衡流量。在備份區域建立一個 AWS Lambda 函數，用於提升讀取複本,"本題要求設計一個解決方案，以實現自動故障轉移到備份區域，將 RTO 降低到 15 分鐘以下，並且預算不允許採用主動-主動 (active-active) 策略。目前的架構是主區域運行應用程式，備份區域則為冷備份或暖備份狀態：備份區域的 Auto Scaling 群組最小/最大值為零（表示沒有執行個體運行），且 RDS 只有讀取複本。這是一個典型的「引導燈 (pilot light)」或「暖備份 (warm standby)」災難復原策略。

**正確答案：B**

*   **B 選項的解釋：**
    1.  **在備份區域建立一個 AWS Lambda 函數，用於提升讀取複本並修改 Auto Scaling 群組的值：** 這是故障轉移的核心恢復邏輯。當主區域發生故障時，備份區域的 RDS 讀取複本需要被提升為主資料庫，並且 Auto Scaling 群組的最小/最大值需要從零調整為適當的運行值，以啟動 EC2 執行個體來處理流量。Lambda 函數是執行這些自動化操作的理想工具。
    2.  **配置 Route 53 帶有監控網路應用程式的健康檢查，並在健康檢查狀態不健康時向 Lambda 函數發送 Amazon Simple Notification Service (Amazon SNS) 通知：** Route 53 健康檢查可以從全球多個地點監控應用程式的可用性。當健康檢查失敗時，它會觸發一個事件。透過將此事件與 SNS 整合，可以將通知發送給 Lambda 函數，從而啟動備份區域的恢復流程。
    3.  **使用故障轉移策略更新應用程式的 Route 53 記錄，以便在健康檢查失敗時將流量路由到備份區域的 ALB：** Route 53 的故障轉移路由策略是實現自動化主動-被動 (active-passive) 故障轉移的關鍵。當主要區域的健康檢查失敗時，Route 53 會自動將 DNS 查詢結果指向備份區域的 ALB，從而將流量導向備份應用程式。這與 RTO < 15 分鐘和自動故障轉移的要求完美契合，同時也符合不採用主動-主動策略的預算限制。

**其他選項不正確的原因：**

*   **A 選項：**
    *   **「使用基於延遲的路由策略，在兩個 ALB 之間負載平衡流量」：** 基於延遲的路由策略通常用於主動-主動架構，它會將流量路由到延遲最低的區域。這與題目中「沒有足夠的預算實施主動-主動策略」的限制相矛盾。此外，如果備份區域的 Auto Scaling 群組仍為零且 RDS 讀取複本未提升，將流量路由到備份區域會導致服務中斷。
    *   **「建立一個基於主要區域 ALB 的 HTTPCode_Target_5XX_Count 指標的 Amazon CloudWatch 警報」：** 雖然 CloudWatch 警報可以作為故障檢測機制，但 Route 53 的健康檢查更適合從外部視角監控應用程式的整體可用性，並直接與 Route 53 的故障轉移路由策略整合，提供更直接的故障轉移控制。

*   **C 選項：**
    *   **「配置備份區域的 Auto Scaling 群組，使其具有與主要區域 Auto Scaling 群組相同的值」：** 這會使備份區域的 EC2 執行個體始終運行，增加了成本，可能超出「沒有足夠預算」的限制，使其更接近暖備份或熱備份，而不是引導燈模式。
    *   **「使用基於延遲的路由策略，在兩個 ALB 之間負載平衡流量」：** 同 A 選項，這與不採用主動-主動策略的預算限制相矛盾。
    *   **「移除讀取複本。用一個獨立的 RDS 資料庫執行個體替換讀取複本。使用快照和 Amazon S3 配置"
9,"A company is hosting a critical application on a single Amazon EC2 instance. The application uses an Amazon ElastiCache for
Redis single-node cluster for an in-memory data store. The application uses an Amazon RDS for MariaDB DB instance for a
relational database. For the application to function, each piece of the infrastructure must be healthy and must be in an active
state.
A solutions architect needs to improve the application's architecture so that the infrastructure can automatically recover from
failure with the least possible downtime.
Which combination of steps will meet these requirements? (Choose three.)","A. Use an Elastic Load Balancer to distribute traffic across multiple EC2 instances. Ensure that the EC2 instances are part
of an Auto Scaling group that has a minimum capacity of two instances.
B. Use an Elastic Load Balancer to distribute traffic across multiple EC2 instances. Ensure that the EC2 instances are
configured in unlimited mode.
C. Modify the DB instance to create a read replica in the same Availability Zone. Promote the read replica to be the primary
DB instance in failure scenarios.
D. Modify the DB instance to create a Multi-AZ deployment that extends across two Availability Zones.
E. Create a replication group for the ElastiCache for Redis cluster. Configure the cluster to use an Auto Scaling group that
has a minimum capacity of two instances.
F. Create a replication group for the ElastiCache for Redis cluster. Enable Multi-AZ on the cluster.","This question aims to improve application architecture so that it can automatically recover from failures with minimal downtime. This requires implementing High Availability (HA) and automatic failover mechanisms for the three core components of the application (EC2, ElastiCache for Redis, and RDS for MariaDB). The question asked for three choices, but the correct answer based on the provided answer was AD. As an AWS Certified Professional, I'll explain why options A and D are correct, and why the other options don't qualify.

**Correct option analysis:**

* **A. Use an Elastic Load Balancer to distribute traffic to multiple EC2 instances. Ensure that the EC2 instances are part of an Auto Scaling group with a minimum capacity of",AD,AD (PDF answer),一家公司在單一 Amazon EC2 執行個體上託管一個關鍵應用程式。該應用程式使用 Amazon ElastiCache for Redis 單節點叢集作為記憶體內資料儲存，並使用 Amazon RDS for MariaDB 資料庫執行個體作為關聯式資料庫。為了讓應用程式正常運作，基礎設施的每個部分都必須是健康的且處於活動狀態。一位解決方案架構師需要改進應用程式的架構，使基礎設施能夠在最短的停機時間內自動從故障中恢復。哪些步驟組合可以滿足這些要求？(請選擇三項。),"A. 使用彈性負載平衡器 (Elastic Load Balancer) 將流量分佈到多個 EC2 執行個體。確保 EC2 執行個體是自動擴展群組 (Auto Scaling group) 的一部分，且最小容量為兩個執行個體。
B. 使用彈性負載平衡器 (Elastic Load Balancer) 將流量分佈到多個 EC2 執行個體。確保 EC2 執行個體配置為無限模式 (unlimited mode)。
C. 修改資料庫執行個體，在相同的可用區域 (Availability Zone) 中建立一個讀取複本。在故障情況下，將讀取複本提升為主要資料庫執行個體。
D. 修改資料庫執行個體，建立一個跨越兩個可用區域 (Availability Zone) 的多可用區域 (Multi-AZ) 部署。
E. 為 ElastiCache for Redis 叢集建立一個複寫群組 (replication group)。將叢集配置為使用最小容量為兩個執行個體的自動擴展群組 (Auto Scaling group)。
F. 為 ElastiCache for Redis 叢集建立一個複寫群組 (replication group)。在叢集上啟用多可用區域 (Multi-AZ)。","本題旨在改進應用程式架構，使其能夠在最短的停機時間內自動從故障中恢復。這要求對應用程式的三個核心元件 (EC2、ElastiCache for Redis、RDS for MariaDB) 實施高可用性 (High Availability, HA) 和自動故障恢復機制。題目要求選擇三項，但根據提供的正確答案為 AD。作為 AWS 認證專家，我將解釋選項 A 和 D 為何正確，以及其他選項為何不符合要求。

**正確選項解析：**

*   **A. 使用彈性負載平衡器 (Elastic Load Balancer) 將流量分佈到多個 EC2 執行個體。確保 EC2 執行個體是自動擴展群組 (Auto Scaling group) 的一部分，且最小容量為"
10,"A retail company is operating its ecommerce application on AWS. The application runs on Amazon EC2 instances behind an
Application Load Balancer (ALB). The company uses an Amazon RDS DB instance as the database backend. Amazon
CloudFront is configured with one origin that points to the ALB. Static content is cached. Amazon Route 53 is used to host all
public zones.
After an update of the application, the ALB occasionally returns a 502 status code (Bad Gateway) error. The root cause is
malformed HTTP headers that are returned to the ALB. The webpage returns successfully when a solutions architect reloads
the webpage immediately after the error occurs.
While the company is working on the problem, the solutions architect needs to provide a custom error page instead of the
standard ALB error page to visitors.
Which combination of steps will meet this requirement with the LEAST amount of operational overhead? (Choose two.)","A. Create an Amazon S3 bucket. Configure the S3 bucket to host a static webpage. Upload the custom error pages to
Amazon S3.
B. Create an Amazon CloudWatch alarm to invoke an AWS Lambda function if the ALB health check response
Target.FailedHealthChecks is greater than 0. Configure the Lambda function to modify the forwarding rule at the ALB to
point to a publicly accessible web server.
C. Modify the existing Amazon Route 53 records by adding health checks. Configure a fallback target if the health check
fails. Modify DNS records to point to a publicly accessible webpage.
D. Create an Amazon CloudWatch alarm to invoke an AWS Lambda function if the ALB health check response
Elb.InternalError is greater than 0. Configure the Lambda function to modify the forwarding rule at the ALB to point to a
public accessible web server.
E. Add a custom error response by configuring a CloudFront custom error page. Modify DNS records to point to a publicly
accessible web page.","The goal of this question is to display a custom error page to visitors when ALB occasionally returns a 502 error, with the lowest operational burden. In the application architecture, CloudFront sits in front of the ALB.

**Correct option analysis:**

* **A. Create an Amazon S3 bucket. Configure the S3 bucket to host static web pages. Upload custom error pages to Amazon S3. **
    * **Why:** Amazon S3 static website hosting is the most cost-effective, reliable, and least operational way to store and serve static content, including custom error pages. It's highly available, scalable, and requires little administration. This is standard practice for providing custom error page content.
    * **Operating Burden:** Extremely low. Just create the bucket, enable static website hosting and upload the files.

* **E. Add a custom error response by configuring a CloudFront custom error page. Modify the DNS record to point to a publicly available web page. **
    * **Reason:** Since CloudFront is already in front of the ALB, it is the first touchpoint for consumer requests. CloudFront has a built-in ""custom error page"" feature that can be configured for specific HTTP status codes (such as 502). When CloudFront receives an error from its source (ALB in this case), it can be configured to serve a custom error page from another source (such as an S3 bucket, as described in Option A). This is a native CloudFront feature that requires simple configuration once the S3 bucket is set up. It directly solves the need to display custom error pages to visitors with minimal operational overhead. The ""Modify DNS records to point to a publicly available web page"" part of the option, when combined with option A, can be understood as using the endpoint of the S3 static website hosting as the source of CloudFront's custom error page, or ensuring that CloudFront itself is reachable through DNS.
    * **Operating Burden:** Low. Simply configure the error response in your CloudFront distribution to point to the error page in your S3 bucket.

**Why AE Combination is the Best Choice:**
Option A provides the content of a custom error page, while Option E leverages the existing CloudFront service to intercept 502 errors from the ALB and serve the custom page. Together, these two steps leverage the native capabilities of AWS services without introducing new complex infrastructure or code (such as Lambda functions), thus achieving minimal operational burden.

**Incorrect option analysis:**

* **B. Set up an Amazon CloudWatch alarm that calls an AWS Lambda function if the ALB health check response Target.FailedHealthChecks is greater than 0. Configure the Lambda function to modify the forwarding rules on the ALB to point to a publicly available web server. **
    * **Reason:**
        1. **High operational burden:** Requires setting up CloudWatch alarms, developing and maintaining Lambda functions, managing permissions for Lambda functions, and dealing with the complexity of dynamically modifying ALB rules.
        2. **Not applicable to this problem:** The 502 error described in the problem occurs ""occasionally"" and ""succeeds after immediately reloading the page."" This suggests that the backend target may not be failing health checks consistently, or that the problem lies in the format of the HTTP headers returned by the application rather than the target itself being unavailable. `Target.FailedHealthChecks` is mainly used for the health status of the target instance.
        3. **Overcomplexity:** Dynamically modifying ALB forwarding rules just to display a custom error page is too complex and may introduce new problems.

* **C. Modify existing Amazon Route 53 records and add health checks. If the health check fails, configure a backup target. Modify the DNS record to point to a publicly available web page. **
    * **Reason:**
        1. **Not applicable to this architecture:** The question clearly states that CloudFront is in front of the ALB. Route 53 directs traffic to CloudFront instead of directly to the ALB. Even if Route 53's health check fails, traffic will simply be redirected to another CloudFront distribution or S3 site, but CloudFront will still try to connect to its original origin (ALB).
        2. **DNS Propagation Delay:** DNS level failover involves DNS propagation delay and is not suitable for handling sporadic and short-lived errors.
        3. **Operation Burden:** Compared to CloudFront's built-in error handling, this method has a higher operational burden and is less precise.

* **D. Set up an Amazon CloudWatch alarm and invoke an AWS Lambda function if the ALB health check response Elb.InternalError is greater than 0. Configure the Lambda function to modify the forwarding rules on the ALB to point to a publicly available network server",AE,AE (PDF answer),"一家零售公司正在 AWS 上營運其電子商務應用程式。該應用程式運行在 Application Load Balancer (ALB) 後方的 Amazon EC2 實例上。該公司使用 Amazon RDS 資料庫實例作為資料庫後端。Amazon CloudFront 配置了一個指向 ALB 的來源。靜態內容已快取。Amazon Route 53 用於託管所有公共區域。
應用程式更新後，ALB 偶爾會返回 502 狀態碼（錯誤閘道）錯誤。根本原因是返回給 ALB 的 HTTP 標頭格式不正確。當解決方案架構師在錯誤發生後立即重新載入網頁時，網頁會成功返回。
在公司解決問題的同時，解決方案架構師需要向訪客提供自訂錯誤頁面，而不是標準的 ALB 錯誤頁面。
哪種步驟組合能以最少的操作負擔滿足此要求？（選擇兩項。）","A. 建立一個 Amazon S3 儲存桶。將 S3 儲存桶配置為託管靜態網頁。將自訂錯誤頁面上傳到 Amazon S3。
B. 建立一個 Amazon CloudWatch 警報，如果 ALB 健康檢查回應 Target.FailedHealthChecks 大於 0，則調用一個 AWS Lambda 函數。配置 Lambda 函數以修改 ALB 上的轉發規則，使其指向一個公開可用的網路伺服器。
C. 修改現有的 Amazon Route 53 記錄，新增健康檢查。如果健康檢查失敗，則配置一個備援目標。修改 DNS 記錄以指向一個公開可用的網頁。
D. 建立一個 Amazon CloudWatch 警報，如果 ALB 健康檢查回應 Elb.InternalError 大於 0，則調用一個 AWS Lambda 函數。配置 Lambda 函數以修改 ALB 上的轉發規則，使其指向一個公開可用的網路伺服器。
E. 透過配置 CloudFront 自訂錯誤頁面來新增自訂錯誤回應。修改 DNS 記錄以指向一個公開可用的網頁。","本題的目標是在 ALB 偶爾返回 502 錯誤時，向訪客顯示自訂錯誤頁面，並且要求操作負擔最低。應用程式架構中，CloudFront 位於 ALB 前方。

**正確選項分析：**

*   **A. 建立一個 Amazon S3 儲存桶。將 S3 儲存桶配置為託管靜態網頁。將自訂錯誤頁面上傳到 Amazon S3。**
    *   **原因：** Amazon S3 靜態網站託管是儲存和提供靜態內容（包括自訂錯誤頁面）最經濟、最可靠且操作負擔最低的方式。它具有高可用性、可擴展性，並且幾乎不需要管理。這是提供自訂錯誤頁面內容的標準做法。
    *   **操作負擔：** 極低。只需建立儲存桶、啟用靜態網站託管並上傳檔案。

*   **E. 透過配置 CloudFront 自訂錯誤頁面來新增自訂錯誤回應。修改 DNS 記錄以指向一個公開可用的網頁。**
    *   **原因：** 由於 CloudFront 已經位於 ALB 前方，它是使用者請求的第一個接觸點。CloudFront 具有內建的「自訂錯誤頁面」功能，可以針對特定的 HTTP 狀態碼（例如 502）進行配置。當 CloudFront 從其來源（本例中為 ALB）收到錯誤時，它可以被配置為從另一個來源（例如 S3 儲存桶，如選項 A 所述）提供自訂錯誤頁面。這是一個原生的 CloudFront 功能，一旦 S3 儲存桶設定好，只需進行簡單的配置即可。它直接解決了向訪客顯示自訂錯誤頁面的需求，且操作負擔極低。選項中的「修改 DNS 記錄以指向一個公開可用的網頁」部分，在與選項 A 結合時，可以理解為將 S3 靜態網站託管的端點作為 CloudFront 自訂錯誤頁面的來源，或者確保 CloudFront 本身透過 DNS 可達。
    *   **操作負擔：** 低。只需在 CloudFront 分配中配置錯誤響應，指向 S3 儲存桶中的錯誤頁面。

**為什麼 AE 組合是最佳選擇：**
選項 A 提供了自訂錯誤頁面的內容，而選項 E 則利用現有的 CloudFront 服務來攔截來自 ALB 的 502 錯誤並提供該自訂頁面。這兩個步驟結合起來，利用了 AWS 服務的原生功能，無需引入新的複雜基礎設施或程式碼（如 Lambda 函數），因此實現了最低的操作負擔。

**不正確選項分析：**

*   **B. 建立一個 Amazon CloudWatch 警報，如果 ALB 健康檢查回應 Target.FailedHealthChecks 大於 0，則調用一個 AWS Lambda 函數。配置 Lambda 函數以修改 ALB 上的轉發規則，使其指向一個公開可用的網路伺服器。**
    *   **原因：**
        1.  **操作負擔高：** 需要設定 CloudWatch 警報、開發和維護 Lambda 函數、管理 Lambda 函數的權限，並處理動態修改 ALB 規則的複雜性。
        2.  **不適用於此問題：** 問題描述的 502 錯誤是「偶爾」發生，且「立即重新載入網頁後成功」。這表明後端目標可能並未持續性地健康檢查失敗，或者問題出在應用程式返回的 HTTP 標頭格式，而非目標本身不可用。`Target.FailedHealthChecks` 主要用於目標實例的健康狀態。
        3.  **過度複雜：** 僅為顯示自訂錯誤頁面而動態修改 ALB 轉發規則過於複雜且可能引入新的問題。

*   **C. 修改現有的 Amazon Route 53 記錄，新增健康檢查。如果健康檢查失敗，則配置一個備援目標。修改 DNS 記錄以指向一個公開可用的網頁。**
    *   **原因：**
        1.  **不適用於此架構：** 題目明確指出 CloudFront 位於 ALB 前方。Route 53 會將流量導向 CloudFront，而不是直接導向 ALB。即使 Route 53 的健康檢查失敗，也只會將流量重新導向到另一個 CloudFront 分配或 S3 網站，但 CloudFront 仍會嘗試連接其原始來源（ALB）。
        2.  **DNS 傳播延遲：** DNS 級別的故障轉移會涉及 DNS 傳播延遲，不適合處理偶發且短暫的錯誤。
        3.  **操作負擔：** 相較於 CloudFront 的內建錯誤處理功能，此方法的操作負擔較高，且不夠精確。

*   **D. 建立一個 Amazon CloudWatch 警報，如果 ALB 健康檢查回應 Elb.InternalError 大於 0，則調用一個 AWS Lambda 函數。配置 Lambda 函數以修改 ALB 上的轉發規則，使其指向一個公開可用的網路伺"
11,"A company has many AWS accounts and uses AWS Organizations to manage all of them. A solutions architect must implement
a solution that the company can use to share a common network across multiple accounts.
The company’s infrastructure team has a dedicated infrastructure account that has a VPC. The infrastructure team must use
this account to manage the network. Individual accounts cannot have the ability to manage their own networks. However,
individual accounts must be able to create AWS resources within subnets.
Which combination of actions should the solutions architect perform to meet these requirements? (Choose two.)","A. Create a transit gateway in the infrastructure account.
B. Enable resource sharing from the AWS Organizations management account.
C. Create VPCs in each AWS account within the organization in AWS Organizations. Configure the VPCs to share the same
CIDR range and subnets as the VPC in the infrastructure account. Peer the VPCs in each individual account with the VPC in
the infrastructure account.
D. Create a resource share in AWS Resource Access Manager in the infrastructure account. Select the specific AWS
Organizations OU that will use the shared network. Select each subnet to associate with the resource share.
E. Create a resource share in AWS Resource Access Manager in the infrastructure account. Select the specific AWS
Organizations OU that will use the shared network. Select each prefix list to associate with the resource share.","The correct answer is BD. This scenario requires sharing a network managed by a single account (the infrastructure account) across multiple accounts, while restricting individual accounts from managing their own network, but allowing them to create resources in a shared subnet. This is a typical use case for AWS VPC Sharing, which is implemented through AWS Resource Access Manager (RAM).

Here's why BD is the correct answer, and why the other options are incorrect:

**Correct option analysis:**

* **B. Enable resource pooling from your AWS Organizations management account. **
    * **Correctness:** In order for AWS Resource Access Manager (RAM) to share resources (such as VPC subnets) between accounts within AWS Organizations, the AWS Organizations administrative account must have trusted access enabled for RAM. This is a prerequisite for resource sharing within an organization, ensuring that the RAM service has permission to manage resource sharing on behalf of the organization. Therefore, this is a necessary step in implementing VPC pooling.

* **D. Create a resource share in AWS Resource Access Manager (RAM) in the infrastructure account. Select a specific AWS Organizations organizational unit (OU) that will use the shared network. Select each subnet to associate with the resource share. **
    * **Correctness:** This option describes exactly how to implement VPC pooling to meet all requirements.
        * **""Create a resource share in AWS Resource Access Manager (RAM) in the infrastructure account"":** The infrastructure account is the owner and manager of the network, meeting the requirement ""Infrastructure teams must use this account to manage the network."" RAM is a service for sharing AWS resources across accounts.
        * **""Choose specific AWS Organizations organizational units (OUs) that will use the shared network"": ** RAM allows resources to be shared with the entire organization, a specific organizational unit (OU), or a specific AWS account, which provides flexible sharing control.
        * **""Select each subnetwork to associate with resource sharing"":** This is the core of VPC sharing. By sharing subnets in an infrastructure account, individual accounts can launch resources (such as EC2 instances, RDS databases, etc.) in those subnets without owning or managing the entire VPC. This fits perfectly with ""Individual accounts cannot have the ability to manage their own network",BD,BD (PDF answer),"一家公司擁有多個 AWS 帳戶，並使用 AWS Organizations 來管理所有這些帳戶。一位解決方案架構師必須實作一個解決方案，讓公司能夠在多個帳戶之間共用一個共同的網路。
該公司的基礎設施團隊有一個專用的基礎設施帳戶，其中包含一個 VPC。基礎設施團隊必須使用此帳戶來管理網路。個別帳戶不能擁有管理自己網路的能力。然而，個別帳戶必須能夠在子網","A. 在基礎設施帳戶中建立一個 Transit Gateway。
B. 從 AWS Organizations 管理帳戶啟用資源共用。
C. 在 AWS Organizations 中，於組織內的每個 AWS 帳戶中建立 VPC。將這些 VPC 設定為與基礎設施帳戶中的 VPC 共用相同的 CIDR 範圍和子網路。將每個個別帳戶中的 VPC 與基礎設施帳戶中的 VPC 進行對等連線。
D. 在基礎設施帳戶中的 AWS Resource Access Manager (RAM) 中建立一個資源共用。選擇將使用共用網路的特定 AWS Organizations 組織單位 (OU)。選擇要與資源共用關聯的每個子網路。
E. 在基礎設施帳戶中的 AWS Resource Access Manager (RAM) 中建立一個資源共用。選擇將使用共用網路的特定 AWS Organizations 組織單位 (OU)。選擇要與資源共用關聯的每個字首清單 (prefix list)。","正確答案是 BD。這個情境要求在多個帳戶之間共用一個由單一帳戶（基礎設施帳戶）管理的網路，同時限制個別帳戶管理自己的網路，但允許它們在共用的子網路中建立資源。這正是 AWS VPC 共用 (VPC Sharing) 功能的典型應用場景，該功能透過 AWS Resource Access Manager (RAM) 實現。

以下是為什麼 BD 是正確答案，以及其他選項不正確的原因：

**正確選項解析：**

*   **B. 從 AWS Organizations 管理帳戶啟用資源共用。**
    *   **正確性：** 為了讓 AWS Resource Access Manager (RAM) 能夠在 AWS Organizations 內的帳戶之間共用資源（例如 VPC 子網路），AWS Organizations 的管理帳戶必須啟用 RAM 的信任存取 (trusted access)。這是組織內部資源共用的先決條件，確保 RAM 服務有權限代表組織管理資源共用。因此，這是實作 VPC 共用的一個必要步驟。

*   **D. 在基礎設施帳戶中的 AWS Resource Access Manager (RAM) 中建立一個資源共用。選擇將使用共用網路的特定 AWS Organizations 組織單位 (OU)。選擇要與資源共用關聯的每個子網路。**
    *   **正確性：** 這個選項精確描述了如何實作 VPC 共用以滿足所有要求。
        *   **「在基礎設施帳戶中的 AWS Resource Access Manager (RAM) 中建立一個資源共用」：** 基礎設施帳戶是網路的擁有者和管理者，符合「基礎設施團隊必須使用此帳戶來管理網路」的要求。RAM 是用於跨帳戶共用 AWS 資源的服務。
        *   **「選擇將使用共用網路的特定 AWS Organizations 組織單位 (OU)」：** RAM 允許將資源共用給整個組織、特定的組織單位 (OU) 或特定的 AWS 帳戶，這提供了靈活的共用控制。
        *   **「選擇要與資源共用關聯的每個子網路」：** 這是 VPC 共用的核心。透過共用基礎設施帳戶中的子網路，個別帳戶可以在這些子網路中啟動資源（例如 EC2 實例、RDS 資料庫等），而無需擁有或管理整個 VPC。這完美符合「個別帳戶不能擁有管理自己網路"
12,"A company wants to use a third-party software-as-a-service (SaaS) application. The third-party SaaS application is consumed
through several API calls. The third-party SaaS application also runs on AWS inside a VPC.
The company will consume the third-party SaaS application from inside a VPC. The company has internal security policies that
mandate the use of private connectivity that does not traverse the internet. No resources that run in the company VPC are
allowed to be accessed from outside the company’s VPC. All permissions must conform to the principles of least privilege.
Which solution meets these requirements?","A. Create an AWS PrivateLink interface VPC endpoint. Connect this endpoint to the endpoint service that the third-party
SaaS application provides. Create a security group to limit the access to the endpoint. Associate the security group with
the endpoint.
B. Create an AWS Site-to-Site VPN connection between the third-party SaaS application and the company VPC. Configure
network ACLs to limit access across the VPN tunnels.
C. Create a VPC peering connection between the third-party SaaS application and the company VPUpdate route tables by
adding the needed routes for the peering connection.
D. Create an AWS PrivateLink endpoint service. Ask the third-party SaaS provider to create an interface VPC endpoint for
this endpoint service. Grant permissions for the endpoint service to the specific account of the third-party SaaS provider.","The correct answer is A. The following is a detailed analysis:

**Why option A is correct:**

1. **Meet the ""Private connections without the Internet"" requirement:** AWS PrivateLink allows you to establish private connections between VPCs, between VPCs and AWS services, and between on-premises applications without requiring data traffic to go through the Internet. This directly meets the company's strict requirements for private connections.
2. **Comply with the requirement ""Do not allow access from outside the Company VPC to any resources running in the Company VPC"":** PrivateLink connections are one-way, from the service consumer (the company in this example) to the service provider (the third-party SaaS application). This means that third-party SaaS applications cannot actively initiate access to resources within the company's VPC through PrivateLink connections, thereby protecting the security boundary of the company's VPC.
3. **Comply with the ""principle of least privilege"":**
    * Company-created interface VPC endpoints only allow access to specific endpoint services, not the entire provider's VPC.
    * By configuring security groups for interface VPC endpoints, companies can precisely control which resources within the corporate VPC can access the endpoint, further restricting",A,A (91% community votes),"一家公司希望使用第三方軟體即服務 (SaaS) 應用程式。該第三方 SaaS 應用程式透過多個 API 呼叫來使用。該第三方 SaaS 應用程式也在 AWS 內部的一個 VPC 中運行。
該公司將從其 VPC 內部使用該第三方 SaaS 應用程式。該公司有內部安全政策，要求使用不經過網際網路的私有連線。不允許從公司 VPC 外部存取公司 VPC 中運行的任何資源。所有權限必須符合最小權限原則。
哪種解決方案符合這些要求？","A. 建立一個 AWS PrivateLink 介面 VPC 端點。將此端點連接到第三方 SaaS 應用程式提供的端點服務。建立一個安全群組來限制對該端點的存取。將該安全群組與該端點關聯。
B. 在第三方 SaaS 應用程式和公司 VPC 之間建立一個 AWS Site-to-Site VPN 連線。配置網路 ACL 以限制跨 VPN 隧道的存取。
C. 在第三方 SaaS 應用程式和公司 VPC 之間建立一個 VPC 對等連線。透過為對等連線新增所需路由來更新路由表。
D. 建立一個 AWS PrivateLink 端點服務。要求第三方 SaaS 供應商為此端點服務建立一個介面 VPC 端點。授予端點服務對第三方 SaaS 供應商特定帳戶的權限。","正確答案是 A。以下是詳細的解析：

**為什麼選項 A 是正確的：**

1.  **符合「不經過網際網路的私有連線」要求：** AWS PrivateLink 允許您在 VPC 之間、VPC 與 AWS 服務之間以及本地部署應用程式之間建立私有連線，而無需資料流量經過網際網路。這直接滿足了公司對私有連線的嚴格要求。
2.  **符合「不允許從公司 VPC 外部存取公司 VPC 中運行的任何資源」要求：** PrivateLink 連線是單向的，從服務消費者（本例中的公司）到服務提供者（第三方 SaaS 應用程式）。這意味著第三方 SaaS 應用程式無法透過 PrivateLink 連線主動發起對公司 VPC 內部資源的存取，從而保護了公司 VPC 的安全邊界。
3.  **符合「最小權限原則」：**
    *   公司建立的介面 VPC 端點只允許存取特定的端點服務，而不是整個供應商的 VPC。
    *   透過為介面 VPC 端點配置安全群組，公司可以精確控制哪些公司 VPC 內的資源可以存取該端點，進一步限"
13,"A company needs to implement a patching process for its servers. The on-premises servers and Amazon EC2 instances use a
variety of tools to perform patching. Management requires a single report showing the patch status of all the servers and
instances.
Which set of actions should a solutions architect take to meet these requirements?","A. Use AWS Systems Manager to manage patches on the on-premises servers and EC2 instances. Use Systems Manager to
generate patch compliance reports.
B. Use AWS OpsWorks to manage patches on the on-premises servers and EC2 instances. Use Amazon QuickSight
integration with OpsWorks to generate patch compliance reports.
C. Use an Amazon EventBridge rule to apply patches by scheduling an AWS Systems Manager patch remediation job. Use
Amazon Inspector to generate patch compliance reports.
D. Use AWS OpsWorks to manage patches on the on-premises servers and EC2 instances. Use AWS X-Ray to post the patch
status to AWS Systems Manager OpsCenter to generate patch compliance reports.","This question requires implementing a unified patch for local servers and Amazon EC2 instances and generating a single report showing the patch status of all servers.

* **Option A (correct answer):**
    * **AWS Systems Manager Patch Manager** is a service designed for managing operating system and application patches in hybrid environments, including Amazon EC2 instances and local servers. It implements management by installing SSM Agent on these servers.
    * Patch Manager allows you to define Patch Baselines and automatically scan and apply missing patches.
    * Most importantly, Systems Manager has built-in **Patch Compliance Reports** functionality that provides a unified view of the patch status of all managed execution entities (whether EC2 or local). This fully meets the requirements of ""single report"" and ""all servers and execution entities"" in the title.
    * So this option meets all the requirements perfectly.

* **Option B (incorrect):**
    * **AWS OpsWorks** is primarily a service for configuration management (based on Chef or Puppet) and application deployment, rather than its primary function being general operating system patching and compliance reporting. While it can manage individual executions to some extent, its patching capabilities are typically tied to Chef/Puppet recipes and do not provide native, comprehensive patching compliance reporting.
    * **Amazon QuickSight** is a business intelligence service that can be used for data visualization, but OpsWorks does not natively provide detailed patch compliance data so that QuickSight can be used out of the box without extensive custom integration.
    * This is not the most straightforward or efficient patch management and reporting solution.

* **Option C (incorrect):**
    * Using **Amazon EventBridge rules** to schedule **AWS Systems Manager patch remediation jobs** is indeed an effective way to apply patches.
    * However, **Amazon Inspector** is a vulnerability management service that scans servers for security vulnerabilities and deviations from best practices. It reports potential vulnerabilities, some of which may be related to missing patches, but it does not generate patch ""compliance"" reports based on a defined patch baseline, showing which patches have been applied or are missing. It is not a patch compliance tool.
    * Therefore, this option does not meet the requirements for generating patch compliance reports.

* **Option D (incorrect):**
    * **AWS OpsWorks** As stated previously, is not the best choice for general operating system patching and compliance reporting.
    * **AWS X-Ray** is a decentralized tracing service for analyzing and debugging production applications. It has nothing to do with patch management or generating patch compliance reports.
    * **AWS Systems Manager OpsCenter** is used to aggregate operational issues (OpsItems) and related data, but it is not a tool to generate patch compliance reports directly from X-Ray data. While OpsCenter can display some operational data, it is not a dedicated patch compliance reporting tool, and X-Ray is completely inappropriate in this scenario.
    * This option uses multiple services that are not suitable for its purpose.

To sum up, the Patch Manager feature of AWS Systems Manager is specifically designed for managing patches in hybrid environments and generating unified patch compliance reports, and perfectly meets all the requirements of the question.",A,A (100% community votes),一家公司需要為其伺服器實施修補程序。地端伺服器和 Amazon EC2 執行個體使用各種工具來執行修補。管理層要求一份單一報告，顯示所有伺服器和執行個體的修補狀態。解決方案架構師應採取哪些行動來滿足這些要求？,"A. 使用 AWS Systems Manager 管理地端伺服器和 EC2 執行個體上的修補。使用 Systems Manager 產生修補合規報告。
B. 使用 AWS OpsWorks 管理地端伺服器和 EC2 執行個體上的修補。使用 Amazon QuickSight 與 OpsWorks 整合來產生修補合規報告。
C. 使用 Amazon EventBridge 規則，透過排程 AWS Systems Manager 修補修復工作來應用修補。使用 Amazon Inspector 產生修補合規報告。
D. 使用 AWS OpsWorks 管理地端伺服器和 EC2 執行個體上的修補。使用 AWS X-Ray 將修補狀態發布到 AWS Systems Manager OpsCenter 以產生修補合規報告。","本題要求為地端伺服器和 Amazon EC2 執行個體實施統一的修補程序，並生成一份單一報告來顯示所有伺服器的修補狀態。

*   **選項 A (正確答案):**
    *   **AWS Systems Manager Patch Manager** 是專為管理混合環境（包括 Amazon EC2 執行個體和地端伺服器）中的作業系統和應用程式修補而設計的服務。它透過在這些伺服器上安裝 SSM Agent 來實現管理。
    *   Patch Manager 允許定義修補基準 (Patch Baselines)，自動掃描並應用缺失的修補程式。
    *   最重要的是，Systems Manager 內建了**修補合規報告 (Patch Compliance Reports)** 功能，可以提供所有受管執行個體（無論是 EC2 還是地端）的統一修補狀態視圖。這完全符合題目中「單一報告」和「所有伺服器和執行個體」的要求。
    *   因此，此選項完美地滿足了所有要求。

*   **選項 B (不正確):**
    *   **AWS OpsWorks** 主要是用於配置管理（基於 Chef 或 Puppet）和應用程式部署的服務，而不是其主要功能是通用的作業系統修補和合規報告。雖然它可以在某種程度上管理執行個體，但其修補能力通常與 Chef/Puppet 配方綁定，且不提供原生的、全面的修補合規報告。
    *   **Amazon QuickSight** 是一個商業智慧服務，可以用於資料視覺化，但 OpsWorks 並不原生提供詳細的修補合規資料，以便 QuickSight 無需大量客製化整合即可直接使用。
    *   這不是最直接或最有效率的修補管理和報告解決方案。

*   **選項 C (不正確):**
    *   使用 **Amazon EventBridge 規則**來排程 **AWS Systems Manager 修補修復工作 (patch remediation job)** 確實是應用修補程式的有效方法。
    *   然而，**Amazon Inspector** 是一個漏洞管理服務，它掃描伺服器以查找安全漏洞和偏離最佳實踐的情況。它會報告潛在的漏洞，其中一些可能與缺失的修補程式有關，但它**不**會根據定義的修補基準生成修補「合規」報告，顯示哪些修補程式已應用或缺失。它不是一個修補合規工具。
    *   因此，此選項未能滿足生成修補合規報告的要求。

*   **選項 D (不正確):**
    *   **AWS OpsWorks** 如前所述，不是通用的作業系統修補和合規報告的最佳選擇。
    *   **AWS X-Ray** 是一個分散式追蹤服務，用於分析和偵錯生產應用程式。它與修補管理或生成修補合規報告無關。
    *   **AWS Systems Manager OpsCenter** 用於聚合操作問題 (OpsItems) 和相關數據，但它不是直接從 X-Ray 數據生成修補合規報告的工具。雖然 OpsCenter 可以顯示一些操作數據，但它不是專用的修補合規報告工具，且 X-Ray 在此情境下完全不適用。
    *   此選項使用了多個不適合其目的的服務。

綜上所述，AWS Systems Manager 的 Patch Manager 功能是專為管理混合環境中的修補和生成統一修補合規報告而設計的，完美符合題目的所有要求。"
14,"A company is running an application on several Amazon EC2 instances in an Auto Scaling group behind an Application Load
Balancer. The load on the application varies throughout the day, and EC2 instances are scaled in and out on a regular basis.
Log files from the EC2 instances are copied to a central Amazon S3 bucket every 15 minutes. The security team discovers that
log files are missing from some of the terminated EC2 instances.
Which set of actions will ensure that log files are copied to the central S3 bucket from the terminated EC2 instances?","A. Create a script to copy log files to Amazon S3, and store the script in a file on the EC2 instance. Create an Auto Scaling
lifecycle hook and an Amazon EventBridge rule to detect lifecycle events from the Auto Scaling group. Invoke an AWS
Lambda function on the autoscaling:EC2_INSTANCE_TERMINATING transition to send ABANDON to the Auto Scaling group
to prevent termination, run the script to copy the log files, and terminate the instance using the AWS SDK.
B. Create an AWS Systems Manager document with a script to copy log files to Amazon S3. Create an Auto Scaling lifecycle
hook and an Amazon EventBridge rule to detect lifecycle events from the Auto Scaling group. Invoke an AWS Lambda
function on the autoscaling:EC2_INSTANCE_TERMINATING transition to call the AWS Systems Manager API SendCommand
operation to run the document to copy the log files and send CONTINUE to the Auto Scaling group to terminate the
instance.
C. Change the log delivery rate to every 5 minutes. Create a script to copy log files to Amazon S3, and add the script to EC2
instance user data. Create an Amazon EventBridge rule to detect EC2 instance termination. Invoke an AWS Lambda
function from the EventBridge rule that uses the AWS CLI to run the user-data script to copy the log files and terminate the
instance.
D. Create an AWS Systems Manager document with a script to copy log files to Amazon S3. Create an Auto Scaling lifecycle
hook that publishes a message to an Amazon Simple Notification Service (Amazon SNS) topic. From the SNS notification,
call the AWS Systems Manager API SendCommand operation to run the document to copy the log files and send ABANDON
to the Auto Scaling group to terminate the instance.","The core of this issue is ensuring that any remaining log archives are captured and copied before an EC2 instance is terminated by the Auto Scaling group. This requires a mechanism to pause the execution of an individual during termination, perform custom actions, and then allow the termination to continue.

**Correct answer: B**

1. **Create an AWS Systems Manager file:** It is a best practice to create an AWS Systems Manager (SSM) file that contains scripts for copying log files to Amazon S3. SSM Run Command allows remote execution of scripts on EC2 instances without requiring SSH access, providing a secure and scalable way to manage instances.
2. **Auto Scaling lifecycle hook and Amazon EventBridge rules:** Establishing an Auto Scaling lifecycle hook (Lifecycle Hook) is the key. It allows the termination process to be paused when an execution entity enters the `autoscaling:EC2_INSTANCE_TERMINATING` state. EventBridge rules are used to detect this life cycle event and use it as a trigger.
3. **AWS Lambda Function and AWS Systems Manager API SendCommand:** When an EventBridge rule detects a termination event, an AWS Lambda function is called. This Lambda function calls the `SendCommand` operation of the AWS Systems Manager API to transfer the predefined SSM file (containing the log replication script) to the terminating EC2 instance for execution. This ensures that the log copy script can run on the execution instance itself before the execution instance is terminated.
4. **Send CONTINUE:** After the log copy is completed, the Lambda function will send the `CONTINUE` signal to the Auto Scaling group. This unpauses the lifecycle hook, allowing the Auto Scaling group to continue and complete the termination of the individual executions.

This solution leverages the right combination of AWS services to enable automated, secure, and reliable log capture.

**Reason why other options are incorrect:**

* **A. Incorrect:**
    * **""Send ABANDON to prevent termination""**: The `ABANDON` signal will cause the Auto Scaling group to abandon terminating the execution, which is contrary to the goal of ""copying logs from a terminated EC2 execution"" in the question. We want the execution individual to eventually be terminated, not to prevent termination.
    * **""Execute the script to copy the log file and then use the AWS SDK to terminate the instance""**: Lambda functions cannot directly execute scripts stored on an EC2 instance on that instance. Even if it can be executed remotely in some way, manually using the AWS SDK to terminate the execution instance will bypass the normal management process of the Auto Scaling group, which may cause the expected state of the Auto Scaling group to be inconsistent with the actual state.

* **C. Incorrect:**
    * **Change log delivery frequency to every 5 minutes**: While this may reduce the chance of log loss, it does not guarantee that all logs will be captured before the execution terminates. Individual executions may still terminate within the 5-minute interval, causing the last log to be lost. This is not a guaranteed solution.
    * **""Create an Amazon EventBridge rule to detect EC2 execution instance termination""**: When EventBridge detects the ""Terminated"" status of the EC2 execution instance, the execution instance is no longer running and no scripts can be executed on it. Lifecycle Hooks are the correct mechanism for performing operations ""during"" termination.
    * **""Using the AWS CLI to execute the User Data Script""**: User Data (User Data) is only executed once when the execution instance is started. User data scripts for running instances cannot be remotely triggered via the AWS CLI.

* **D. Incorrect:**
    * **""Publish messages to Amazon Simple Notification Service (Amazon SNS) topics""**: Although lifecycle hooks can publish to SNS, EventBridge is the more direct and recommended way to handle Auto Scaling events, because Auto Scaling group events are published directly to EventBridge.
    * **""Send ABANDON to the Auto Scaling group to terminate the instance""**: As with option A, the `ABANDON` signal will prevent the Auto Scaling group from terminating the instance, which is inconsistent with the goal of the question. `CONTINUE` should be passed to allow termination.",B,B (100% community votes),"一家公司在應用程式負載平衡器 (Application Load Balancer) 後方，透過 Auto Scaling 群組在多個 Amazon EC2 執行個體上執行應用程式。應用程式的負載全天候變化，EC2 執行個體會定期擴展進出。EC2 執行個體的日誌檔案每 15 分鐘會複製到一個中央 Amazon S3 儲存貯體。安全團隊發現，某些已終止的 EC2 執行個體遺失了日誌檔案。
哪組操作能確保已終止的 EC2 執行個體將日誌檔案複製到中央 S3 儲存貯體？","A. 建立一個指令碼來將日誌檔案複製到 Amazon S3，並將該指令碼儲存在 EC2 執行個體上的檔案中。建立一個 Auto Scaling 生命週期掛鉤和一個 Amazon EventBridge 規則來偵測來自 Auto Scaling 群組的生命週期事件。在 autoscaling:EC2_INSTANCE_TERMINATING 轉換時叫用一個 AWS Lambda 函數，以向 Auto Scaling 群組傳送 ABANDON 來防止終止，執行指令碼複製日誌檔案，然後使用 AWS SDK 終止執行個體。
B. 建立一個包含將日誌檔案複製到 Amazon S3 指令碼的 AWS Systems Manager 文件。建立一個 Auto Scaling 生命週期掛鉤和一個 Amazon EventBridge 規則來偵測來自 Auto Scaling 群組的生命週期事件。在 autoscaling:EC2_INSTANCE_TERMINATING 轉換時叫用一個 AWS Lambda 函數，以呼叫 AWS Systems Manager API 的 SendCommand 操作來執行該文件以複製日誌檔案，並向 Auto Scaling 群組傳送 CONTINUE 以終止執行個體。
C. 將日誌傳送頻率更改為每 5 分鐘。建立一個指令碼來將日誌檔案複製到 Amazon S3，並將該指令碼新增到 EC2 執行個體使用者資料中。建立一個 Amazon EventBridge 規則來偵測 EC2 執行個體終止。從 EventBridge 規則叫用一個 AWS Lambda 函數，該函數使用 AWS CLI 執行使用者資料指令碼以複製日誌檔案並終止執行個體。
D. 建立一個包含將日誌檔案複製到 Amazon S3 指令碼的 AWS Systems Manager 文件。建立一個 Auto Scaling 生命週期掛鉤，該掛鉤會向 Amazon Simple Notification Service (Amazon SNS) 主題發布訊息。從 SNS 通知中，呼叫 AWS Systems Manager API 的 SendCommand 操作來執行該文件以複製日誌檔案，並向 Auto Scaling 群組傳送 ABANDON 以終止執行個體。","此問題的核心是確保在 EC2 執行個體被 Auto Scaling 群組終止之前，能夠捕獲並複製所有剩餘的日誌檔案。這需要一個機制來在終止過程中暫停執行個體，執行自訂操作，然後允許終止繼續。

**正確答案：B**

1.  **建立 AWS Systems Manager 文件：** 建立一個包含將日誌檔案複製到 Amazon S3 指令碼的 AWS Systems Manager (SSM) 文件是最佳實踐。SSM Run Command 允許在 EC2 執行個體上遠端執行指令碼，且無需 SSH 存取，提供安全且可擴展的方式來管理執行個體。
2.  **Auto Scaling 生命週期掛鉤與 Amazon EventBridge 規則：** 建立一個 Auto Scaling 生命週期掛鉤 (Lifecycle Hook) 是關鍵。它允許在執行個體進入 `autoscaling:EC2_INSTANCE_TERMINATING` 狀態時暫停終止過程。EventBridge 規則則用於偵測這個生命週期事件，並將其作為觸發器。
3.  **AWS Lambda 函數與 AWS Systems Manager API SendCommand：** 當 EventBridge 規則偵測到終止事件時，會叫用一個 AWS Lambda 函數。這個 Lambda 函數會呼叫 AWS Systems Manager API 的 `SendCommand` 操作，將預先定義的 SSM 文件（包含日誌複製指令碼）傳送到正在終止的 EC2 執行個體上執行。這確保了日誌複製指令碼在執行個體被終止之前，能夠在執行個體本身上運行。
4.  **傳送 CONTINUE：** 日誌複製完成後，Lambda 函數會向 Auto Scaling 群組傳送 `CONTINUE` 訊號。這會解除生命週期掛鉤的暫停，允許 Auto Scaling 群組繼續並完成執行個體的終止。

這個解決方案利用了 AWS 服務的正確組合，實現了自動化、安全且可靠的日誌捕獲機制。

**其他選項不正確的原因：**

*   **A. 不正確：**
    *   **「傳送 ABANDON 來防止終止」**：`ABANDON` 訊號會導致 Auto Scaling 群組放棄終止該執行個體，這與問題中「從已終止的 EC2 執行個體複製日誌」的目標相悖。我們希望執行個體最終被終止，而不是阻止終止。
    *   **「執行指令碼複製日誌檔案，然後使用 AWS SDK 終止執行個體」**：Lambda 函數無法直接在 EC2 執行個體上執行儲存在該執行個體上的指令碼。即使可以透過某種方式遠端執行，手動使用 AWS SDK 終止執行個體會繞過 Auto Scaling 群組的正常管理流程，可能導致 Auto Scaling 群組的期望狀態與實際狀態不一致。

*   **C. 不正確：**
    *   **「將日誌傳送頻率更改為每 5 分鐘」**：雖然這可能減少日誌遺失的機會，但不能保證在執行個體終止前捕獲所有日誌。執行個體仍可能在 5 分鐘間隔內終止，導致最後的日誌遺失。這不是一個保證性的解決方案。
    *   **「建立一個 Amazon EventBridge 規則來偵測 EC2 執行個體終止」**：當 EventBridge 偵測到 EC2 執行個體「已終止」狀態時，執行個體已經不再運行，無法在其上執行任何指令碼。生命週期掛鉤 (Lifecycle Hook) 才是用於在終止「期間」執行操作的正確機制。
    *   **「使用 AWS CLI 執行使用者資料指令碼」**：使用者資料 (User Data) 只在執行個體啟動時執行一次。無法透過 AWS CLI 遠端觸發已運行執行個體的使用者資料指令碼。

*   **D. 不正確：**
    *   **「向 Amazon Simple Notification Service (Amazon SNS) 主題發布訊息」**：雖然生命週期掛鉤可以發布到 SNS，但 EventBridge 是更直接且推薦的方式來處理 Auto Scaling 事件，因為 Auto Scaling 群組事件會直接發布到 EventBridge。
    *   **「傳送 ABANDON 到 Auto Scaling 群組來終止執行個體」**：與選項 A 相同，`ABANDON` 訊號會阻止 Auto Scaling 群組終止執行個體，這與問題的目標不符。應該傳送 `CONTINUE` 以允許終止。"
15,"A company is using multiple AWS accounts. The DNS records are stored in a private hosted zone for Amazon Route 53 in
Account A. The company’s applications and databases are running in Account B.
A solutions architect will deploy a two-tier application in a new VPC. To simplify the configuration, the db.example.com CNAME
record set for the Amazon RDS endpoint was created in a private hosted zone for Amazon Route 53.
During deployment, the application failed to start. Troubleshooting revealed that db.example.com is not resolvable on the
Amazon EC2 instance. The solutions architect confirmed that the record set was created correctly in Route 53.
Which combination of steps should the solutions architect take to resolve this issue? (Choose two.)","A. Deploy the database on a separate EC2 instance in the new VPC. Create a record set for the instance’s private IP in the
private hosted zone.
B. Use SSH to connect to the application tier EC2 instance. Add an RDS endpoint IP address to the /etc/resolv.conf file.
C. Create an authorization to associate the private hosted zone in Account A with the new VPC in Account B.
D. Create a private hosted zone for the example com domain in Account B. Configure Route 53 replication between AWS
accounts.
E. Associate a new VPC in Account B with a hosted zone in Account A. Delete the association authorization in Account A.","This issue describes a typical cross-account private DNS resolution issue. The application executes in Account B's VPC and needs to resolve DNS records (db.example.com) in Account A's Route 53 private hosted zone. Since the application cannot resolve the name, this means that Account B's VPC cannot access Account A's private hosted zone for querying. The standard way to solve this problem is to link private hosted zones via cross-account VPCs.

**Explanation of correct options:**

* **C. Establish authorization to associate the private hosted zone in Account A with the new VPC in Account B. **
    When the private hosted zone and VPC are in different AWS accounts, a two-stage process is required to establish the association. First, the account that owns the private hosted zone (Account A) must authorize another account (Account B) to associate its VPC with the private hosted zone. This is a security measure to ensure that only authorized VPCs can query private DNS records. Therefore, establishing this authorization is the first step in solving the problem.

* **E. Associate the new VPC in Account B with the hosted zone in Account A. Delete the associated entitlements in Account A. **
    After Account A establishes entitlement (as described in Option C), the account that owns the VPC (Account B) can perform the actual linking operation to associate its VPC with the private hosting zone in Account A. Once successfully associated, the EC2 instance in Account B can query the records in Account A's private hosting zone through the VPC's DNS resolver.
    ""Removing the associated authorization in Account A"" is part of the best practices. After the VPC is successfully associated to a private hosted zone, the entitlement is no longer required and should be removed for security reasons. While removing authorization is not a direct step in resolving resolution issues in itself, it is closely tied to the actual linking operation and is a standard part of the overall cross-account linking process. Therefore, Option E combines key correlation actions with subsequent cleanup steps.

**Explanation for incorrect options:**

* **A. Deploy the database on a standalone EC2 instance in a new VPC. Create a record set in the private hosting zone for the private IP of the instance. **
    This option does not solve existing DNS resolution issues, but instead recommends changing the way the database is deployed. The question clearly states that the db.example.com CNAME recordset is correctly established and points to the RDS endpoint. The solution should be to enable the application to resolve this existing DNS record, rather than changing the database infrastructure or creating a new record.

* **B. Use SSH to connect to the EC2 instance at the application layer. Add the RDS endpoint IP address to the /etc/resolv.conf file. **
    Manually modifying the `/etc/resolv.conf` file is a temporary and non-scalable solution. It bypasses the design of AWS Route 53 and fails when EC2 performs an individual reboot or IP address change. In an AWS environment, where DNS queries are automatically handled by the VPC's DNS resolver, the correct solution would be to configure an association between Route 53 and the VPC rather than manually configuring individual instances.

* **D. Create a private hosted zone in Account B for the example.com domain. Configure Route 53 replication between AWS accounts. **
    Creating a new private hosted zone in Account B for the example.com domain will cause a DNS conflict or redundancy and will not resolve the application's inability to query the existing private hosted zone in Account A. Additionally, Amazon Route 53 does not provide the ability to ""replicate"" private hosted zones across AWS accounts. Cross-account DNS resolution is achieved through VPC association, not replication.",CE,CE (PDF answer),"某公司使用多個 AWS 帳戶。DNS 記錄儲存在帳戶 A 中 Amazon Route 53 的私有託管區域裡。該公司的應用程式和資料庫在帳戶 B 中執行。
一位解決方案架構師將在一個新的 VPC 中部署一個兩層式應用程式。為了簡化配置，Amazon RDS 端點的 db.example.com CNAME 記錄集已在 Amazon Route 53 的私有託管區域中建立。
在部署期間，應用程式未能啟動。故障排除顯示 db.example.com 在 Amazon EC2 執行個體上無法解析。解決方案架構師確認記錄集已在 Route 53 中正確建立。
解決方案架構師應採取哪些步驟組合來解決此問題？ (請選擇兩項)","A. 將資料庫部署在新的 VPC 中的獨立 EC2 執行個體上。在私有託管區域中為該執行個體的私有 IP 建立一個記錄集。
B. 使用 SSH 連線到應用程式層的 EC2 執行個體。將 RDS 端點 IP 位址新增到 /etc/resolv.conf 檔案中。
C. 建立授權，以將帳戶 A 中的私有託管區域與帳戶 B 中的新 VPC 關聯。
D. 在帳戶 B 中為 example.com 網域建立一個私有託管區域。配置 AWS 帳戶之間的 Route 53 複寫。
E. 將帳戶 B 中的新 VPC 與帳戶 A 中的託管區域關聯。刪除帳戶 A 中的關聯授權。","此問題描述了一個典型的跨帳戶私有 DNS 解析問題。應用程式在帳戶 B 的 VPC 中執行，需要解析帳戶 A 中 Route 53 私有託管區域裡的 DNS 記錄 (db.example.com)。由於應用程式無法解析該名稱，這表示帳戶 B 的 VPC 無法存取帳戶 A 的私有託管區域進行查詢。解決此問題的標準方法是透過跨帳戶 VPC 關聯私有託管區域。

**正確選項的解釋：**

*   **C. 建立授權，以將帳戶 A 中的私有託管區域與帳戶 B 中的新 VPC 關聯。**
    當私有託管區域和 VPC 位於不同的 AWS 帳戶時，需要一個兩階段的過程來建立關聯。首先，擁有私有託管區域的帳戶 (帳戶 A) 必須授權另一個帳戶 (帳戶 B) 將其 VPC 與該私有託管區域關聯。這是安全措施，確保只有經過授權的 VPC 才能查詢私有 DNS 記錄。因此，建立此授權是解決問題的第一步。

*   **E. 將帳戶 B 中的新 VPC 與帳戶 A 中的託管區域關聯。刪除帳戶 A 中的關聯授權。**
    在帳戶 A 建立授權之後 (如選項 C 所述)，擁有 VPC 的帳戶 (帳戶 B) 就可以執行實際的關聯操作，將其 VPC 與帳戶 A 中的私有託管區域關聯起來。一旦成功關聯，帳戶 B 中的 EC2 執行個體就可以透過 VPC 的 DNS 解析器查詢帳戶 A 私有託管區域中的記錄。
    「刪除帳戶 A 中的關聯授權」是最佳實踐的一部分。在 VPC 成功關聯到私有託管區域後，授權就不再需要，並且為了安全考量應將其刪除。雖然刪除授權本身不是解決解析問題的直接步驟，但它與實際的關聯操作緊密相連，並且是整個跨帳戶關聯流程的標準組成部分。因此，選項 E 結合了關鍵的關聯動作和後續的清理步驟。

**不正確選項的解釋：**

*   **A. 將資料庫部署在新的 VPC 中的獨立 EC2 執行個體上。在私有託管區域中為該執行個體的私有 IP 建立一個記錄集。**
    這個選項沒有解決現有的 DNS 解析問題，而是建議更換資料庫部署方式。問題明確指出 db.example.com CNAME 記錄集已正確建立並指向 RDS 端點。解決方案應該是讓應用程式能夠解析這個現有的 DNS 記錄，而不是改變資料庫基礎設施或創建新的記錄。

*   **B. 使用 SSH 連線到應用程式層的 EC2 執行個體。將 RDS 端點 IP 位址新增到 /etc/resolv.conf 檔案中。**
    手動修改 `/etc/resolv.conf` 檔案是一種臨時且不具擴展性的解決方案。它繞過了 AWS Route 53 的設計，並且在 EC2 執行個體重新啟動或 IP 位址變更時會失效。在 AWS 環境中，VPC 的 DNS 解析器會自動處理 DNS 查詢，正確的解決方案應該是配置 Route 53 和 VPC 之間的關聯，而不是手動配置單個執行個體。

*   **D. 在帳戶 B 中為 example.com 網域建立一個私有託管區域。配置 AWS 帳戶之間的 Route 53 複寫。**
    在帳戶 B 中為 example.com 網域建立一個新的私有託管區域會導致 DNS 衝突或冗餘，並且不會解決應用程式無法查詢帳戶 A 中現有私有託管區域的問題。此外，Amazon Route 53 沒有提供跨 AWS 帳戶的私有託管區域「複寫」功能。跨帳戶 DNS 解析是透過 VPC 關聯來實現的，而不是複寫。"
16,"A company used Amazon EC2 instances to deploy a web fleet to host a blog site. The EC2 instances are behind an Application
Load Balancer (ALB) and are configured in an Auto Scaling group. The web application stores all blog content on an Amazon
EFS volume.
The company recently added a feature for bloggers to add video to their posts, attracting 10 times the previous user traffic. At
peak times of day, users report buffering and timeout issues while attempting to reach the site or watch videos.
Which is the MOST cost-efficient and scalable deployment that will resolve the issues for users?","A. Reconfigure Amazon EFS to enable maximum I/O.
B. Update the blog site to use instance store volumes for storage. Copy the site contents to the volumes at launch and to
Amazon S3 at shutdown.
C. Configure an Amazon CloudFront distribution. Point the distribution to an S3 bucket, and migrate the videos from EFS to
Amazon S3.
D. Set up an Amazon CloudFront distribution for all site contents, and point the distribution at the ALB.","This question describes a blog website that experienced a 10-fold increase in traffic due to the addition of a video feature, causing users to experience buffering and timeout issues during peak hours. The goal is to find the most cost-effective and scalable solution.

**The correct answer is C: Configure an Amazon CloudFront distribution. Point this distribution to an S3 storage bucket and migrate the videos from EFS to Amazon S3. **

1. **CloudFront (CDN) Advantages:** Amazon CloudFront is a content delivery network (CDN) that caches content at edge nodes around the world, allowing users to obtain content from the node closest to them. This significantly reduces latency (resolving buffering issues) and increases content delivery speed. For large static files such as videos, the effect of CDN is particularly obvious, and it can effectively share the load of the origin site (EC2/ALB/EFS).
2. **Amazon S3 Advantages:** Amazon S3 is a highly scalable, durable, and cost-effective object storage service ideal for storing static content such as images, files, and videos. Migrating your videos from EFS to S3 takes advantage of S3's high availability, high throughput, and low-cost storage features without having to manage the underlying file system.
3. **Combining CloudFront and S3:** Pointing CloudFront distributions to S3 storage is a standard and best practice for serving high-traffic static content, especially videos. S3 serves as the origin server to provide videos, and CloudFront is responsible for caching and quickly distributing these videos to users around the world. This not only solves buffering and timeout issues, but also significantly reduces the load on EC2 executors, ALB, and EFS, making it highly scalable and cost-effective.

**Reason why other options are incorrect:**

* **A. Reconfigure Amazon EFS to enable maximum I/O mode. **
    * Although switching EFS from universal mode to maximum I/O mode can improve the aggregate throughput of EFS, this mainly solves the I/O bottleneck of EFS itself. It does not solve the delay problem of content delivery to global users, nor can it effectively share the load of EC2 instances and ALBs. For content like movies that need to be widely distributed, CDN is a more fundamental and scalable solution. Additionally, Maximum I/O mode may slightly increase the latency of a single operation and is not as cost-effective as the S3 + CloudFront combination.

* **B. Update the blog website to use the execution individual storage volume for storage. Site content is copied to these volumes on startup and to Amazon S3 on shutdown. **
    * The execution instance storage (Instance Store) is temporary storage, and its data will be lost when the execution instance stops or terminates. This is highly inappropriate for blog content (including videos) that requires persistent storage. In an Auto Scaling group, instances are started and terminated frequently, and using instance storage can lead to data loss and complex synchronization issues. This approach is neither durable nor scalable, complex to manage, and not cost-effective.

* **D. Set up an Amazon CloudFront distribution for all website content and point this distribution to the ALB. **
    * This option does introduce CloudFront, which is a good start. However, pointing CloudFront's origin directly to the ALB means that all content (including videos) still needs to be fetched from EFS through the EC2 executable. Although CloudFront caches some content, EC2 instances and EFS are still bottlenecks for first requests or cached content that expires. Especially for large files like videos, delivering directly from S3 through CloudFront can be more cost-effective and scalable than delivering from EC2/EFS because S3 is designed for object storage and high-speed storage.",C,C (90% community votes),"一家公司使用 Amazon EC2 執行個體部署了一個網路機群來託管部落格網站。這些 EC2 執行個體位於應用程式負載平衡器 (ALB) 後方，並配置在一個 Auto Scaling 群組中。該網路應用程式將所有部落格內容儲存在 Amazon EFS 磁碟區上。
該公司最近為部落客新增了一項功能，允許他們在貼文中加入影片，這吸引了比以往多 10 倍的使用者流量。在一天中的高峰時段，使用者回報在嘗試訪問網站或觀看影片時遇到緩衝和逾時問題。
哪種部署方式是最具成本效益且可擴展的，能夠解決使用者的這些問題？","A. 重新配置 Amazon EFS 以啟用最大 I/O 模式。
B. 更新部落格網站以使用執行個體儲存體磁碟區進行儲存。在啟動時將網站內容複製到這些磁碟區，並在關機時複製到 Amazon S3。
C. 配置一個 Amazon CloudFront 分發。將此分發指向一個 S3 儲存貯體，並將影片從 EFS 遷移到 Amazon S3。
D. 為所有網站內容設定一個 Amazon CloudFront 分發，並將此分發指向 ALB。","這道題目描述了一個部落格網站因新增影片功能而導致流量暴增 10 倍，進而引發使用者在高峰時段遇到緩衝和逾時問題。目標是找到最具成本效益且可擴展的解決方案。

**正確答案是 C：配置一個 Amazon CloudFront 分發。將此分發指向一個 S3 儲存貯體，並將影片從 EFS 遷移到 Amazon S3。**

1.  **CloudFront (CDN) 的優勢：** Amazon CloudFront 是一個內容交付網路 (CDN)，它將內容緩存在全球各地的邊緣節點，讓使用者可以從距離他們最近的節點獲取內容。這顯著減少了延遲（解決緩衝問題）並提高了內容交付速度。對於影片這種大型靜態檔案，CDN 的效果尤其明顯，能夠有效分擔源站（EC2/ALB/EFS）的負載。
2.  **Amazon S3 的優勢：** Amazon S3 是一個高度可擴展、耐用且成本效益高的物件儲存服務，非常適合儲存靜態內容，如圖片、文件和影片。將影片從 EFS 遷移到 S3，可以利用 S3 的高可用性、高吞吐量和低成本儲存特性，而無需管理底層檔案系統。
3.  **結合 CloudFront 和 S3：** 將 CloudFront 分發指向 S3 儲存貯體，是提供高流量靜態內容（尤其是影片）的標準且最佳實踐。S3 作為源站提供影片，CloudFront 則負責將這些影片緩存並快速分發給全球使用者。這不僅解決了緩衝和逾時問題，還能大幅降低 EC2 執行個體、ALB 和 EFS 的負載，從而實現高度可擴展性和成本效益。

**其他選項不正確的原因：**

*   **A. 重新配置 Amazon EFS 以啟用最大 I/O 模式。**
    *   雖然將 EFS 從通用模式切換到最大 I/O 模式可以提高 EFS 的聚合吞吐量，但這主要解決的是 EFS 本身的 I/O 瓶頸。它並不能解決內容交付到全球使用者的延遲問題，也無法有效分擔 EC2 執行個體和 ALB 的負載。對於影片這種需要廣泛分發的內容，CDN 才是更根本且更具擴展性的解決方案。此外，最大 I/O 模式可能會略微增加單一操作的延遲，且其成本效益不如 S3 + CloudFront 組合。

*   **B. 更新部落格網站以使用執行個體儲存體磁碟區進行儲存。在啟動時將網站內容複製到這些磁碟區，並在關機時複製到 Amazon S3。**
    *   執行個體儲存體 (Instance Store) 是暫時性的儲存，其資料會在執行個體停止或終止時丟失。這對於需要持久儲存的部落格內容（包括影片）來說是極不合適的。在 Auto Scaling 群組中，執行個體會頻繁啟動和終止，使用執行個體儲存體會導致資料丟失和複雜的同步問題。這種方法既不具備持久性，也不具備可擴展性，且管理複雜，成本效益也差。

*   **D. 為所有網站內容設定一個 Amazon CloudFront 分發，並將此分發指向 ALB。**
    *   這個選項確實引入了 CloudFront，這是一個好的開始。然而，將 CloudFront 的源站直接指向 ALB，意味著所有的內容（包括影片）仍然需要透過 EC2 執行個體從 EFS 獲取。雖然 CloudFront 會緩存部分內容，但對於首次請求或緩存過期的內容，EC2 執行個體和 EFS 仍然是瓶頸。特別是對於影片這種大型檔案，直接從 S3 透過 CloudFront 交付會比從 EC2/EFS 交付更具成本效益和可擴展性，因為 S3 專為物件儲存和高"
17,"A company with global offices has a single 1 Gbps AWS Direct Connect connection to a single AWS Region. The company’s on-
premises network uses the connection to communicate with the company’s resources in the AWS Cloud. The connection has a
single private virtual interface that connects to a single VPC.
A solutions architect must implement a solution that adds a redundant Direct Connect connection in the same Region. The
solution also must provide connectivity to other Regions through the same pair of Direct Connect connections as the company
expands into other Regions.
Which solution meets these requirements?","A. Provision a Direct Connect gateway. Delete the existing private virtual interface from the existing connection. Create the
second Direct Connect connection. Create a new private virtual interface on each connection, and connect both private
virtual interfaces to the Direct Connect gateway. Connect the Direct Connect gateway to the single VPC.
B. Keep the existing private virtual interface. Create the second Direct Connect connection. Create a new private virtual
interface on the new connection, and connect the new private virtual interface to the single VPC.
C. Keep the existing private virtual interface. Create the second Direct Connect connection. Create a new public virtual
interface on the new connection, and connect the new public virtual interface to the single VPC.
D. Provision a transit gateway. Delete the existing private virtual interface from the existing connection. Create the second
Direct Connect connection. Create a new private virtual interface on each connection, and connect both private virtual
interfaces to the transit gateway. Associate the transit gateway with the single VPC.","This question requires the solution architect to implement a solution to achieve two main goals:
1. Add a redundant Direct Connect connection in the same region.
2. As the company expands to other regions, provide connectivity to other regions through the same pair of Direct Connect connections.

Let's analyze each option:

**A. Deploy a Direct Connect gateway. Delete a private virtual interface on an existing connection. Establish a second Direct Connect connection. Create a new private virtual interface on each connection and connect the two private virtual interfaces to the Direct Connect gateway. Connect a Direct Connect gateway to a single VPC. **
* **Redundant requirements met:** Establishing a second Direct Connect connection and connecting both private virtual interfaces to the Direct Connect gateway is a standard redundant configuration. If one of the Direct Connect connections fails, traffic can continue through the other connection, ensuring a high-availability connection between the on-premises network and the AWS cloud.
* **Meet cross-region connection requirements:** The core function of Direct Connect Gateway is to allow your local network to connect to multiple VPCs located in different AWS regions through Direct Connect (through its virtual private gateway VGW). This is perfectly in line with ""providing connections to other zones over the same pair of Direct Connect",A,A (100% community votes),"一間擁有全球辦事處的公司，目前只有一條 1 Gbps 的 AWS Direct Connect 連線到單一 AWS 區域。該公司的地端網路使用此連線與 AWS 雲端中的資源通訊。此連線有一個單一的私有虛擬介面 (private virtual interface)，連接到一個單一的 VPC。
一位解決方案架構師必須實作一個解決方案，以在同一區域增加一個備援的 Direct Connect 連線。隨著公司擴展到其他區域，該解決方案還必須透","A. 佈建一個 Direct Connect 閘道。刪除現有連線上的私有虛擬介面。建立第二個 Direct Connect 連線。在每個連線上建立一個新的私有虛擬介面，並將這兩個私有虛擬介面連接到 Direct Connect 閘道。將 Direct Connect 閘道連接到單一 VPC。
B. 保留現有的私有虛擬介面。建立第二個 Direct Connect 連線。在新連線上建立一個新的私有虛擬介面，並將新的私有虛擬介面連接到單一 VPC。
C. 保留現有的私有虛擬介面。建立第二個 Direct Connect 連線。在新連線上建立一個新的公有虛擬介面，並將新的公有虛擬介面連接到單一 VPC。
D. 佈建一個 Transit Gateway。刪除現有連線上的私有虛擬介面。建立第二個 Direct Connect 連線。在每個連線上建立一個新的私有虛擬介面，並將這兩個私有虛擬介面連接到 Transit Gateway。將 Transit Gateway 與單一 VPC 關聯。","本題要求解決方案架構師實作一個方案，以達成兩個主要目標：
1.  在同一區域增加一個備援的 Direct Connect 連線。
2.  隨著公司擴展到其他區域，透過同一對 Direct Connect 連線提供與其他區域的連線能力。

我們來分析每個選項：

**A. 佈建一個 Direct Connect 閘道。刪除現有連線上的私有虛擬介面。建立第二個 Direct Connect 連線。在每個連線上建立一個新的私有虛擬介面，並將這兩個私有虛擬介面連接到 Direct Connect 閘道。將 Direct Connect 閘道連接到單一 VPC。**
*   **符合備援需求：** 建立第二個 Direct Connect 連線並將兩個私有虛擬介面都連接到 Direct Connect 閘道，這是一個標準的備援配置。如果其中一個 Direct Connect 連線發生故障，流量可以透過另一個連線繼續傳輸，確保地端網路與 AWS 雲端之間的高可用性連線。
*   **符合跨區域連線需求：** Direct Connect 閘道 (Direct Connect Gateway) 的核心功能就是允許您的地端網路透過 Direct Connect 連線，連接到位於不同 AWS 區域的多個 VPC (透過其虛擬私有閘道 VGW)。這完美符合了「透過同一對 Direct Connect 連線提供與其他區"
18,"A company has a web application that allows users to upload short videos. The videos are stored on Amazon EBS volumes and
analyzed by custom recognition software for categorization.
The website contains static content that has variable traffic with peaks in certain months. The architecture consists of Amazon
EC2 instances running in an Auto Scaling group for the web application and EC2 instances running in an Auto Scaling group to
process an Amazon SQS queue. The company wants to re-architect the application to reduce operational overhead using AWS
managed services where possible and remove dependencies on third-party software.
Which solution meets these requirements?","A. Use Amazon ECS containers for the web application and Spot instances for the Auto Scaling group that processes the
SQS queue. Replace the custom software with Amazon Rekognition to categorize the videos.
B. Store the uploaded videos in Amazon EFS and mount the file system to the EC2 instances for the web application.
Process the SQS queue with an AWS Lambda function that calls the Amazon Rekognition API to categorize the videos.
C. Host the web application in Amazon S3. Store the uploaded videos in Amazon S3. Use S3 event notification to publish
events to the SQS queue. Process the SQS queue with an AWS Lambda function that calls the Amazon Rekognition API to
categorize the videos.
D. Use AWS Elastic Beanstalk to launch EC2 instances in an Auto Scaling group for the web application and launch a worker
environment to process the SQS queue. Replace the custom software with Amazon Rekognition to categorize the videos.","The correct answer is C. This option best meets the requirements of the question to reduce operational overhead, use AWS managed services when possible, and remove third-party software dependencies.

Here's a closer look at why option C is correct, and why the other options are incorrect:

**Option C: Correct**
This solution fully adopts AWS's serverless and managed services, significantly reducing operating expenses and removing third-party dependencies.
1. **Host the web application in Amazon S3:** The website contains static content and the traffic is inconsistent. Amazon S3 is ideal for hosting static websites and is extremely scalable, available, and durable.",C,C (88% community votes),"某公司有一個允許使用者上傳短影片的網路應用程式。影片儲存在 Amazon EBS 磁碟區上，並由客製化辨識軟體進行分類分析。該網站包含靜態內容，流量不穩定，在某些月份會出現高峰。其架構包含用於網路應用程式的 Amazon EC2 執行個體（運行於 Auto Scaling 群組中），以及用於處理 Amazon SQS 佇列的 EC2 執行個體（運行於 Auto Scaling 群組中）。該公司希望重新架構應用程式，以盡可能使用 AWS 受管服務來減少營運開銷，並移除對第三方軟體的依賴。
哪種解決方案符合這些要求？","A. 將網路應用程式部署在 Amazon ECS 容器中，並使用 Spot 執行個體來處理 SQS 佇列的 Auto Scaling 群組。將客製化軟體替換為 Amazon Rekognition 來分類影片。
B. 將上傳的影片儲存在 Amazon EFS 中，並將檔案系統掛載到網路應用程式的 EC2 執行個體上。使用 AWS Lambda 函數處理 SQS 佇列，該函數呼叫 Amazon Rekognition API 來分類影片。
C. 將網路應用程式託管在 Amazon S3 中。將上傳的影片儲存在 Amazon S3 中。使用 S3 事件通知將事件發佈到 SQS 佇列。使用 AWS Lambda 函數處理 SQS 佇列，該函數呼叫 Amazon Rekognition API 來分類影片。
D. 使用 AWS Elastic Beanstalk 為網路應用程式啟動 Auto Scaling 群組中的 EC2 執行個體，並啟動一個工作者環境來處理 SQS 佇列。將客製化軟體替換為 Amazon Rekognition 來分類影片。","正確答案是 C。此選項最能滿足題目中減少營運開銷、盡可能使用 AWS 受管服務以及移除第三方軟體依賴的要求。

以下是選項 C 為何正確，以及其他選項為何不正確的詳細解析：

**選項 C：正確**
此解決方案全面採用了 AWS 的無伺服器 (Serverless) 和受管服務，大幅減少了營運開銷，並移除了第三方依賴。
1.  **將網路應用程式託管在 Amazon S3 中：** 網站包含靜態內容且流量不穩定。Amazon S3 非常適合託管靜態網站，它具有極高的可擴展性、可用性和耐"
19,"A company has a serverless application comprised of Amazon CloudFront, Amazon API Gateway, and AWS Lambda functions.
The current deployment process of the application code is to create a new version number of the Lambda function and run an
AWS CLI script to update. If the new function version has errors, another CLI script reverts by deploying the previous working
version of the function. The company would like to decrease the time to deploy new versions of the application logic provided
by the Lambda functions, and also reduce the time to detect and revert when errors are identified.
How can this be accomplished?","A. Create and deploy nested AWS CloudFormation stacks with the parent stack consisting of the AWS CloudFront
distribution and API Gateway, and the child stack containing the Lambda function. For changes to Lambda, create an AWS
CloudFormation change set and deploy; if errors are triggered, revert the AWS CloudFormation change set to the previous
version.
B. Use AWS SAM and built-in AWS CodeDeploy to deploy the new Lambda version, gradually shift traffic to the new version,
and use pre-traffic and post-traffic test functions to verify code. Rollback if Amazon CloudWatch alarms are triggered.
C. Refactor the AWS CLI scripts into a single script that deploys the new Lambda version. When deployment is completed,
the script tests execute. If errors are detected, revert to the previous Lambda version.
D. Create and deploy an AWS CloudFormation stack that consists of a new API Gateway endpoint that references the new
Lambda version. Change the CloudFront origin to the new API Gateway endpoint, monitor errors and if detected, change the
AWS CloudFront origin to the previous API Gateway endpoint.","The correct answer is B. The following is a detailed professional analysis:

**Why option B is correct:**

Option B describes the best practice for Lambda function deployment using AWS SAM (Serverless Application Model) and AWS CodeDeploy, which directly addresses all the requirements raised in the question: shortening deployment time, reducing error detection time, and reducing recovery time.

1. **Decrease the time to deploy:**
    * **AWS SAM (Serverless Application Model):** SAM is a CloudFormation extension that simplifies the definition and deployment of serverless applications. Through SAM templates, developers can quickly define Lambda functions, API Gateway, DynamoDB and other resources, package and deploy them. This is more efficient and less error-prone than manually executing multiple AWS CLI scripts.
    * **Automation of AWS CodeDeploy:** CodeDeploy provides an automated deployment process to complete the deployment of new versions without manual intervention, significantly reducing the time required for deployment.

2. **Reduce the time to detect errors:**
    * **Gradual traffic shifting:** CodeDeploy supports a variety of deployment strategies, such as canary deployment (Canary) or linear deployment (Linear), allowing a small portion of traffic (such as 10%) to be gradually shifted to a new version. This means that even if there is a problem with a new version, it will only affect a small percentage of users, limiting the potential scope of the impact.
    * **Pre-traffic and post-traffic test functions:** CodeDeploy allows executing Lambda functions as test hooks before and after traffic transfer. These test functions can perform automated testing, such as unit testing, integration testing, or smoke testing, before the new version receives production traffic, allowing early detection of issues.
    * **Amazon CloudWatch alarm integration:** CodeDeploy can be integrated with CloudWatch alarms. You can set up alerts to monitor metrics such as error rate, latency, number of invocations, and more for new Lambda versions. Once these metrics exceed preset thresholds, alerts are triggered.

3. **Reduce the time to revert when errors are identified:**
    * **Automatic rollback:** When a CodeDeploy deployment is integrated with CloudWatch alarms, CodeDeploy will automatically roll back traffic to the previous stable version if the alarm is triggered (indicating a problem with the new version). This automated rollback mechanism is much faster than manual CLI script recovery and reduces the risk of human error.

Taken together, AWS SAM, combined with CodeDeploy's deployment strategy, test hooks, and automatic rollback functions, provides a comprehensive and highly automated solution that perfectly meets all the requirements put forward in the question.

**Why the other options are incorrect:**

* **A. Build and deploy a nested AWS CloudFormation stack...: **
    * CloudFormation is mainly used to manage Infrastructure as Code. While it can deploy Lambda functions and preview changes using changesets, it does not natively provide progressive traffic shifting, pre-/post-traffic test hooks, or automatic rollback capabilities based on application runtime metrics.
    * ""Reverting an AWS CloudFormation changeset"" generally refers to canceling a changeset that has not yet been executed, rather than rolling back deployed application logic to an older version and managing traffic. If the stack has been updated, rolling back to the old version requires another update operation, which is not as immediate and precise as CodeDeploy's automatic rollback.
    * This approach cannot effectively reduce error detection time because it lacks gradual traffic diversion and automated test hooks.

* **C. Refactor AWS CLI scripts into a single script...: **
    * Consolidating multiple CLI scripts into one can really make deployments more automated and efficient, and potentially shorten deployment times.
    * However, this approach is still a custom script-based solution. It lacks the built-in functionality provided by CodeDeploy, such as:
        * **Gradual Traffic Shifting:** It is difficult to implement complex traffic shifting strategies with custom scripts.
        * **Standardized test hooks:** You need to write and manage test logic by yourself.
        * **Automatic rollback based on CloudWatch alarms:** Additional logic is required to monitor alarms and trigger rollbacks, which adds complexity and maintenance burden.
    * Therefore, while an improvement over existing processes, it does not provide the highly automated, secure, and fast error detection and recovery mechanisms that CodeDeploy does.

* **D. Build and deploy an AWS CloudFormation stack that contains a new API Gateway endpoint that references the new Lambda version...: **
    * This method is essentially a manual blue-green deployment strategy, implemented by switching the source of CloudFront.
    * **Disadvantages:**
        * **""Big Bang"" switching:** Changing the CloudFront source will switch all traffic to the new version at once. This does not have the security of gradual traffic transfer. Once there is a problem with the new version, it will immediately affect all users.
        * **Manual rollback:** After an error is detected, the CloudFront origin needs to be manually switched back to the old API Gateway endpoint, which increases recovery time and the risk of human error.
        * **Resource Redundancy:** Requires maintaining separate API Gateway endpoints for each version, increasing resource management and cost.
        * **Lack of built-in testing:** There are no built-in pre-/post-traffic test hooks to verify the code of the Lambda function.
    * Therefore, although this method can achieve fast switching, it is not as good as option B in terms of error detection, risk control and automated recovery.",B,B (100% community votes),"一家公司擁有一個無伺服器應用程式，由 Amazon CloudFront、Amazon API Gateway 和 AWS Lambda 函數組成。
目前應用程式程式碼的部署流程是建立新的 Lambda 函數版本，並執行 AWS CLI 指令碼進行更新。如果新的函數版本出現錯誤，則執行另一個 CLI 指令碼，透過部署先前可用的函數版本來進行復原。該公司希望縮短部署 Lambda 函數所提供的應用程式邏輯新版本的時間，並在識別出錯誤時，縮短偵測和復原所需的時間。
這要如何實現？","A. 建立並部署巢狀 AWS CloudFormation 堆疊，其中父堆疊包含 AWS CloudFront 分發和 API Gateway，子堆疊包含 Lambda 函數。對於 Lambda 的變更，建立 AWS CloudFormation 變更集並部署；如果觸發錯誤，則將 AWS CloudFormation 變更集復原到先前的版本。
B. 使用 AWS SAM 和內建的 AWS CodeDeploy 來部署新的 Lambda 版本，逐步將流量轉移到新版本，並使用流量前和流量後測試函數來驗證程式碼。如果觸發 Amazon CloudWatch 警報，則進行回滾。
C. 將 AWS CLI 指令碼重構為單一指令碼，用於部署新的 Lambda 版本。部署完成後，指令碼執行測試。如果偵測到錯誤，則復原到先前的 Lambda 版本。
D. 建立並部署一個 AWS CloudFormation 堆疊，該堆疊包含一個參考新 Lambda 版本的新 API Gateway 端點。將 CloudFront 來源變更為新的 API Gateway 端點，監控錯誤，如果偵測到錯誤，則將 AWS CloudFront 來源變更回先前的 API Gateway 端點。","正確答案是 B。以下是詳細的專業解析：

**為什麼選項 B 是正確的：**

選項 B 描述了使用 AWS SAM (Serverless Application Model) 和 AWS CodeDeploy 進行 Lambda 函數部署的最佳實踐，它直接解決了題目中提出的所有要求：縮短部署時間、減少錯誤偵測時間和縮短復原時間。

1.  **縮短部署時間 (Decrease the time to deploy)：**
    *   **AWS SAM (Serverless Application Model)：** SAM 是一個 CloudFormation 的擴展，它簡化了無伺服器應用程式的定義和部署。透過 SAM 模板，開發人員可以快速定義 Lambda 函數、API Gateway、DynamoDB 等資源，並將其打包和部署。這比手動執行多個 AWS CLI 指令碼更有效率且更不易出錯。
    *   **AWS CodeDeploy 的自動化：** CodeDeploy 提供了自動化的部署流程，無需手動干預即可完成新版本的部署，顯著縮短了部署所需的時間。

2.  **減少錯誤偵測時間 (Reduce the time to detect errors)：**
    *   **逐步流量轉移 (Gradual traffic shifting)：** CodeDeploy 支援多種部署策略，例如金絲雀部署 (Canary) 或線性部署 (Linear)，允許將一小部分流量（例如 10%）逐步轉移到新版本。這意味著即使新版本有問題，也只會影響一小部分用戶，從而限制了潛在的影響範圍。
    *   **流量前/流量後測試函數 (Pre-traffic and post-traffic test functions)：** CodeDeploy 允許在流量轉移之前和之後執行 Lambda 函數作為測試鉤子 (hooks)。這些測試函數可以在新版本接收生產流量之前執行自動化測試，例如單元測試、整合測試或煙霧測試，從而及早發現問題。
    *   **Amazon CloudWatch 警報整合：** CodeDeploy 可以與 CloudWatch 警報整合。您可以設定警報來監控新 Lambda 版本的錯誤率、延遲、調用次數等指標。一旦這些指標超出預設閾值，警報就會觸發。

3.  **縮短復原時間 (Reduce the time to revert when errors are identified)：**
    *   **自動回滾 (Automatic rollback)：** 當 CodeDeploy 部署與 CloudWatch 警報整合時，如果警報被觸發（表示新版本存在問題），CodeDeploy 會自動將流量回滾到先前的穩定版本。這種自動化回滾機制比手動執行 CLI 指令碼復原要快得多，並且減少了人為錯誤的風險。

綜合來看，AWS SAM 結合 CodeDeploy 的部署策略、測試鉤子和自動回滾功能，提供了一個全面且高度自動化的解決方案，完美符合題目中提出的所有要求。

**為什麼其他選項不正確：**

*   **A. 建立並部署巢狀 AWS CloudFormation 堆疊...：**
    *   CloudFormation 主要用於管理基礎設施即程式碼 (Infrastructure as Code)。雖然它可以部署 Lambda 函數並使用變更集預覽變更，但它本身不提供逐步流量轉移、流量前/流量後測試鉤子，或基於應用程式運行時指標的自動回滾功能。
    *   「復原 AWS CloudFormation 變更集」通常是指取消尚未執行的變更集，而不是將已部署的應用程式邏輯回滾到舊版本並管理流量。如果堆疊已經更新，要回滾到舊版本需要執行另一個更新操作，這不如 CodeDeploy 的自動回滾即時和精確。
    *   這種方法無法有效縮短錯誤偵測時間，因為它缺乏逐步流量轉移和自動化測試鉤子。

*   **C. 將 AWS CLI 指令碼重構為單一指令碼...：**
    *   將多個 CLI 指令碼合併為一個確實可以提高部署的自動化程度和效率，並可能縮短部署時間。
    *   然而，這種方法仍然是基於自訂指令碼的解決方案。它缺乏 CodeDeploy 提供的內建功能，例如：
        *   **逐步流量轉移：** 自訂指令碼很難實現複雜的流量轉移策略。
        *   **標準化的測試鉤子：** 需要自行編寫和管理測試邏輯。
        *   **基於 CloudWatch 警報的自動回滾：** 需要額外的邏輯來監控警報並觸發回滾，這增加了複雜性和維護負擔。
    *   因此，雖然比現有流程有所改進，但它無法像 CodeDeploy 那樣提供高度自動化、安全且快速的錯誤偵測和復原機制。

*   **D. 建立並部署一個 AWS CloudFormation 堆疊，該堆疊包含一個參考新 Lambda 版本的新 API Gateway 端點...：**
    *   這種方法本質上是一種手動的藍綠部署策略，透過切換 CloudFront 的來源來實現。
    *   **缺點：**
        *   **「大爆炸」式切換：** 更改 CloudFront 來源會將所有流量一次性切換到新版本，這沒有逐步流量轉移的安全性，一旦新版本有問題，會立即影響所有用戶。
        *   **手動回滾：** 偵測到錯誤後，需要手動將 CloudFront 來源切換回舊的 API Gateway 端點，這增加了復原時間和人為錯誤的風險。
        *   **資源冗餘：** 需要為每個版本維護獨立的 API Gateway 端點，增加了資源管理和成本。
        *   **缺乏內建測試：** 沒有內建的流量前/流量後測試鉤子來驗證 Lambda 函數的程式碼。
    *   因此，這種方法雖然可以實現快速切換，但在錯誤偵測、風險控制和自動化復原方面不如選項 B。"
20,"A company is planning to store a large number of archived documents and make the documents available to employees
through the corporate intranet. Employees will access the system by connecting through a client VPN service that is attached
to a VPC. The data must not be accessible to the public.
The documents that the company is storing are copies of data that is held on physical media elsewhere. The number of
requests will be low. Availability and speed of retrieval are not concerns of the company.
Which solution will meet these requirements at the LOWEST cost?","A. Create an Amazon S3 bucket. Configure the S3 bucket to use the S3 One Zone-Infrequent Access (S3 One Zone-IA)
storage class as default. Configure the S3 bucket for website hosting. Create an S3 interface endpoint. Configure the S3
bucket to allow access only through that endpoint.
B. Launch an Amazon EC2 instance that runs a web server. Attach an Amazon Elastic File System (Amazon EFS) file system
to store the archived data in the EFS One Zone-Infrequent Access (EFS One Zone-IA) storage class Configure the instance
security groups to allow access only from private networks.
C. Launch an Amazon EC2 instance that runs a web server Attach an Amazon Elastic Block Store (Amazon EBS) volume to
store the archived data. Use the Cold HDD (sc1) volume type. Configure the instance security groups to allow access only
from private networks.
D. Create an Amazon S3 bucket. Configure the S3 bucket to use the S3 Glacier Deep Archive storage class as default.
Configure the S3 bucket for website hosting. Create an S3 interface endpoint. Configure the S3 bucket to allow access only
through that endpoint.","This question requires the design of a lowest-cost solution for storing large amounts of archived documents and providing employee access through the corporate intranet while ensuring that the data remains private. Key requirements include: the material is a copy elsewhere (indicating that very high availability of this copy is not required), the number of requests is low, and availability and retrieval speed are not primary considerations.

**Correct answer: A**
* **Amazon S3 storage with S3 One Zone-Infrequent Access (S3 One Zone-IA) Storage Category: ** S3 is ideal for storing large amounts of archive files because it is highly scalable, durable, and cost-effective. S3 One Zone-IA is designed for data that is accessed infrequently but needs to be retrieved quickly, and its data is only stored in a single Availability Zone, making it cheaper than the multi-AZ S3 Standard-IA. The title clearly states that ""availability and retrieval speed are not the focus of the company"" and ""files are copies of data stored on other physical media"", which makes the durability risk of a single availability zone acceptable, thereby significantly reducing costs.
* **Setting up S3 storage for website hosting:** This provides a simple and cost-effective HTTP interface for employees to access files over the intranet, meeting the ""employee access over the corporate intranet"" requirement.
* **Create an S3 interface endpoint and restrict access:** The S3 Interface Endpoint allows resources within a VPC (or clients connected to the VPC via VPN) to privately access S3 services through AWS PrivateLink without going through the public Internet. This fully meets the requirements that ""data must not be publicly accessible"" and ""employees will access the system through a client VPN service connected to the VPC"", while also enhancing security.

Taken together, S3 One Zone-IA provides extremely low storage costs and instant retrieval capabilities (although retrieval speed is not the main consideration, immediacy is still beneficial to the user experience), combined with website hosting and private endpoints, perfectly meets all requirements and has the lowest cost.

**Reason why other options are incorrect:**

* **B. Start a",A,A (66% community votes),"一家公司計畫儲存大量歸檔文件，並透過企業內部網路讓員工存取這些文件。員工將透過連接到 VPC 的用戶端 VPN 服務存取系統。這些資料不得公開存取。
公司儲存的文件是儲存在其他實體媒體上的資料副本。請求數量將會很低。可","A. 建立一個 Amazon S3 儲存貯體。將 S3 儲存貯體設定為預設使用 S3 單區域不常存取 (S3 One Zone-IA) 儲存類別。將 S3 儲存貯體設定為網站託管。建立一個 S3 介面端點。將 S3 儲存貯體設定為僅允許透過該端點存取。
B. 啟動一個執行網頁伺服器的 Amazon EC2 執行個體。掛載一個 Amazon Elastic File System (Amazon EFS) 檔案系統，將歸檔資料儲存在 EFS 單區域不常存取 (EFS One Zone-IA) 儲存類別中。設定執行個體安全群組，僅允許來自私有網路的存取。
C. 啟動一個執行網頁伺服器的 Amazon EC2 執行個體。掛載一個 Amazon Elastic Block Store (Amazon EBS) 磁碟區來儲存歸檔資料。使用冷 HDD (sc1) 磁碟區類型。設定執行個體安全群組，僅允許來自私有網路的存取。
D. 建立一個 Amazon S3 儲存貯體。將 S3 儲存貯體設定為預設使用 S3 Glacier Deep Archive 儲存類別。將 S3 儲存貯體設定為網站託管。建立一個 S3 介面端點。將 S3 儲存貯體設定為僅允許透過該端點存取。","本題要求設計一個最低成本的解決方案，用於儲存大量歸檔文件，並透過企業內部網路提供員工存取，同時確保資料不公開。關鍵要求包括：資料是其他地方的副本（表示對此副本的極高可用性要求不高）、請求數量低、可用性和檢索速度不是主要考量。

**正確答案：A**
*   **Amazon S3 儲存貯體與 S3 One Zone-Infrequent Access (S3 One Zone-IA) 儲存類別：** S3 是儲存大量歸檔文件的理想選擇，因為它具有高擴展性、高耐用性且成本效益高。S3 One Zone-IA 專為不常存取但需要快速檢索的資料設計，且其資料僅儲存在單一可用區中，因此比多可用區的 S3 Standard-IA 更便宜。題目明確指出「可用性和檢索速度並非公司關心的重點」且「文件是儲存在其他實體媒體上的資料副本」，這使得單一可用區的耐用性風險可以接受，從而大幅降低成本。
*   **設定 S3 儲存貯體用於網站託管：** 這提供了一個簡單且成本效益高的 HTTP 介面，讓員工可以透過內部網路存取文件，符合「透過企業內部網路讓員工存取」的要求。
*   **建立 S3 介面端點並限制存取：** S3 介面端點 (Interface Endpoint) 允許 VPC 內的資源（或透過 VPN 連接到 VPC 的用戶端）透過 AWS PrivateLink 私密地存取 S3 服務，而無需經過公共網際網路。這完全滿足了「資料不得公開存取」和「員工將透過連接到 VPC 的用戶端 VPN 服務存取系統」的要求，同時也增強了安全性。

綜合來看，S3 One Zone-IA 提供了極低的儲存成本和即時檢索能力（儘管檢索速度不是主要考量，但即時性對使用者體驗仍有益），搭配網站託管和私有端點，完美符合所有要求，且成本最低。

**其他選項不正確的原因：**

*   **B. 啟動一個"
21,"A company is using an on-premises Active Directory service for user authentication. The company wants to use the same
authentication service to sign in to the company’s AWS accounts, which are using AWS Organizations. AWS Site-to-Site VPN
connectivity already exists between the on-premises environment and all the company’s AWS accounts.
The company’s security policy requires conditional access to the accounts based on user groups and roles. User identities must
be managed in a single location.
Which solution will meet these requirements?","A. Configure AWS IAM Identity Center (AWS Single Sign-On) to connect to Active Directory by using SAML 2.0. Enable
automatic provisioning by using the System for Cross-domain Identity Management (SCIM) v2.0 protocol. Grant access to
the AWS accounts by using attribute-based access controls (ABACs).
B. Configure AWS IAM Identity Center (AWS Single Sign-On) by using IAM Identity Center as an identity source. Enable
automatic provisioning by using the System for Cross-domain Identity Management (SCIM) v2.0 protocol. Grant access to
the AWS accounts by using IAM Identity Center permission sets.
C. In one of the company’s AWS accounts, configure AWS Identity and Access Management (IAM) to use a SAML 2.0 identity
provider. Provision IAM users that are mapped to the federated users. Grant access that corresponds to appropriate groups
in Active Directory. Grant access to the required AWS accounts by using cross-account IAM users.
D. In one of the company’s AWS accounts, configure AWS Identity and Access Management (IAM) to use an OpenID Connect
(OIDC) identity provider. Provision IAM roles that grant access to the AWS account for the federated users that correspond
to appropriate groups in Active Directory. Grant access to the required AWS accounts by using cross-account IAM roles.","This question requires using local Active Directory as the only source of identity management in an AWS Organizations environment to implement single sign-on and conditional access to AWS accounts.

**The correct answer is A. **

1. **Configure AWS IAM Identity Center (AWS Single Sign-On) to connect to Active Directory using SAML 2.0:**
    * **AWS IAM Identity Center (formerly AWS Single Sign-On)** is a service designed for AWS Organizations environments to centrally manage access to multiple AWS accounts and cloud applications. It perfectly meets the requirement of ""Sign in to corporate AWS accounts that use AWS Organizations"" in the question.
    * **Connect to Active Directory (AD)**: IAM Identity Center can authenticate using on-premises AD by integrating with an identity provider that supports SAML 2.0, such as on-premises Active Directory Federation Services (AD FS), either through the AWS Directory Service AD ​​Connector or directly. This satisfies the requirement of using the same authentication service and the local Active Directory service.
    * **SAML 2.0** is a standard federation protocol commonly used to integrate on-premises identity providers with cloud services.

2. **Enable auto-provisioning by using the System for Cross-Domain Identity Management (SCIM) v2.0 protocol:**
    * **SCIM (System for Cross-domain Identity Management)** is a standard protocol for automating the provisioning of users and groups from identity providers to service providers. This ensures that on-premises Active Directory remains the ""single place"" for managing user identities, and that changes made to users and groups in AD are automatically synced to IAM Identity Center without manual intervention. This meets the requirement that user identities must be managed in a single location.

3. **Grant access to your AWS account using attribute-based access control (ABAC):**
    * **ABAC (Attribute-Based Access Control)** allows the definition of granular access rights based on user attributes (e.g., group membership, department, position, etc. from Active Directory). IAM Identity Center can obtain subject attributes from a connected identity source (such as Active Directory) and pass these attributes to AWS IAM for use in IAM policies. This directly meets the security policy requirement of ""Conditional access to accounts based on user groups and roles.""

**Reason why other options are incorrect:**

* **B. Set up AWS IAM Identity Center (AWS Single Sign-On) and use IAM Identity Center as the identity source. **
    * The main pitfall with this option is using ""IAM Identity Center as the source of identity"". The question clearly requires the use of ""local Active Directory service"" as the authentication service, and ""user identities must be managed in a single location"" (i.e. local AD). If IAM Identity Center is used as the identity source, it means that users need to be created and managed in IAM Identity Center, which conflicts with the requirements of local AD and cannot achieve single identity management.

* **C. In one of your company's AWS accounts, set up AWS Identity and Access Management (IAM) to use a SAML 2.0 identity provider. Provision IAM users that map to federated users. **
    * **Setting up IAM in one AWS account**: This does not comply with best practices for managing multiple accounts in an AWS Organizations environment. Setting up separate identity providers in each account creates high management complexity and is difficult to scale. IAM Identity Center aims to solve this problem, providing centralized access management across multiple accounts.
    * **Deploying IAM Users**: The typical pattern for federation is to have an external user ""assume"" an IAM role, rather than creating a separate IAM user in AWS for each federated user. Creating IAM users results in identity redundancy and violates the requirement that user identities must be managed in a single location.

* **D. In one of your company's AWS accounts, set up AWS Identity and Access Management (IAM) to use the OpenID Connect (OIDC) identity provider. Deploy an IAM role to grant access to the AWS account to federated users who map to the appropriate groups in Active Directory. **
    * **Set up IAM in one AWS account**: Similar to Option C, this is not suitable for AWS Organizations' multi-account environments. While OIDC is a valid federation protocol, for on-premises Active Directory integration, SAML 2.0 or AD Connector paired with IAM Identity Center is more common and recommended.
    * **Deploy IAM roles**: While federating users into IAM roles is the correct pattern, this option lacks a central management plane (such as IAM Identity Center) to uniformly manage role assignments and permissions across multiple AWS accounts, which can lead to management complexity in an AWS Organizations environment.

In summary, Option A fully and optimally meets all requirements, leveraging the core capabilities of AWS IAM Identity Center to achieve centralized identity management, automated provisioning, and attribute-based conditional access to on-premises Active Directory.",A,A (79% community votes),"一家公司正在使用地端 Active Directory 服務進行使用者身份驗證。該公司希望使用相同的身份驗證服務登入其 AWS 帳戶，這些帳戶使用 AWS Organizations 進行管理。地端環境與公司所有 AWS 帳戶之間已存在 AWS Site-to-Site VPN 連線。
該公司的安全政策要求根據使用者群組和角色對帳戶進行條件式存取。使用者身份必須在單一位置進行管理。
哪種解決方案能滿足這些要求？","A. 設定 AWS IAM Identity Center (AWS Single Sign-On) 以使用 SAML 2.0 連接到 Active Directory。透過使用跨網域身份管理系統 (SCIM) v2.0 協定啟用自動佈建。使用屬性型存取控制 (ABAC) 授予 AWS 帳戶的存取權限。
B. 設定 AWS IAM Identity Center (AWS Single Sign-On)，並將 IAM Identity Center 作為身份來源。透過使用跨網域身份管理系統 (SCIM) v2.0 協定啟用自動佈建。使用 IAM Identity Center 權限集授予 AWS 帳戶的存取權限。
C. 在公司的一個 AWS 帳戶中，設定 AWS Identity and Access Management (IAM) 以使用 SAML 2.0 身份提供者。佈建對應到聯合使用者的 IAM 使用者。授予與 Active Directory 中適當群組相對應的存取權限。使用跨帳戶 IAM 使用者授予所需 AWS 帳戶的存取權限。
D. 在公司的一個 AWS 帳戶中，設定 AWS Identity and Access Management (IAM) 以使用 OpenID Connect (OIDC) 身份提供者。佈建 IAM 角色，為對應到 Active Directory 中適當群組的聯合使用者授予 AWS 帳戶的存取權限。使用跨帳戶 IAM 角色授予所需 AWS 帳戶的存取權限。","本題要求在 AWS Organizations 環境下，將地端 Active Directory 作為唯一的身份管理來源，實現對 AWS 帳戶的單一登入和條件式存取。

**正確答案是 A。**

1.  **設定 AWS IAM Identity Center (AWS Single Sign-On) 以使用 SAML 2.0 連接到 Active Directory：**
    *   **AWS IAM Identity Center (前身為 AWS Single Sign-On)** 是專為 AWS Organizations 環境設計的服務，用於集中管理對多個 AWS 帳戶和雲端應用程式的存取。它完美符合題目中「登入公司 AWS 帳戶，這些帳戶使用 AWS Organizations」的要求。
    *   **連接到 Active Directory (AD)**：IAM Identity Center 可以透過 AWS Directory Service AD Connector 或直接與支援 SAML 2.0 的身份提供者（例如，地端 Active Directory Federation Services (AD FS)）整合，從而使用地端 AD 進行身份驗證。這滿足了「使用相同的身份驗證服務」和「地端 Active Directory 服務」的要求。
    *   **SAML 2.0** 是一種標準的聯合身份驗證協定，常用於將地端身份提供者與雲端服務整合。

2.  **透過使用跨網域身份管理系統 (SCIM) v2.0 協定啟用自動佈建：**
    *   **SCIM (System for Cross-domain Identity Management)** 是一種標準協定，用於自動化使用者和群組從身份提供者到服務提供者的佈建。這確保了地端 Active Directory 仍然是「單一位置」管理使用者身份的來源，並且對 AD 中的使用者和群組所做的更改會自動同步到 IAM Identity Center，無需手動操作。這滿足了「使用者身份必須在單一位置進行管理」的要求。

3.  **使用屬性型存取控制 (ABAC) 授予 AWS 帳戶的存取權限：**
    *   **ABAC (Attribute-Based Access Control)** 允許根據使用者屬性（例如，來自 Active Directory 的群組成員資格、部門、職位等）來定義精細的存取權限。IAM Identity Center 能夠從連接的身份來源（如 Active Directory）獲取使用者屬性，並將這些屬性傳遞給 AWS IAM，以便在 IAM 政策中使用。這直接滿足了「根據使用者群組和角色對帳戶進行條件式存取」的安全政策要求。

**其他選項不正確的原因：**

*   **B. 設定 AWS IAM Identity Center (AWS Single Sign-On)，並將 IAM Identity Center 作為身份來源。**
    *   此選項的主要錯誤在於將「IAM Identity Center 作為身份來源」。題目明確要求使用「地端 Active Directory 服務」作為身份驗證服務，且「使用者身份必須在單一位置進行管理」（即地端 AD）。如果將 IAM Identity Center 作為身份來源，則意味著需要在 IAM Identity Center 中創建和管理使用者，這與地端 AD 的要求相衝突，也無法實現單一身份管理。

*   **C. 在公司的一個 AWS 帳戶中，設定 AWS Identity and Access Management (IAM) 以使用 SAML 2.0 身份提供者。佈建對應到聯合使用者的 IAM 使用者。**
    *   **在一個 AWS 帳戶中設定 IAM**：這不符合 AWS Organizations 環境下管理多個帳戶的最佳實踐。在每個帳戶中單獨設定身份提供者會導致管理複雜性高，難以擴展。IAM Identity Center 旨在解決此問題，提供跨多個帳戶的集中式存取管理。
    *   **佈建 IAM 使用者**：聯合身份驗證的典型模式是讓外部使用者「擔任 (assume)」IAM 角色，而不是在 AWS 中為每個聯合使用者創建單獨的 IAM 使用者。創建 IAM 使用者會導致身份冗餘，並違反「使用者身份必須在單一位置進行管理」的要求。

*   **D. 在公司的一個 AWS 帳戶中，設定 AWS Identity and Access Management (IAM) 以使用 OpenID Connect (OIDC) 身份提供者。佈建 IAM 角色，為對應到 Active Directory 中適當群組的聯合使用者授予 AWS 帳戶的存取權限。**
    *   **在一個 AWS 帳戶中設定 IAM**：與選項 C 類似，這不適合 AWS Organizations 的多帳戶環境。雖然 OIDC 是一種有效的聯合身份驗證協定，但對於地端 Active Directory 整合，SAML 2.0 或 AD Connector 搭配 IAM Identity Center 更為常見和推薦。
    *   **佈建 IAM 角色**：雖然聯合使用者擔任 IAM 角色是正確的模式，但此選項缺乏一個中央管理平面（如 IAM Identity Center）來統一管理跨多個 AWS 帳戶的角色分配和權限，這會導致在 AWS Organizations 環境下的管理複雜性。

綜上所述，選項 A 完整且最佳地滿足了所有要求，利用了 AWS IAM Identity Center 的核心功能來實現地端 Active Directory 的集中式身份管理、自動佈建和基於屬性的條件式存取。"
22,"A software company has deployed an application that consumes a REST API by using Amazon API Gateway, AWS Lambda
functions, and an Amazon DynamoDB table. The application is showing an increase in the number of errors during PUT
requests. Most of the PUT calls come from a small number of clients that are authenticated with specific API keys.
A solutions architect has identified that a large number of the PUT requests originate from one client. The API is noncritical,
and clients can tolerate retries of unsuccessful calls. However, the errors are displayed to customers and are causing damage
to the API’s reputation.
What should the solutions architect recommend to improve the customer experience?","A. Implement retry logic with exponential backoff and irregular variation in the client application. Ensure that the errors are
caught and handled with descriptive error messages.
B. Implement API throttling through a usage plan at the API Gateway level. Ensure that the client application handles code
429 replies without error.
C. Turn on API caching to enhance responsiveness for the production stage. Run 10-minute load tests. Verify that the cache
capacity is appropriate for the workload.
D. Implement reserved concurrency at the Lambda function level to provide the resources that are needed during sudden
increases in traffic.","The correct answer is B. The following is a detailed professional analysis:

**Why option B is correct:**

1. **Core of the problem:** The title clearly states that ""a large number of PUT requests originate from one client"" and that ""most PUT calls originate from a small number of clients that use specific API keys for authentication."" This indicates that the problem is that a single or a small number of clients are sending too many requests, causing the backend services (Lambda, DynamoDB) to be overloaded and generating errors.
2. **API Gateway Throttling and Usage Plan:** Amazon API Gateway’s throttling feature allows you to set request rate limits and burst limits for your API. Combined with usage plans, you can define different throttling limits and quotas for specific API keys (i.e. specific clients). This directly solves the problem of ""one client"" or ""a few clients"" sending too many requests, preventing them from overwhelming the backend service.
3. **Handling 429 reply:** When the request exceeds the set throttling limit, API Gateway will return HTTP status code 429 (Too Many Requests). The question mentions that ""clients can tolerate retries of unsuccessful calls"", which is consistent with the standard practice of handling 429 responses and implementing retry logic (usually with exponential backoff)",B,B (73% community votes),"一家軟體公司部署了一個應用程式，該應用程式使用 Amazon API Gateway、AWS Lambda 函數和 Amazon DynamoDB 表來消耗 REST API。該應用程式在 PUT 請求期間顯示錯誤數量增加。大多數 PUT 呼叫來自少數使用特定 API 金鑰進行身份驗證的客戶端。一位解決方案架構師已識別出大量 PUT 請求源自一個客戶端。該 API 並非關鍵業務，客戶端可以容忍對不成功呼叫的重試。然而，這些錯誤會顯示給客戶，並損害 API 的聲譽。
解決方案架構師應該推薦什麼來改善客戶體驗？","A. 在客戶端應用程式中實作具有指數退避和不規則變化的重試邏輯。確保錯誤被捕獲並以描述性錯誤訊息處理。
B. 在 API Gateway 層級透過用量計畫實作 API 節流。確保客戶端應用程式能無誤地處理 429 回覆。
C. 開啟 API 快取以增強生產階段的響應能力。執行 10 分鐘的負載測試。驗證快取容量是否適合工作負載。
D. 在 Lambda 函數層級實作預留並行，以在流量突然增加時提供所需的資源。","正確答案是 B。以下是詳細的專業解析：

**為什麼選項 B 是正確的：**

1.  **問題核心：** 題目明確指出「大量 PUT 請求源自一個客戶端」，且「大多數 PUT 呼叫來自少數使用特定 API 金鑰進行身份驗證的客戶端」。這表明問題在於單一或少數客戶端發送過多請求，導致後端服務（Lambda、DynamoDB）過載並產生錯誤。
2.  **API Gateway 節流 (Throttling) 與用量計畫 (Usage Plan)：** Amazon API Gateway 的節流功能允許您設定 API 的請求速率限制和突發限制。結合用量計畫，您可以為特定的 API 金鑰（即特定的客戶端）定義不同的節流限制和配額。這直接解決了「一個客戶端」或「少數客戶端」發送過多請求的問題，防止它們壓垮後端服務。
3.  **處理 429 回覆：** 當請求超過設定的節流限制時，API Gateway 會返回 HTTP 狀態碼 429 (Too Many Requests)。題目中提到「客戶端可以容忍對不成功呼叫的重試」，這與處理 429 回覆並實作重試邏輯（通常帶有指數退避）的標準做法相符"
23,"A company is running a data-intensive application on AWS. The application runs on a cluster of hundreds of Amazon EC2
instances. A shared file system also runs on several EC2 instances that store 200 TB of data. The application reads and
modifies the data on the shared file system and generates a report. The job runs once monthly, reads a subset of the files from
the shared file system, and takes about 72 hours to complete. The compute instances scale in an Auto Scaling group, but the
instances that host the shared file system run continuously. The compute and storage instances are all in the same AWS
Region.
A solutions architect needs to reduce costs by replacing the shared file system instances. The file system must provide high
performance access to the needed data for the duration of the 72-hour run.
Which solution will provide the LARGEST overall cost reduction while meeting these requirements?","A. Migrate the data from the existing shared file system to an Amazon S3 bucket that uses the S3 Intelligent-Tiering
storage class. Before the job runs each month, use Amazon FSx for Lustre to create a new file system with the data from
Amazon S3 by using lazy loading. Use the new file system as the shared storage for the duration of the job. Delete the file
system when the job is complete.
B. Migrate the data from the existing shared file system to a large Amazon Elastic Block Store (Amazon EBS) volume with
Multi-Attach enabled. Attach the EBS volume to each of the instances by using a user data script in the Auto Scaling group
launch template. Use the EBS volume as the shared storage for the duration of the job. Detach the EBS volume when the
job is complete
C. Migrate the data from the existing shared file system to an Amazon S3 bucket that uses the S3 Standard storage class.
Before the job runs each month, use Amazon FSx for Lustre to create a new file system with the data from Amazon S3 by
using batch loading. Use the new file system as the shared storage for the duration of the job. Delete the file system when
the job is complete.
D. Migrate the data from the existing shared file system to an Amazon S3 bucket. Before the job runs each month, use AWS
Storage Gateway to create a file gateway with the data from Amazon S3. Use the file gateway as the shared storage for the
job. Delete the file gateway when the job is complete.","The answer is A.

**Why A:**

Option A provides the greatest cost savings while meeting performance and temporary use requirements. Here are the detailed instructions:

* **Cost Savings:**
    * **Amazon S3 Intelligent-Tiering:** S3 Intelligent-Tiering will automatically move data to the most economical access tier, which can significantly reduce storage costs for infrequently accessed data. While the data needs to be loaded into FSx for Luster while the job is running, the rest of the time the data is stored in S3 and can be optimized based on access patterns.
    * **Lazy Loading for Amazon FSx for Luster:** FSx for Luster is a high-performance file system ideal for data-intensive applications. With lazy loading, FSx for Luster only loads data from S3 when needed, which means you only pay for FSx for Luster for the data you actually access, rather than continually paying for a high-performance file system for the entire 200 TB of data.
    * **Temporary use and deletion:** Deletes the FSx for Luster file system after the job is complete, avoiding ongoing execution unit and storage costs. This is in stark contrast to the old approach of continuing to run a shared file system.

* **Performance:**
    * **Amazon FSx for Luster:** FSx for Luster is designed for high-performance computing and data-intensive workloads, delivering the 72-hour high throughput and low-latency access your applications require.
    * **Lazy Loading:** Although it is lazy loading, FSx for Luster can quickly load and provide high-performance access to the subset of data that the application needs to access within 72 hours.

* **Meets requirements: **
    * **High-end performance access:** FSx for Luster provides the necessary performance.
    * **Temporary use:** FSx for Luster is only created and used while the job is running, and deleted after completion, which perfectly meets the needs of temporary use.
    * **Cost Savings:** Maximum cost savings achieved when combined with temporary use of S3 Intelligent-Tiering and FSx for Luster.

**Why the other options are incorrect:**

* **B. Amazon EBS Volumes and Multi-Attach:**
    * **Cost:** The ongoing cost of EBS volumes (especially large volumes) can be higher than the cost of S3 storage. While Multi-Attach allows simultaneous access by multiple execution instances, EBS may not be as performant and scalable as FSx for Luster for this data-intensive workload.
    * **Implementation of Shared File System:** EBS itself is not a shared file system that natively supports simultaneous writing by multiple execution entities. Additional file system software (such as NFS or GlusterFS) is required to implement sharing, which adds complexity and potential performance bottlenecks.
    * **Temporary:** While available for temporary use, the cost structure of EBS may not be as flexible as the combination of S3 + FSx for Luster.

* **C. Amazon S3 Standard + FSx for Luster (batch load): **
    * **Cost:** S3 Standard costs more than S3 Intelligent-Tiering. If your data has uneven access patterns, using S3 Standard can result in unnecessary storage charges.
    * **Batch Loading:** Compared to lazy loading, batch loading means that more data needs to be loaded into FSx for Lustre before the job starts, which may increase the initial load time and cost, and may not load data on demand as accurately as lazy loading.

* **D. AWS Storage Gateway:**
    * **Performance:** Storage Gateway's file gateway is mainly designed to integrate local storage with S3 and provide a file interface, but its performance is usually not as good as Amazon FSx for Luster, which is designed for high-performance computing. For data-intensive jobs lasting up to 72 hours, throughput and latency may not be sufficient.
    * **Cost:** Although Storage Gateway itself has a cost, its performance bottleneck may lead to extended operation time, thereby increasing the cost of individual computing executions. The overall cost savings may not be as good as option A.
    * **Temporary:** While it can be used temporarily, its performance limitations make it not the best choice.",A,A (86% community votes),"一家公司正在 AWS 上運行一個數據密集型應用程式。該應用程式運行在數百個 Amazon EC2 執行個體組成的叢集上。一個共用檔案系統也運行在幾個 EC2 執行個體上，儲存了 200 TB 的資料。該應用程式讀取和修改共用檔案系統上的資料並生成報告。該作業每月運行一次，從共用檔案系統讀取一部分檔案，大約需要 72 小時才能完成。計算執行個體在 Auto Scaling 群組中進行擴展，但託管共用檔案系統的執行個體則持續運行。計算和儲存執行個體都在同一個 AWS 區域。
一位解決方案架構師需要透過更換共用檔案系統執行個體來降低成本。檔案系統必須在 72 小時運行期間提供對所需資料的高效能存取。
哪種解決方案能在滿足這些需求的同時提供最大的整體成本節約？","A. 將資料從現有的共用檔案系統遷移到使用 S3 Intelligent-Tiering 儲存類別的 Amazon S3 儲存桶。在每月作業運行之前，使用 Amazon FSx for Lustre，透過延遲載入 (lazy loading) 從 Amazon S3 建立一個包含資料的新檔案系統。在作業運行期間使用新的檔案系統作為共用儲存。作業完成後刪除檔案系統。
B. 將資料從現有的共用檔案系統遷移到一個大型 Amazon Elastic Block Store (Amazon EBS) 磁碟區，並啟用 Multi-Attach。使用 Auto Scaling 群組啟動範本中的使用者資料腳本，將 EBS 磁碟區附加到每個執行個體。在作業運行期間使用 EBS 磁碟區作為共用儲存。作業完成後卸載 EBS 磁碟區。
C. 將資料從現有的共用檔案系統遷移到使用 S3 Standard 儲存類別的 Amazon S3 儲存桶。在每月作業運行之前，使用 Amazon FSx for Lustre，透過批次載入 (batch loading) 從 Amazon S3 建立一個包含資料的新檔案系統。在作業運行期間使用新的檔案系統作為共用儲存。作業完成後刪除檔案系統。
D. 將資料從現有的共用檔案系統遷移到一個 Amazon S3 儲存桶。在每月作業運行之前，使用 AWS Storage Gateway 建立一個檔案閘道，並從 Amazon S3 載入資料。在作業中使用檔案閘道作為共用儲存。作業完成後刪除檔案閘道。","答案是 A。

**為什麼是 A：**

選項 A 提供了最大的成本節約，同時滿足了效能和臨時性使用的需求。以下是詳細說明：

*   **成本節約：**
    *   **Amazon S3 Intelligent-Tiering：** S3 Intelligent-Tiering 會自動將資料移動到最經濟實惠的存取層，對於不常存取的資料可以顯著降低儲存成本。雖然在作業運行期間需要將資料載入到 FSx for Lustre，但其餘時間資料儲存在 S3 中，並且可以根據存取模式進行優化。
    *   **Amazon FSx for Lustre 的延遲載入 (Lazy Loading)：** FSx for Lustre 是一個高性能的檔案系統，非常適合數據密集型應用程式。透過延遲載入，FSx for Lustre 僅在需要時從 S3 載入資料，這意味著您只需為實際存取的資料支付 FSx for Lustre 的費用，而不是為整個 200 TB 資料持續支付高性能檔案系統的費用。
    *   **臨時性使用和刪除：** 在作業完成後刪除 FSx for Lustre 檔案系統，避免了持續的執行個體和儲存成本。這與持續運行共用檔案系統的舊方案形成鮮明對比。

*   **效能：**
    *   **Amazon FSx for Lustre：** FSx for Lustre 專為高性能計算和數據密集型工作負載而設計，能夠提供應用程式所需的 72 小時高吞吐量和低延遲存取。
    *   **延遲載入 (Lazy Loading)：** 雖然是延遲載入，但對於應用程式在 72 小時內需要存取的數據子集，FSx for Lustre 可以快速載入並提供高性能存取。

*   **符合需求：**
    *   **高階效能存取：** FSx for Lustre 提供了必要的效能。
    *   **臨時性使用：** 僅在作業運行期間建立和使用 FSx for Lustre，並在完成後刪除，完美符合臨時性使用的需求。
    *   **成本節約：** 結合 S3 Intelligent-Tiering 和 FSx for Lustre 的臨時性使用，實現了最大的成本節約。

**為什麼其他選項不正確：**

*   **B. Amazon EBS 磁碟區與 Multi-Attach：**
    *   **成本：** EBS 磁碟區（尤其是大型磁碟區）的持續成本可能高於 S3 的儲存成本。雖然 Multi-Attach 允許多個執行個體同時存取，但 EBS 的效能和擴展性可能不如 FSx for Lustre 針對這種數據密集型工作負載。
    *   **共用檔案系統的實現：** EBS 本身不是一個原生支援多個執行個體同時寫入的共用檔案系統。需要額外的檔案系統軟體（如 NFS 或 GlusterFS）來實現共用，這會增加複雜性和潛在的效能瓶頸。
    *   **臨時性：** 雖然可以臨時使用，但 EBS 的成本結構可能不如 S3 + FSx for Lustre 的組合靈活。

*   **C. Amazon S3 Standard + FSx for Lustre (批次載入)：**
    *   **成本：** S3 Standard 的成本高於 S3 Intelligent-Tiering。如果數據的存取模式不均勻，使用 S3 Standard 會導致不必要的儲存費用。
    *   **批次載入 (Batch Loading)：** 相較於延遲載入，批次載入意味著在作業開始前需要將更多數據載入到 FSx for Lustre，這可能會增加初始載入時間和成本，並且可能沒有延遲載入那樣精確地按需載入數據。

*   **D. AWS Storage Gateway (檔案閘道)：**
    *   **效能：** Storage Gateway 的檔案閘道主要設計用於將本地儲存與 S3 整合，提供檔案介面，但其效能通常不如專為高性能計算設計的 Amazon FSx for Lustre。對於長達 72 小時的數據密集型作業，其吞吐量和延遲可能無法滿足需求。
    *   **成本：** 雖然 Storage Gateway 本身有成本，但其效能瓶頸可能導致作業時間延長，進而增加計算執行個體的成本，總體成本節約可能不如選項 A。
    *   **臨時性：** 雖然可以臨時使用，但其效能限制使其不是最佳選擇。"
24,"A company is developing a new service that will be accessed using TCP on a static port. A solutions architect must ensure that
the service is highly available, has redundancy across Availability Zones, and is accessible using the DNS name
my.service.com, which is publicly accessible. The service must use fixed address assignments so other companies can add the
addresses to their allow lists.
Assuming that resources are deployed in multiple Availability Zones in a single Region, which solution will meet these
requirements?","A. Create Amazon EC2 instances with an Elastic IP address for each instance. Create a Network Load Balancer (NLB) and
expose the static TCP port. Register EC2 instances with the NLB. Create a new name server record set named
my.service.com, and assign the Elastic IP addresses of the EC2 instances to the record set. Provide the Elastic IP
addresses of the EC2 instances to the other companies to add to their allow lists.
B. Create an Amazon ECS cluster and a service definition for the application. Create and assign public IP addresses for the
ECS cluster. Create a Network Load Balancer (NLB) and expose the TCP port. Create a target group and assign the ECS
cluster name to the NLCreate a new A record set named my.service.com, and assign the public IP addresses of the ECS
cluster to the record set. Provide the public IP addresses of the ECS cluster to the other companies to add to their allow
lists.
C. Create Amazon EC2 instances for the service. Create one Elastic IP address for each Availability Zone. Create a Network
Load Balancer (NLB) and expose the assigned TCP port. Assign the Elastic IP addresses to the NLB for each Availability
Zone. Create a target group and register the EC2 instances with the NLB. Create a new A (alias) record set named
my.service.com, and assign the NLB DNS name to the record set.
D. Create an Amazon ECS cluster and a service definition for the application. Create and assign public IP address for each
host in the cluster. Create an Application Load Balancer (ALB) and expose the static TCP port. Create a target group and
assign the ECS service definition name to the ALB. Create a new CNAME record set and associate the public IP addresses
to the record set. Provide the Elastic IP addresses of the Amazon EC2 instances to the other companies to add to their
allow lists.","The correct answer is C.

**Why the answer is C:**

* **High availability and redundancy across availability zones:** The question requires high availability of the service and redundancy across availability zones. Option C accomplishes this by establishing an Elastic IP address for each Availability Zone and assigning it to a Network Load Balancer (NLB), and deploying EC2 instances across multiple Availability Zones and registering them with the NLB. NLB itself is designed across availability zones and can spread traffic to execution individuals in different availability zones.
* **Static Port and Fixed Address Assignment:** The service requires a static port using TCP and requires a fixed address assignment for other companies to add to the allow list.
    * NLB can listen to specified static TCP ports.
    * Option C states ""Create an Elastic IP address for each availability zone. Assign the Elastic IP address to the NLB."" While NLB itself does not directly assign Elastic IPs, NLB's front-end IPs can be Elastic IPs, which provides fixed, predictable IP addresses. More importantly, the question requires ""fixed address assignment"", and the DNS name of NLB is fixed and can be resolved to the front-end IP of NLB through DNS. When the front-end IP of NLB is an Elastic IP, this meets the ""fixed address"" requirement because Elastic IP is a static, bindable IP address.
    * By assigning the NLB's DNS name to the A (alias) record set of `my.service.com`, clients can use this DNS name to access the service.
* **Publicly accessible and DNS name:** `my.service.com` This DNS name requires public access. Option C uses an A (alias) record set to point `my.service.com` to the NLB's DNS name. This is a standard DNS setup that ensures public access.
* **Add other companies to the allowed list:** Although option C does not directly state providing Elastic IP to other companies, the front-end IP of NLB is fixed (if it is Elastic IP), and this fixed IP address can be provided to other companies to add to the allowed list. The more common approach is to provide the NLB's DNS name, but if the other party mandates an IP, the NLB's front-end IP is a viable option.

**Why the other options are incorrect:**

* **Option A:**
    * **Issue:** Assign the Elastic IP address directly to each EC2 instance, and assign those EC2 Elastic IP addresses to the nameserver record set of `my.service.com`.
    * **Incorrect reason:**
        * **Insufficient High Availability and Redundancy:** If Elastic IPs are assigned directly to EC2 instances and these IPs are placed in DNS records, then when an EC2 instance in one Availability Zone fails, the IP address in the DNS record still points to the failed instance, and traffic cannot be automatically transferred to other Availability Zones. This does not enable automatic redundancy and high availability across Availability Zones.
        * **Management Complexity:** Requires manual management of the Elastic IP for each EC2 instance and updating DNS records when instance replacement is performed.
        * **The role of NLB:** Although NLB is mentioned, assigning EC2's Elastic IP directly to a DNS record, rather than relying on the NLB's DNS name, dilutes the role of NLB.

* **Option B:**
    * **Issue:** Create and assign public IP addresses to the ECS cluster, and assign these public IP addresses to the A record set of `my.service.com`.
    * **Incorrect reason:**
        * **Fixed Address Assignment Issue:** The public IP addresses of tasks (containers) in an ECS cluster are usually dynamically assigned or associated with the IP of the underlying EC2 executor. Assigning these dynamic IPs directly to DNS records does not meet the requirements of Fixed Address Assignment because these IPs may change at any time.
        * **What NLB does:** Although NLB is mentioned, the ECS cluster's public IP address is assigned to the A record set instead of the NLB's DNS name, which means that traffic is directed directly to the ECS cluster rather than through the NLB.
        * **Target group setting error:** It is incorrect to assign the ECS cluster name to the target group, which should register the task or execution instance of the ECS service.

* **Option D:**
    * **Issue:** Use an Application Load Balancer (ALB) to handle TCP traffic and associate public IP addresses to CNAME record sets.
    * **Incorrect reason:**
        * **Limitations of ALB:** ALB is mainly used for HTTP/HTTPS traffic. Although it supports TCP traffic, NLB is usually a better choice when dealing with static TCP ports and scenarios that require precise IP address control, because NLB works below layer 7 of the OSI model, has lower latency, and is designed for TCP/UDP.
        * **CNAME record sets and IP addresses:** CNAME record sets are used to point one domain name to another domain name, rather than directly associating IP addresses. It is an error to associate a public IP address to a CNAME record set.
        * **Fixed address assignment issue:** If the front-end IP of the ALB is dynamic, or the IP assigned to the ECS task is dynamic, the requirements for fixed address assignment are not met.
        * **Proposition of providing Elastic IP:** The question mentions providing Elastic IP, but option D mentions providing the Elastic IP of Amazon EC2 execution individuals, which may not be consistent with the scenario of using ALB, because ALB is usually an AWS-managed service, and its front-end IP is allocated by AWS.

In summary, Option C provides the solution that best meets all requirements: high availability through NLB, redundancy across Availability Zones, and the conditions for fixed address assignment and DNS accessibility through NLB's fixed front-end IP (if using Elastic IP) and NLB's DNS name.",C,C (100% community votes),一家公司正在開發一項新服務，該服務將透過 TCP 在靜態埠上存取。解決方案架構師必須確保該服務高可用性、跨可用區域具備備援，並可透過 DNS 名稱 my.service.com 存取，該名稱可公開存取。該服務必須使用固定的位址指派，以便其他公司可以將這些位址加入其允許清單。假設資源部署在單,"A. 建立具有每個執行個體之 Elastic IP 位址的 Amazon EC2 執行個體。建立一個 Network Load Balancer (NLB) 並公開靜態 TCP 埠。將 EC2 執行個體註冊到 NLB。建立一個名為 my.service.com 的新名稱伺服器記錄集，並將 EC2 執行個體的 Elastic IP 位址指派給記錄集。將 EC2 執行個體的 Elastic IP 位址提供給其他公司加入其允許清單。
B. 建立一個 Amazon ECS 叢集和應用程式的服務定義。為 ECS 叢集建立並指派公用 IP 位址。建立一個 Network Load Balancer (NLB) 並公開 TCP 埠。建立一個目標群組並將 ECS 叢集名稱指派給 NLB。建立一個名為 my.service.com 的新 A 記錄集，並將 ECS 叢集的公用 IP 位址指派給記錄集。將 ECS 叢集的公用 IP 位址提供給其他公司加入其允許清單。
C. 為服務建立 Amazon EC2 執行個體。為每個可用區域建立一個 Elastic IP 位址。建立一個 Network Load Balancer (NLB) 並公開指派的 TCP 埠。為每個可用區域的 NLB 指派 Elastic IP 位址。建立一個目標群組並將 EC2 執行個體註冊到 NLB。建立一個名為 my.service.com 的新 A (alias) 記錄集，並將 NLB DNS 名稱指派給記錄集。
D. 建立一個 Amazon ECS 叢集和應用程式的服務定義。為叢集中的每個主機建立並指派公用 IP 位址。建立一個 Application Load Balancer (ALB) 並公開靜態 TCP 埠。建立一個目標群組並將 ECS 服務定義名稱指派給 ALB。建立一個新的 CNAME 記錄集並將公用 IP 位址關聯到記錄集。將 Amazon EC2 執行個體的 Elastic IP 位址提供給其他公司加入其允許清單。","正確答案是 C。

**為什麼答案是 C：**

*   **高可用性和跨可用區域備援：** 題目要求服務高可用性並跨可用區域具備備援。選項 C 透過為每個可用區域建立一個 Elastic IP 位址並將其指派給 Network Load Balancer (NLB)，以及將 EC2 執行個體部署在多個可用區域並註冊到 NLB，實現了這一點。NLB 本身就是跨可用區域設計的，可以將流量分散到不同可用區域中的執行個體。
*   **靜態埠和固定位址指派：** 服務需要使用 TCP 的靜態埠，並且需要固定的位址指派供其他公司加入允許清單。
    *   NLB 可以監聽指定的靜態 TCP 埠。
    *   選項 C 指出「為每個可用區域建立一個 Elastic IP 位址。將 Elastic IP 位址指派給 NLB」。雖然 NLB 本身不直接指派 Elastic IP，但 NLB 的前端 IP 可以是 Elastic IP，這提供了固定的、可預測的 IP 位址。更重要的是，題目要求「固定位址指派」，而 NLB 的 DNS 名稱是固定的，並且可以透過 DNS 解析到 NLB 的前端 IP。當 NLB 的前端 IP 是 Elastic IP 時，這就滿足了「固定位址」的要求，因為 Elastic IP 是靜態的、可綁定的 IP 位址。
    *   透過將 NLB 的 DNS 名稱指派給 `my.service.com` 的 A (alias) 記錄集，客戶端可以使用這個 DNS 名稱來存取服務。
*   **可公開存取和 DNS 名稱：** `my.service.com` 這個 DNS 名稱需要公開存取。選項 C 使用 A (alias) 記錄集將 `my.service.com` 指向 NLB 的 DNS 名稱，這是標準的 DNS 設定方式，確保了公開存取。
*   **其他公司加入允許清單：** 雖然選項 C 沒有直接說明提供 Elastic IP 給其他公司，但 NLB 的前端 IP 是固定的（如果是 Elastic IP），這個固定的 IP 位址可以提供給其他公司加入允許清單。更常見的做法是提供 NLB 的 DNS 名稱，但如果對方強制要求 IP，則 NLB 的前端 IP 是可行的選項。

**為什麼其他選項不正確：**

*   **選項 A：**
    *   **問題點：** 將 Elastic IP 位址直接指派給每個 EC2 執行個體，並將這些 EC2 的 Elastic IP 位址指派給 `my.service.com` 的名稱伺服器記錄集。
    *   **不正確原因：**
        *   **高可用性和備援不足：** 如果將 Elastic IP 直接指派給 EC2 執行個體，並將這些 IP 放在 DNS 記錄中，那麼當一個可用區域的 EC2 執行個體發生故障時，DNS 記錄中的 IP 位址仍然指向該故障的執行個體，流量將無法自動轉移到其他可用區域。這無法實現跨可用區域的自動備援和高可用性。
        *   **管理複雜性：** 需要手動管理每個 EC2 執行個體的 Elastic IP，並在執行個體替換時更新 DNS 記錄。
        *   **NLB 的作用：** 雖然提到了 NLB，但將 EC2 的 Elastic IP 直接指派給 DNS 記錄，而不是依賴 NLB 的 DNS 名稱，削弱了 NLB 的作用。

*   **選項 B：**
    *   **問題點：** 為 ECS 叢集建立並指派公用 IP 位址，並將這些公用 IP 位址指派給 `my.service.com` 的 A 記錄集。
    *   **不正確原因：**
        *   **固定位址指派問題：** ECS 叢集中的任務（容器）的公用 IP 位址通常是動態分配的，或者與底層 EC2 執行個體的 IP 相關聯。直接將這些動態 IP 指派給 DNS 記錄，不符合「固定位址指派」的要求，因為這些 IP 可能會隨時改變。
        *   **NLB 的作用：** 雖然提到了 NLB，但將 ECS 叢集的公用 IP 位址指派給 A 記錄集，而不是 NLB 的 DNS 名稱，這意味著流量直接導向 ECS 叢集，而不是透過 NLB。
        *   **目標群組設定錯誤：** 將 ECS 叢集名稱指派給目標群組是不正確的，目標群組應該註冊 ECS 服務的任務或執行個體。

*   **選項 D：**
    *   **問題點：** 使用 Application Load Balancer (ALB) 來處理 TCP 流量，並將公用 IP 位址關聯到 CNAME 記錄集。
    *   **不正確原因：**
        *   **ALB 的限制：** ALB 主要用於 HTTP/HTTPS 流量，雖然它支援 TCP 流量，但通常在處理靜態 TCP 埠和需要精確 IP 位址控制的場景下，NLB 是更優的選擇，因為 NLB 在 OSI 模型第七層以下工作，延遲更低，並且專為 TCP/UDP 設計。
        *   **CNAME 記錄集與 IP 位址：** CNAME 記錄集用於將一個網域名稱指向另一個網域名稱，而不是直接關聯 IP 位址。將公用 IP 位址關聯到 CNAME 記錄集是錯誤的。
        *   **固定位址指派問題：** 如果 ALB 的前端 IP 是動態的，或者指派給 ECS 任務的 IP 是動態的，則不符合固定位址指派的要求。
        *   **提供 Elastic IP 的說法：** 題目提到提供 Elastic IP，但選項 D 提到提供 Amazon EC2 執行個體的 Elastic IP，這與使用 ALB 的情境可能不符，因為 ALB 通常是 AWS 管理的服務，其前端 IP 是由 AWS 分配的。

總結來說，選項 C 提供了最符合所有要求的解決方案：透過 NLB 實現高可用性、跨可用區域備援，並透過 NLB 的固定前端 IP（若使用 Elastic IP）和 NLB 的 DNS 名稱滿足固定位址指派和 DNS 可存取的條件。"
25,"A company uses an on-premises data analytics platform. The system is highly available in a fully redundant configuration
across 12 servers in the company’s data center.
The system runs scheduled jobs, both hourly and daily, in addition to one-time requests from users. Scheduled jobs can take
between 20 minutes and 2 hours to finish running and have tight SLAs. The scheduled jobs account for 65% of the system
usage. User jobs typically finish running in less than 5 minutes and have no SLA. The user jobs account for 35% of system
usage. During system failures, scheduled jobs must continue to meet SLAs. However, user jobs can be delayed.
A solutions architect needs to move the system to Amazon EC2 instances and adopt a consumption-based model to reduce
costs with no long-term commitments. The solution must maintain high availability and must not affect the SLAs.
Which solution will meet these requirements MOST cost-effectively?","A. Split the 12 instances across two Availability Zones in the chosen AWS Region. Run two instances in each Availability
Zone as On-Demand Instances with Capacity Reservations. Run four instances in each Availability Zone as Spot Instances.
B. Split the 12 instances across three Availability Zones in the chosen AWS Region. In one of the Availability Zones, run all
four instances as On-Demand Instances with Capacity Reservations. Run the remaining instances as Spot Instances.
C. Split the 12 instances across three Availability Zones in the chosen AWS Region. Run two instances in each Availability
Zone as On-Demand Instances with a Savings Plan. Run two instances in each Availability Zone as Spot Instances.
D. Split the 12 instances across three Availability Zones in the chosen AWS Region. Run three instances in each Availability
Zone as On-Demand Instances with Capacity Reservations. Run one instance in each Availability Zone as a Spot Instance.","The correct answer is D.

**Analysis:**

The key to this question is how to meet the requirements of high availability, strict SLA scheduled jobs, and allowing user job delays in the most cost-effective manner.

* **High Availability (High Availability):** In order to achieve high availability, the system must be able to tolerate the failure of a single availability zone (Availability Zone, AZ). This means workloads should be spread across at least two AZs, and preferably three AZs for optimal resiliency.
* **Scheduled jobs with strict SLA (65% load):** These jobs are time-sensitive and cannot be interrupted. Therefore, they require stable and predictable resources. On-Demand Instances provide this stability. To ensure that SLAs are met even in the event of an AZ failure, we need to ensure that there are enough on-demand execution individuals in each AZ to handle these critical jobs. Capacity Reservations guarantee reserved capacity in a specific AZ for on-demand execution individuals, ensuring availability even during peak demand periods, which is critical to meeting SLAs.
* **User jobs (35% load):** These jobs are not time sensitive and can tolerate delays. Spot Instances are the most affordable option because they are much cheaper than On-Demand Instances, but can be interrupted at any time. Since user jobs can be delayed, using Spot instances to handle this portion of the load can significantly reduce costs.
* **Pay-as-you-go and no long-term commitment:** This means we should avoid using Reserved Instances or Savings Plans (unless to optimize the cost of on-demand instances, but here the emphasis is more on the trade-off between elasticity and cost-effectiveness). Spot instances and On-Demand instances (without long-term commitment) meet this requirement.

**Advantages of Option D:**

* **Spread across three AZs:** Provides optimal availability and can tolerate single AZ failures.
* **Three On-Demand Instances plus Capacity Reservations in each AZ:** Total 3 * 3 = 9 On-Demand Instances. This provides sufficient redundancy to run critical scheduled jobs. Even if one AZ fails, the remaining two AZs still have 3 * 2 = 6 on-demand execution entities, enough to handle 65% of the scheduled job load and ensure that the SLA is met. Capacity reservation further ensures the availability of these critical execution individuals.
* **One Spot Instance in each AZ:** There are 3 Spot Instances in total. This portion of resources is used to process 35% of user jobs. Because user jobs can be delayed, potential interruptions to individual Spot executions will not impact critical scheduled jobs. At the same time, Spot executors provide significant cost savings.

**Why the other options are incorrect:**

* **Option A:**
    * **Only two AZs:** While providing high availability, three AZs generally provide better resiliency.
    * **Two On-Demand instances and four Spot instances per AZ:** Total of 4 On-Demand instances and 8 Spot instances. If one AZ fails, the other AZ only has 2 on-demand instances. This may not be enough to handle 65% of the scheduled job load, especially if multiple long-running jobs need to be run simultaneously. The proportion of Spot execution individuals is too high, and the stability of key jobs may not be guaranteed.

* **Option B:**
    * **Concentrate all on-demand execution entities in one AZ:** This is the biggest problem. If this AZ fails, all critical on-demand execution instances will be disabled and the SLA for scheduled jobs will not be met. This completely violates the principles of high availability.

* **Option C:**
    * **Use Savings Plan:** Although Savings Plan can reduce the cost of on-demand execution individuals, the question requires ""no long-term commitment"" and emphasizes ""pay-as-you-go"". Savings Plans typically require a 1-year or 3-year commitment, which is not entirely consistent with the requirements of the question, although it is a cost optimization tool.
    * **Two On-Demand instances, two Spot instances per AZ:** Total 6 On-Demand instances, 6 Spot instances. If one AZ fails, the remaining two AZs each have 2 on-demand instances. A total of 4 on-demand execution entities. This may not be enough to handle 65% of the scheduled job load, especially if high concurrent processing is required.

**Summary:**

Option D strikes the best balance between spreading risks (three AZs), ensuring critical job SLAs (enough on-demand execution individuals to match capacity reservations), and maximizing cost-effectiveness (using Spot execution individuals to handle non-critical loads), and best meets the requirements of the question.",D,D (91% community votes),"一家公司使用本地數據分析平台。該系統在公司數據中心 12 台伺服器上實現了高度可用且完全冗餘的配置。
該系統除了運行用戶的一次性請求外，還會執行每小時和每日的排程作業。排程作業的完成時間可能在 20 分鐘到 2 小時之間，並有嚴格的 SLA。排程作業佔系統使用量的 65%。用戶作業通常在 5 分鐘內完成，沒有 SLA。用戶作業佔系統使用量的 35%。在系統故障期間，排程作業必須繼續滿足 SLA。然而，用戶作業可能會延遲。
解決方案架構師需要將系統遷移到 Amazon EC2 執行個體，並採用按用量付費模式以降低成本，且無長期承諾。該解決方案必須維持高可用性，且不能影響 SLA。
哪種解決方案能最符合成本效益地滿足這些需求？","A. 將 12 個執行個體分散到所選 AWS 區域的兩個可用區域。在每個可用區域運行兩個執行個體作為具有容量預留的隨需執行個體。在每個可用區域運行四個執行個體作為 Spot 執行個體。
B. 將 12 個執行個體分散到三個可用區域。在其中一個可用區域，將所有四個執行個體作為具有容量預留的隨需執行個體運行。運行剩餘的執行個體作為 Spot 執行個體。
C. 將 12 個執行個體分散到三個可用區域。在每個可用區域運行兩個執行個體作為具有 Savings Plan 的隨需執行個體。在每個可用區域運行兩個執行個體作為 Spot 執行個體。
D. 將 12 個執行個體分散到三個可用區域。在每個可用區域運行三個執行個體作為具有容量預留的隨需執行個體。在每個可用區域運行一個執行個體作為 Spot 執行個體。","正確答案是 D。

**解析：**

此題的關鍵在於如何在成本效益最高的情況下，滿足高可用性、嚴格 SLA 的排程作業，以及允許用戶作業延遲的需求。

*   **高可用性 (High Availability):** 為了實現高可用性，系統必須能夠容忍單一可用區域 (Availability Zone, AZ) 的故障。這意味著工作負載應分散到至少兩個 AZ，最好是三個 AZ 以獲得最佳的彈性。
*   **嚴格 SLA 的排程作業 (65% 負載):** 這些作業對時間敏感，不能中斷。因此，它們需要穩定且可預測的資源。隨需執行個體 (On-Demand Instances) 提供這種穩定性。為了確保即使在 AZ 故障時也能滿足 SLA，我們需要確保在每個 AZ 中都有足夠的隨需執行個體來處理這些關鍵作業。容量預留 (Capacity Reservations) 可以保證在特定 AZ 中為隨需執行個體保留容量，即使在需求高峰期也能確保可用性，這對於滿足 SLA 至關重要。
*   **用戶作業 (35% 負載):** 這些作業對時間不敏感，可以容忍延遲。Spot 執行個體 (Spot Instances) 是最經濟實惠的選擇，因為它們的價格遠低於隨需執行個體，但可能隨時被中斷。由於用戶作業可以延遲，因此使用 Spot 執行個體來處理這部分負載可以顯著降低成本。
*   **按用量付費且無長期承諾:** 這意味著我們應避免使用預留執行個體 (Reserved Instances) 或 Savings Plans（除非是為了優化隨需執行個體的成本，但這裡更強調彈性與成本效益的權衡）。Spot 執行個體和隨需執行個體（無長期承諾）符合此要求。

**選項 D 的優勢：**

*   **分散到三個 AZ:** 提供了最佳的可用性，可以容忍單一 AZ 故障。
*   **三個隨需執行個體 (On-Demand Instances) 加上容量預留 (Capacity Reservations) 在每個 AZ:** 總共有 3 * 3 = 9 個隨需執行個體。這提供了足夠的冗餘來運行關鍵的排程作業。即使一個 AZ 發生故障，剩餘的兩個 AZ 仍有 3 * 2 = 6 個隨需執行個體，足以應對 65% 的排程作業負載，並確保 SLA 得以滿足。容量預留進一步保證了這些關鍵執行個體的可用性。
*   **一個 Spot 執行個體 (Spot Instance) 在每個 AZ:** 總共有 3 個 Spot 執行個體。這部分資源用於處理 35% 的用戶作業。由於用戶作業可以延遲，Spot 執行個體的潛在中斷不會影響關鍵的排程作業。同時，Spot 執行個體提供了顯著的成本節省。

**為什麼其他選項不正確：**

*   **選項 A:**
    *   **僅兩個 AZ:** 雖然提供了高可用性，但三個 AZ 通常能提供更好的彈性。
    *   **每個 AZ 兩個隨需執行個體，四個 Spot 執行個體:** 總共 4 個隨需執行個體，8 個 Spot 執行個體。如果一個 AZ 故障，另一個 AZ 只有 2 個隨需執行個體。這可能不足以應對 65% 的排程作業負載，尤其是在需要同時運行多個長時間作業的情況下。Spot 執行個體比例過高，可能無法保證關鍵作業的穩定性。

*   **選項 B:**
    *   **將所有隨需執行個體集中在一個 AZ:** 這是最大的問題。如果這個 AZ 發生故障，所有關鍵的隨需執行個體都將失效，無法滿足排程作業的 SLA。這完全違反了高可用性的原則。

*   **選項 C:**
    *   **使用 Savings Plan:** 雖然 Savings Plan 可以降低隨需執行個體的成本，但題目要求「無長期承諾」，並且強調「按用量付費」。Savings Plan 通常需要 1 年或 3 年的承諾，這與題目的要求不完全一致，儘管它是一種成本優化手段。
    *   **每個 AZ 兩個隨需執行個體，兩個 Spot 執行個體:** 總共 6 個隨需執行個體，6 個 Spot 執行個體。如果一個 AZ 故障，剩餘的兩個 AZ 各有 2 個隨需執行個體。總共 4 個隨需執行個體。這可能不足以應對 65% 的排程作業負載，尤其是在需要高並發處理時。

**總結：**

選項 D 在分散風險（三個 AZ）、保證關鍵作業 SLA（足夠的隨需執行個體配合容量預留）以及最大化成本效益（利用 Spot 執行個體處理非關鍵負載）之間取得了最佳平衡，最符合題目的要求。"
26,"A security engineer determined that an existing application retrieves credentials to an Amazon RDS for MySQL database from
an encrypted file in Amazon S3. For the next version of the application, the security engineer wants to implement the following
application design changes to improve security:
The database must use strong, randomly generated passwords stored in a secure AWS managed service.
The application resources must be deployed through AWS CloudFormation.
The application must rotate credentials for the database every 90 days.
A solutions architect will generate a CloudFormation template to deploy the application.
Which resources specified in the CloudFormation template will meet the security engineer’s requirements with the LEAST
amount of operational overhead?","A. Generate the database password as a secret resource using AWS Secrets Manager. Create an AWS Lambda function
resource to rotate the database password. Specify a Secrets Manager RotationSchedule resource to rotate the database
password every 90 days.
B. Generate the database password as a SecureString parameter type using AWS Systems Manager Parameter Store.
Create an AWS Lambda function resource to rotate the database password. Specify a Parameter Store RotationSchedule
resource to rotate the database password every 90 days.
C. Generate the database password as a secret resource using AWS Secrets Manager. Create an AWS Lambda function
resource to rotate the database password. Create an Amazon EventBridge scheduled rule resource to trigger the Lambda
function password rotation every 90 days.
D. Generate the database password as a SecureString parameter type using AWS Systems Manager Parameter Store.
Specify an AWS AppSync DataSource resource to automatically rotate the database password every 90 days.","**Correct answer: A**

**Analysis:**

The key to this question is to meet the three requirements of safety engineers while achieving ""minimum operating overhead."" Let's analyze the options one by one:

* **Strong, randomly generated passwords are stored in the AWS managed security service: ** Both AWS Secrets Manager and AWS Systems Manager Parameter Store (SecureString type) meet this requirement. Both are AWS managed services that securely store sensitive information.
* **Application resources deployed via AWS CloudFormation:** All options assume that a CloudFormation template is used to deploy the resources, so this is satisfied in all options.
* **Rotate database password every 90 days:** This is the most critical differentiator and the one that impacts operational overhead.

**Advantages of Option A:**

* **AWS Secrets Manager:** This is a service designed specifically for managing application secrets such as database authentication. It provides a built-in rotation mechanism.
* **Secrets Manager RotationSchedule resource:** CloudFormation supports directly defining the `AWS::SecretsManager::RotationSchedule` resource. This resource can be integrated with Secrets Manager to automatically trigger Lambda functions to perform rotation logic. This means that the rotation configuration is defined directly in the CloudFormation template, and the scheduling and triggering is managed by the Secrets Manager service itself.
* **Minimal operational overhead:** Through the `RotationSchedule` resource, rotation scheduling and execution logic are highly abstracted and automated. You only need to provide a Lambda function to perform the actual rotation operation (for example, update the RDS repository password and update the secret in Secrets Manager), while the maintenance of the schedule is taken care of by the Secrets Manager service. This is simpler and has lower operational overhead than manually managing schedules or relying on other independent scheduling services such as EventBridge.

**Why the other options are incorrect:**

* **Option B:**
    * **Parameter Store RotationSchedule resource:** AWS Systems Manager Parameter Store's `SecureString` parameter type itself ** does not directly support** the `RotationSchedule` resource for automatic rotation. Although Parameter Store can store passwords, its rotation mechanism is not as mature and built-in as Secrets Manager. Often additional configuration or services are required to implement automatic rotation. Even if a similar scheduling mechanism exists, it may not be as integrated and automated as Secrets Manager.
* **Option C:**
    * **Amazon EventBridge scheduled rule resource:** It is possible to use EventBridge to trigger Lambda functions to rotate, but this would add additional configuration and management burden compared to option A. You need to define the EventBridge rule separately and associate it with the Lambda function. The `RotationSchedule` resource of Secrets Manager integrates scheduling and rotation logic more closely, reducing the number of independent resources that need to be managed, thereby reducing operational overhead.
* **Option D:**
    * **AWS AppSync DataSource resource:** AWS AppSync is primarily used for building GraphQL APIs. It does not have the function of automatically rotating database passwords. Using AppSync's DataSource resource for password rotation is a conceptual error that fails to achieve what security engineers want.

**Summary:**

Option A combines AWS Secrets Manager's built-in rotation functionality with CloudFormation's `RotationSchedule` resource to provide the most straightforward, most integrated solution with the least operational overhead to meet all security requirements. It integrates password management, rotation logic, and scheduling into a single service and configures it declaratively through CloudFormation.",A,A (100% community votes),"一位安全工程師確定現有應用程式從 Amazon S3 中的加密檔案中擷取 Amazon RDS for MySQL 資料庫的認證。對於應用程式的下一個版本，安全工程師希望實施以下應用程式設計變更以提高安全性：
* 資料庫必須使用儲存在 AWS 受管理的安全性服務中的強式、隨機產生的密碼。
* 應用程式資源必須透過 AWS CloudFormation 部署。
* 應用程式必須每 90 天輪換資料庫的認證。
一位解決方案架構師將生成一個 CloudFormation 範本來部署應用程式。
CloudFormation 範本中指定的哪些資源將以最少的營運開銷滿足安全工程師的要求？","A. 使用 AWS Secrets Manager 將資料庫密碼生成為秘密資源。建立一個 AWS Lambda 函數資源來輪換資料庫密碼。指定一個 Secrets Manager RotationSchedule 資源來每 90 天輪換資料庫密碼。
B. 使用 AWS Systems Manager Parameter Store 將資料庫密碼生成為 SecureString 參數類型。建立一個 AWS Lambda 函數資源來輪換資料庫密碼。指定一個 Parameter Store RotationSchedule 資源來每 90 天輪換資料庫密碼。
C. 使用 AWS Secrets Manager 將資料庫密碼生成為秘密資源。建立一個 AWS Lambda 函數資源來輪換資料庫密碼。建立一個 Amazon EventBridge 排程規則資源來每 90 天觸發 Lambda 函數密碼輪換。
D. 使用 AWS Systems Manager Parameter Store 將資料庫密碼生成為 SecureString 參數類型。指定一個 AWS AppSync DataSource 資源來每 90 天自動輪換資料庫密碼。","**正確答案：A**

**解析：**

此題的關鍵在於滿足安全工程師的三項要求，同時實現「最少的營運開銷」。讓我們逐一分析選項：

*   **強式、隨機產生的密碼儲存在 AWS 受管理的安全性服務中：** AWS Secrets Manager 和 AWS Systems Manager Parameter Store (SecureString 類型) 都能滿足此要求。兩者都是 AWS 受管理的服務，可以安全地儲存敏感資訊。
*   **應用程式資源透過 AWS CloudFormation 部署：** 所有選項都假設使用 CloudFormation 範本來部署資源，因此這點在所有選項中都已滿足。
*   **每 90 天輪換資料庫密碼：** 這是最關鍵的區別點，也是影響營運開銷的關鍵。

**選項 A 的優勢：**

*   **AWS Secrets Manager：** 這是專門為管理應用程式秘密（如資料庫認證）而設計的服務。它提供了內建的輪換機制。
*   **Secrets Manager RotationSchedule 資源：** CloudFormation 支援直接定義 `AWS::SecretsManager::RotationSchedule` 資源。這個資源可以與 Secrets Manager 整合，自動觸發 Lambda 函數來執行輪換邏輯。這意味著輪換的配置是直接在 CloudFormation 範本中定義的，並且由 Secrets Manager 服務本身來管理排程和觸發。
*   **最少營運開銷：** 透過 `RotationSchedule` 資源，輪換的排程和執行邏輯被高度抽象化和自動化。您只需要提供一個 Lambda 函數來執行實際的輪換操作（例如，更新 RDS 資料庫密碼並更新 Secrets Manager 中的秘密），而排程的維護則由 Secrets Manager 服務負責。這比手動管理排程或依賴其他獨立的排程服務（如 EventBridge）更為簡潔和低營運開銷。

**為什麼其他選項不正確：**

*   **選項 B：**
    *   **Parameter Store RotationSchedule 資源：** AWS Systems Manager Parameter Store 的 `SecureString` 參數類型本身**不直接支援** `RotationSchedule` 資源來進行自動輪換。雖然 Parameter Store 可以儲存密碼，但其輪換機制不如 Secrets Manager 成熟和內建。通常需要額外的配置或服務來實現自動輪換。即使存在類似的排程機制，其整合性和自動化程度也可能不如 Secrets Manager。
*   **選項 C：**
    *   **Amazon EventBridge scheduled rule resource：** 使用 EventBridge 來觸發 Lambda 函數進行輪換是**可行**的，但相較於選項 A，這會增加額外的組態和管理負擔。您需要單獨定義 EventBridge 規則，並將其與 Lambda 函數關聯。而 Secrets Manager 的 `RotationSchedule` 資源則將排程和輪換邏輯整合得更緊密，減少了需要管理的獨立資源數量，從而降低了營運開銷。
*   **選項 D：**
    *   **AWS AppSync DataSource resource：** AWS AppSync 主要用於構建 GraphQL API。它**不具備**自動輪換資料庫密碼的功能。將 AppSync 的 DataSource 資源用於密碼輪換是概念上的錯誤，它無法實現安全工程師的要求。

**總結：**

選項 A 結合了 AWS Secrets Manager 的內建輪換功能和 CloudFormation 的 `RotationSchedule` 資源，提供了最直接、最整合且最少營運開銷的解決方案來滿足所有安全要求。它將密碼管理、輪換邏輯和排程都整合在一個服務中，並透過 CloudFormation 進行聲明式配置。"
27,"A company is storing data in several Amazon DynamoDB tables. A solutions architect must use a serverless architecture to
make the data accessible publicly through a simple API over HTTPS. The solution must scale automatically in response to
demand.
Which solutions meet these requirements? (Choose two.)","A. Create an Amazon API Gateway REST API. Configure this API with direct integrations to DynamoDB by using API
Gateway’s AWS integration type.
B. Create an Amazon API Gateway HTTP API. Configure this API with direct integrations to Dynamo DB by using API
Gateway’s AWS integration type.
C. Create an Amazon API Gateway HTTP API. Configure this API with integrations to AWS Lambda functions that return
data from the DynamoDB tables.
D. Create an accelerator in AWS Global Accelerator. Configure this accelerator with AWS Lambda@Edge function
integrations that return data from the DynamoDB tables.
E. Create a Network Load Balancer. Configure listener rules to forward requests to the appropriate AWS Lambda functions.","The correct answer is AC.

**Analysis of Option A:**
The Amazon API Gateway REST API supports direct integration with DynamoDB. This means you can call DynamoDB operations (such as `GetItem`, `Scan`, `Query`) directly from API Gateway without writing additional Lambda functions. API Gateway itself is a serverless service that automatically scales based on traffic. The requirement to provide a simple API over HTTPS is also met. Therefore, option A meets all requirements.

**Explanation of Option C:**
The Amazon API Gateway HTTP API is a lighter, more cost-effective version of API Gateway designed for applications that require low latency and high throughput. While the HTTP API itself does not directly support integration with DynamoDB, it can be easily integrated with AWS Lambda functions. You can create Lambda functions to read DynamoDB data, and then the API Gateway HTTP API routes requests to these Lambda functions. Both Lambda and API Gateway are serverless services that scale automatically. The requirement to provide a simple API over HTTPS is also met. Therefore, option C meets all requirements.

**Why other options are incorrectly parsed:**

* **Analysis of Option B:**
    Although the Amazon API Gateway HTTP API supports AWS integration types, it does not directly support integration with DynamoDB. Unlike the REST API, the direct integration of the HTTP API is mainly for other AWS services such as SQS, Step Functions, etc., but DynamoDB is not in its list of direct integrations. Therefore, in order for the HTTP API to interact with DynamoDB, it is usually necessary to use a Lambda function as an intermediary, which is consistent with the description of option C.

* **Analysis of Option D:**
    AWS Global Accelerator is a network service designed to improve application availability and performance by routing traffic to endpoints in multiple regions. Lambda@Edge is part of CloudFront and is used to execute code at the edge, typically used for content caching, request/response modification, etc. While Lambda@Edge can access DynamoDB, it is not designed to be the primary entry point for public APIs, and compared to API Gateway, it is not the most straightforward or common solution for building simple, publicly accessible APIs. Additionally, Global Accelerator itself is not a major component of the serverless API.

* **Explanation of option E:**
    Network Load Balancer (NLB) is an OSI layer 4 load balancer that is primarily used to route TCP/UDP traffic to a destination. While NLB can be integrated with Lambda functions (via the ALB target type), it is not a direct entry point into the serverless API. NLB is typically used for TCP/UDP workloads that require high throughput and low latency, rather than for exposed HTTP APIs. Requirements for building simple APIs are often better suited to API Gateway. Additionally, NLB itself is not a serverless service, and while it can handle large amounts of traffic, it has fewer features for API management and security than API Gateway.",AC,AC (PDF answer),"一家公司將資料儲存在數個 Amazon DynamoDB 資料表中。解決方案架構師必須使用無伺服器架構，透過 HTTPS 上的簡單 API 公開存取這些資料。該解決方案必須根據需求自動擴展。
哪些解決方案符合這些需求？ (選擇兩項。)","A. 建立一個 Amazon API Gateway REST API。使用 API Gateway 的 AWS 整合類型，將此 API 設定為直接與 DynamoDB 整合。
B. 建立一個 Amazon API Gateway HTTP API。使用 API Gateway 的 AWS 整合類型，將此 API 設定為直接與 DynamoDB 整合。
C. 建立一個 Amazon API Gateway HTTP API。將此 API 設定為與 AWS Lambda 函數整合，這些函數從 DynamoDB 資料表中傳回資料。
D. 在 AWS Global Accelerator 中建立一個加速器。將此加速器設定為與 AWS Lambda@Edge 函數整合，這些函數從 DynamoDB 資料表中傳回資料。
E. 建立一個 Network Load Balancer。設定監聽器規則，將請求轉發到適當的 AWS Lambda 函數。","正確答案是 AC。

**選項 A 的解析：**
Amazon API Gateway REST API 支援直接與 DynamoDB 的整合。這意味著您可以直接從 API Gateway 調用 DynamoDB 操作（例如 `GetItem`、`Scan`、`Query`），而無需編寫額外的 Lambda 函數。API Gateway 本身是無伺服器服務，可以根據流量自動擴展。透過 HTTPS 提供簡單 API 的要求也得到滿足。因此，選項 A 符合所有要求。

**選項 C 的解析：**
Amazon API Gateway HTTP API 是一種更輕量級、更具成本效益的 API Gateway 版本，專為需要低延遲和高吞吐量的應用程式而設計。雖然 HTTP API 本身不直接支援與 DynamoDB 的整合，但它可以輕鬆地與 AWS Lambda 函數整合。您可以創建 Lambda 函數來讀取 DynamoDB 資料，然後 API Gateway HTTP API 將請求路由到這些 Lambda 函數。Lambda 和 API Gateway 都是無伺服器服務，可以自動擴展。透過 HTTPS 提供簡單 API 的要求也得到滿足。因此，選項 C 符合所有要求。

**其他選項為何不正確的解析：**

*   **選項 B 的解析：**
    雖然 Amazon API Gateway HTTP API 支援 AWS 整合類型，但它**不直接支援與 DynamoDB 的整合**。與 REST API 不同，HTTP API 的直接整合主要用於其他 AWS 服務，例如 SQS、Step Functions 等，但 DynamoDB 並不在其直接整合的清單中。因此，要讓 HTTP API 與 DynamoDB 互動，通常需要透過 Lambda 函數作為中間層，這與選項 C 的描述一致。

*   **選項 D 的解析：**
    AWS Global Accelerator 是一個網路服務，用於提高應用程式的可用性和效能，它主要用於將流量路由到多個區域的端點。Lambda@Edge 是 CloudFront 的一部分，用於在邊緣位置執行程式碼，通常用於內容快取、請求/回應修改等。雖然 Lambda@Edge 可以存取 DynamoDB，但它**不是設計來作為公開 API 的主要入口點**，並且與 API Gateway 相比，它在建立簡單、可公開存取的 API 方面不是最直接或最常見的解決方案。此外，Global Accelerator 本身也不是無伺服器 API 的主要組成部分。

*   **選項 E 的解析：**
    Network Load Balancer (NLB) 是一個 OSI 第 4 層的負載平衡器，它主要用於將 TCP/UDP 流量路由到目標。雖然 NLB 可以與 Lambda 函數整合（透過 ALB 的目標類型），但它**不是無伺服器 API 的直接入口點**。NLB 通常用於需要高吞吐量和低延遲的 TCP/UDP 工作負載，而不是用於公開的 HTTP API。建立簡單 API 的要求通常更適合 API Gateway。此外，NLB 本身不是無伺服器服務，雖然它能處理大量流量，但與 API Gateway 相比，它在 API 管理和安全性方面功能較少。"
28,"A company has registered 10 new domain names. The company uses the domains for online marketing. The company needs a
solution that will redirect online visitors to a specific URL for each domain. All domains and target URLs are defined in a JSON
document. All DNS records are managed by Amazon Route 53.
A solutions architect must implement a redirect service that accepts HTTP and HTTPS requests.
Which combination of steps should the solutions architect take to meet these requirements with the LEAST amount of
operational effort? (Choose three.)","A. Create a dynamic webpage that runs on an Amazon EC2 instance. Configure the webpage to use the JSON document in
combination with the event message to look up and respond with a redirect URL.
B. Create an Application Load Balancer that includes HTTP and HTTPS listeners.
C. Create an AWS Lambda function that uses the JSON document in combination with the event message to look up and
respond with a redirect URL.
D. Use an Amazon API Gateway API with a custom domain to publish an AWS Lambda function.
E. Create an Amazon CloudFront distribution. Deploy a Lambda@Edge function. F. Create an SSL certificate by using AWS Certificate Manager (ACM). Include the domains as Subject Alternative Names.","The correct answer is CE.

**Analysis:**

The key to this problem is to implement a service with ""minimal operational effort"" that can handle HTTP/HTTPS requests, perform domain redirection based on JSON files, and have DNS managed by Route 53.

* **C. Create an AWS Lambda function that combines a JSON file and event messages to find and respond to redirect URLs. **
    * **Why it's true:** Lambda functions are great for handling this kind of event-based logic, and can easily read a JSON file to find the corresponding redirect URL. It does not require a management server, so the operational workload is extremely low. When combined with CloudFront, Lambda functions can run as Lambda@Edge functions, handling requests directly at the edge node.

* **E. Set up an Amazon CloudFront distribution. Deploy a Lambda@Edge function. **
    * **Why it's true:** CloudFront is a content delivery network (CDN) that caches content to edge nodes around the world, providing low-latency access. Deploying a Lambda function as a Lambda@Edge function means that the function will execute at a CloudFront edge node, directly handling incoming HTTP/HTTPS requests. This, combined with Lambda functions (C), enables efficient and low-latency redirects. CloudFront also natively supports HTTPS and can be integrated with ACM. This combination provides high performance and low operating burden.

* **F. Use AWS Certificate Manager (ACM) to establish an SSL certificate. Include the domain name in the principal alternative name. **
    * **Why it's correct:** The question requires the service to accept HTTP and HTTPS requests. For HTTPS, SSL/TLS credentials are required. ACM provides free SSL/TLS certificates and easily integrates with CloudFront or Application Load Balancer. Including all 10 domain names in the certificate ensures that all domains are securely accessible via HTTPS. This is a standard and low operational burden way to implement HTTPS.

**Why the other options are incorrect:**

* **A. Build a dynamic web page that runs on an Amazon EC2 instance. Configure web pages to use a combination of JSON files and event messages to find and respond to redirect URLs. **
    * **Why it's incorrect:** Running dynamic web pages on EC2 requires server management (e.g., operating system installation, patching, monitoring, scaling, etc.), which creates a higher operational workload and goes against the ""minimum operational workload"" requirement. Although it can achieve the function, it is not the best choice.

* **B. Create an Application Load Balancer containing HTTP and HTTPS listeners. **
    * **Why it's incorrect:** Application Load Balancer (ALB) does handle HTTP and HTTPS requests and can be integrated with Lambda functions (via the ALB's Lambda target). However, ALB is mainly used to distribute traffic to backend computing resources (such as EC2, ECS, Lambda). While redirection is possible, it is often more efficient and less operationally burdensome to handle redirection directly at the edge using CloudFront and Lambda@Edge, especially in simple redirection scenarios that deal with large numbers of independent domains. CloudFront's caching capabilities are also more suitable for content distribution than ALB. In addition, ALB itself requires configuration and management. Although it is simpler than EC2, the operational workload may be slightly higher than CloudFront + Lambda@Edge.

* **D. Use a custom domain's Amazon API Gateway API to publish AWS Lambda functions. **
    * **Why it's incorrect:** API Gateway is a powerful service for creating, publishing, maintaining, and securing APIs. It can be integrated with Lambda functions and supports custom domains and HTTPS. However, API Gateway's functionality may be too complex for pure domain redirection needs, and its pricing model may be more expensive than CloudFront + Lambda@Edge, especially with higher volumes of traffic. CloudFront handles redirection at the edge, which is often more straightforward and cost-effective. API Gateway is better suited for building programmatic API services rather than simple URL redirects.

**Summary:**

CloudFront (E) provides a globally distributed edge network, Lambda@Edge (E) can execute redirection logic at the edge, and Lambda Functions (C) are low-operational-burden compute services that implement that logic. ACM (F) ensures the security of HTTPS. The combination of these three provides the most efficient, scalable and lowest operational effort solution to meet the requirements of the question.",CE,CE (PDF answer),"一家公司註冊了 10 個新的網域名稱。該公司將這些網域用於線上行銷。公司需要一個解決方案，能夠將線上訪客重新導向至每個網域的特定 URL。所有網域和目標 URL 都定義在一個 JSON 文件中。所有 DNS 記錄都由 Amazon Route 53 管理。
解決方案架構師必須實施一個重新導向服務，該服務可接受 HTTP 和 HTTPS 請求。
解決方案架構師應採取哪些步驟組合來以最少的營運工作量滿足這些需求？ (選擇三項。)","A. 建立一個在 Amazon EC2 執行個體上運行的動態網頁。將網頁設定為結合 JSON 文件和事件訊息來查找並回應重新導向 URL。
B. 建立一個包含 HTTP 和 HTTPS 監聽器的 Application Load Balancer。
C. 建立一個 AWS Lambda 函數，該函數結合 JSON 文件和事件訊息來查找並回應重新導向 URL。
D. 使用自訂網域的 Amazon API Gateway API 來發佈 AWS Lambda 函數。
E. 建立一個 Amazon CloudFront 分佈。部署一個 Lambda@Edge 函數。
F. 使用 AWS Certificate Manager (ACM) 建立一個 SSL 憑證。將網域名稱包含在主體替代名稱中。","正確答案是 CE。

**解析：**

這個問題的關鍵在於以「最少的營運工作量」實現一個能夠處理 HTTP/HTTPS 請求、根據 JSON 文件進行網域重新導向的服務，並且 DNS 由 Route 53 管理。

*   **C. 建立一個 AWS Lambda 函數，該函數結合 JSON 文件和事件訊息來查找並回應重新導向 URL。**
    *   **為什麼正確：** Lambda 函數非常適合處理這種基於事件的邏輯，並且可以輕鬆地讀取 JSON 文件來查找對應的重新導向 URL。它不需要管理伺服器，因此營運工作量極低。當與 CloudFront 結合時，Lambda 函數可以作為 Lambda@Edge 函數運行，直接在邊緣節點處理請求。

*   **E. 建立一個 Amazon CloudFront 分佈。部署一個 Lambda@Edge 函數。**
    *   **為什麼正確：** CloudFront 是一個內容傳遞網路 (CDN)，它可以將內容快取到全球各地的邊緣節點，提供低延遲的訪問。將 Lambda 函數部署為 Lambda@Edge 函數，意味著該函數將在 CloudFront 邊緣節點執行，直接處理進入的 HTTP/HTTPS 請求。這與 Lambda 函數 (C) 結合，可以實現高效且低延遲的重新導向。CloudFront 本身也支援 HTTPS，並可以與 ACM 整合。這組合提供了高效能和低營運負擔。

*   **F. 使用 AWS Certificate Manager (ACM) 建立一個 SSL 憑證。將網域名稱包含在主體替代名稱中。**
    *   **為什麼正確：** 題目要求服務接受 HTTP 和 HTTPS 請求。對於 HTTPS，需要 SSL/TLS 憑證。ACM 提供免費的 SSL/TLS 憑證，並且可以輕鬆地與 CloudFront 或 Application Load Balancer 整合。將所有 10 個網域名稱包含在憑證中，可以確保所有網域都能安全地透過 HTTPS 訪問。這是一個實現 HTTPS 的標準且低營運負擔的方式。

**為什麼其他選項不正確：**

*   **A. 建立一個在 Amazon EC2 執行個體上運行的動態網頁。將網頁設定為結合 JSON 文件和事件訊息來查找並回應重新導向 URL。**
    *   **為什麼不正確：** 在 EC2 上運行動態網頁需要管理伺服器（例如，安裝作業系統、修補程式、監控、擴展等），這會產生較高的營運工作量，與「最少的營運工作量」的要求相悖。雖然可以實現功能，但不是最佳選擇。

*   **B. 建立一個包含 HTTP 和 HTTPS 監聽器的 Application Load Balancer。**
    *   **為什麼不正確：** Application Load Balancer (ALB) 確實可以處理 HTTP 和 HTTPS 請求，並且可以與 Lambda 函數整合（通過 ALB 的 Lambda 目標）。然而，ALB 主要用於將流量分發到後端的計算資源（如 EC2、ECS、Lambda）。雖然可以實現重新導向，但直接使用 CloudFront 和 Lambda@Edge 在邊緣處理重新導向通常更有效率且營運負擔更低，尤其是在處理大量獨立網域的簡單重新導向場景下。CloudFront 的快取能力也比 ALB 更適合內容分發。此外，ALB 本身需要配置和管理，雖然比 EC2 簡單，但相較於 CloudFront + Lambda@Edge，營運工作量可能略高。

*   **D. 使用自訂網域的 Amazon API Gateway API 來發佈 AWS Lambda 函數。**
    *   **為什麼不正確：** API Gateway 是一個強大的服務，可以創建、發佈、維護和保護 API。它可以與 Lambda 函數整合，並且支援自訂網域和 HTTPS。然而，對於單純的網域重新導向需求，API Gateway 的功能可能過於複雜，且其定價模型可能比 CloudFront + Lambda@Edge 更昂貴，尤其是在流量較大的情況下。CloudFront 在邊緣處理重新導向，通常更直接且具有成本效益。API Gateway 更適合用於構建可程式化的 API 服務，而不是簡單的 URL 重新導向。

**總結：**

CloudFront (E) 提供全球分佈的邊緣網路，Lambda@Edge (E) 可以在邊緣執行重新導向邏輯，而 Lambda 函數 (C) 是實現該邏輯的低營運負擔的計算服務。ACM (F) 則確保了 HTTPS 的安全性。這三者的組合提供了最高效、最可擴展且營運工作量最低的解決方案來滿足題目的要求。"
29,"A company that has multiple AWS accounts is using AWS Organizations. The company’s AWS accounts host VPCs, Amazon EC2
instances, and containers.
The company’s compliance team has deployed a security tool in each VPC where the company has deployments. The security
tools run on EC2 instances and send information to the AWS account that is dedicated for the compliance team. The company
has tagged all the compliance-related resources with a key of “costCenter” and a value or “compliance”.
The company wants to identify the cost of the security tools that are running on the EC2 instances so that the company can
charge the compliance team’s AWS account. The cost calculation must be as accurate as possible.
What should a solutions architect do to meet these requirements?","A. In the management account of the organization, activate the costCenter user-defined tag. Configure monthly AWS Cost
and Usage Reports to save to an Amazon S3 bucket in the management account. Use the tag breakdown in the report to
obtain the total cost for the costCenter tagged resources.
B. In the member accounts of the organization, activate the costCenter user-defined tag. Configure monthly AWS Cost and
Usage Reports to save to an Amazon S3 bucket in the management account. Schedule a monthly AWS Lambda function to
retrieve the reports and calculate the total cost for the costCenter tagged resources.
C. In the member accounts of the organization activate the costCenter user-defined tag. From the management account,
schedule a monthly AWS Cost and Usage Report. Use the tag breakdown in the report to calculate the total cost for the
costCenter tagged resources.
D. Create a custom report in the organization view in AWS Trusted Advisor. Configure the report to generate a monthly
billing summary for the costCenter tagged resources in the compliance team’s AWS account.","The correct answer is A.

**Analysis:**

To accurately identify the cost of security tools running on EC2 instances and attribute them to the compliance team's AWS account, the best approach is to leverage AWS Cost and Usage Reports (CUR) in conjunction with tags.

* **AWS Cost and Usage Reports (CUR)**: CUR provides detailed data on AWS usage and costs, including breakdown by resource, by tag, by service, and more. This is the most comprehensive way to obtain accurate cost information.
* **User-Defined Tags**: As mentioned in the question, all compliance-related resources have been marked as ""costCenter"" and ""compliance"". CUR can filter and aggregate based on these tags to isolate the cost of specific resources.
* **Management Account**: In AWS Organizations, the Management Account is the central point for setting up organization-level services and reporting. Enable user-defined tags and configure CUR reporting, typically in an administrative account, to ensure that cost data is aggregated across all member accounts within the organization. Store reports to an S3 storage in your management account for later analysis.
* **Tag Breakdown**: CUR reports can be configured to include tag breakdown. The total cost of these security tools can be accurately calculated by analyzing the entries in the report with the ""costCenter"" label ""compliance"".

**Why the other options are incorrect:**

* **B. Enable tags in member accounts and use Lambda functions to process reports**: While enabling tags in member accounts is necessary, it is more common and centralized to store CUR reports in an administrative account. In addition, although Lambda can be used for automated processing, Option A directly utilizes CUR's tag segmentation function to obtain the required information without additional Lambda processing, which is more direct and efficient. More importantly, the CUR report itself provides the function of tag segmentation, and there is no need to write additional Lambda for parsing.
* **C. Enable tags in member accounts and schedule reports from the admin account, but does not explicitly mention segmenting using tags**: This option mentions scheduling reports from the admin account, which is correct. However, it does not clearly state how the report can be used to obtain costs for specific labels. Option A is more explicit about ""using tag segmentation"" to capture costs, which is a key step.
* **D. Custom reporting using AWS Trusted Advisor**: AWS Trusted Advisor provides recommendations on cost optimization, security, performance, fault tolerance, and service limits. It does not directly provide detailed cost breakdown reporting by itself, especially precise cost calculations for specific tags. CUR is a service dedicated to this type of cost analysis. Trusted Advisor's reports are typically based on preset checks rather than providing raw, segmented cost data like CUR.",A,A (95% community votes),"一家擁有多個 AWS 帳戶的公司正在使用 AWS Organizations。該公司的 AWS 帳戶託管 VPC、Amazon EC2 執行個體和容器。
該公司的合規團隊在其有部署的每個 VPC 中部署了一個安全工具。這些安全工具運行在 EC2 執行個體上，並將資訊發送到專門用於合規團隊的 AWS 帳戶。該公司已將所有與合規相關的資源標記為金鑰 ""costCenter"" 和值 ""compliance""。
該公司希望識別運行在 EC2 執行個體上的安全工具的成本，以便向合規團隊的 AWS 帳戶收取費用。成本計算必須盡可能準確。
解決方案架構師應採取什麼措施來滿足這些要求？","A. 在組織的管理帳戶中，啟用 costCenter 使用者定義標籤。設定每月 AWS Cost and Usage Reports 儲存到管理帳戶中的 Amazon S3 儲存貯體。使用報告中的標籤細分來獲取 costCenter 標記資源的總成本。
B. 在組織的成員帳戶中，啟用 costCenter 使用者定義標籤。設定每月 AWS Cost and Usage Reports 儲存到管理帳戶中的 Amazon S3 儲存貯體。排程一個每月 AWS Lambda 函數來檢索報告並計算 costCenter 標記資源的總成本。
C. 在組織的成員帳戶中啟用 costCenter 使用者定義標籤。從管理帳戶中，排程一個每月 AWS Cost and Usage Report。使用報告中的標籤細分來計算 costCenter 標記資源的總成本。
D. 在 AWS Trusted Advisor 的組織視圖中創建一個自定義報告。設定報告以生成合規團隊 AWS 帳戶中 costCenter 標記資源的每月帳單摘要。","正確答案是 A。

**解析：**

為了準確識別運行在 EC2 執行個體上的安全工具的成本，並將其歸因於合規團隊的 AWS 帳戶，最佳方法是利用 AWS Cost and Usage Reports (CUR) 並結合標籤。

*   **AWS Cost and Usage Reports (CUR)**：CUR 提供 AWS 使用情況和成本的詳細數據，包括按資源、按標籤、按服務等細分。這是獲取精確成本資訊的最全面方式。
*   **使用者定義標籤 (User-Defined Tags)**：題目中提到，所有與合規相關的資源都已標記為 ""costCenter"" 和 ""compliance""。CUR 可以根據這些標籤進行篩選和匯總，從而隔離出特定資源的成本。
*   **管理帳戶 (Management Account)**：在 AWS Organizations 中，管理帳戶是設定組織級別的服務和報告的中心點。啟用使用者定義標籤並配置 CUR 報告，通常在管理帳戶中進行，以確保能夠匯總組織內所有成員帳戶的成本數據。將報告儲存到管理帳戶中的 S3 儲存貯體，便於後續分析。
*   **標籤細分 (Tag Breakdown)**：CUR 報告可以配置為包含標籤細分。通過分析報告中 ""costCenter"" 標籤為 ""compliance"" 的條目，可以精確計算出這些安全工具的總成本。

**為什麼其他選項不正確：**

*   **B. 在成員帳戶中啟用標籤，並使用 Lambda 函數處理報告**：雖然在成員帳戶中啟用標籤是必要的，但將 CUR 報告儲存到管理帳戶是更常見且集中的做法。此外，雖然 Lambda 可以用於自動化處理，但選項 A 直接利用 CUR 的標籤細分功能，無需額外的 Lambda 處理即可獲得所需資訊，更加直接和高效。更重要的是，CUR 報告本身就提供了標籤細分的功能，不需要額外編寫 Lambda 來解析。
*   **C. 在成員帳戶中啟用標籤，並從管理帳戶排程報告，但未明確提及使用標籤細分**：此選項提到從管理帳戶排程報告，這點是正確的。然而，它沒有明確說明如何利用報告來獲取特定標籤的成本。選項 A 更明確地指出了「使用標籤細分」來獲取成本，這是關鍵步驟。
*   **D. 使用 AWS Trusted Advisor 的自定義報告**：AWS Trusted Advisor 主要提供關於成本優化、安全、性能、容錯和服務限制的建議。它本身並不直接提供詳細的成本細分報告，特別是針對特定標籤的精確成本計算。CUR 是專門用於此類成本分析的服務。Trusted Advisor 的報告通常是基於預設的檢查項，而不是像 CUR 那樣提供原始的、可細分的成本數據。"
30,"A company has 50 AWS accounts that are members of an organization in AWS Organizations. Each account contains multiple
VPCs. The company wants to use AWS Transit Gateway to establish connectivity between the VPCs in each member account.
Each time a new member account is created, the company wants to automate the process of creating a new VPC and a transit
gateway attachment.
Which combination of steps will meet these requirements? (Choose two.)","A. From the management account, share the transit gateway with member accounts by using AWS Resource Access
Manager.
B. From the management account, share the transit gateway with member accounts by using an AWS Organizations SCP.
C. Launch an AWS CloudFormation stack set from the management account that automatically creates a new VPC and a
VPC transit gateway attachment in a member account. Associate the attachment with the transit gateway in the
management account by using the transit gateway ID.
D. Launch an AWS CloudFormation stack set from the management account that automatically creates a new VPC and a
peering transit gateway attachment in a member account. Share the attachment with the transit gateway in the
management account by using a transit gateway service-linked role.
E. From the management account, share the transit gateway with member accounts by using AWS Service Catalog.","The correct answer is AC.

**Parsing option A (correct):**
AWS Resource Access Manager (RAM) is a service for sharing AWS resources across accounts. In this scenario, the administrative account can share Transit Gateway resources to all member accounts via RAM. This enables member accounts to establish a Transit Gateway Attachment in their own VPC and connect it to a Transit Gateway owned by the administrative account. This is standard practice for cross-account Transit Gateway connections.

**Parsing option C (correct):**
AWS CloudFormation StackSets allow you to deploy stacks in multiple AWS accounts and regions. To automate the process of setting up new VPCs and Transit Gateway Attachments, administrative accounts can deploy a StackSet. This StackSet executes a CloudFormation template on each newly created member account, which creates a new VPC and establishes a Transit Gateway Attachment in that VPC. This attachment is automatically associated with the Transit Gateway by specifying the ID of the Transit Gateway in the management account. This is fully in line with the requirement of the question ""Every time a new member account is created, the company hopes to automate the process of creating a new VPC and transit gateway attachment.""

**Parsing option B (incorrect):**
AWS Organizations Service Control Policies (SCPs) are used to set account-level permission restrictions, not for resource sharing. SCPs can limit the operations that member accounts can perform, but they cannot be used directly to share Transit Gateway resources for use by member accounts.

**Parsing option D (incorrect):**
Option D mentions creating a ""peering transit gateway attachment"". Transit Gateway peering is used to connect between two Transit Gateways, not to connect a VPC to a Transit Gateway. In addition, while service-linked roles are a requirement for AWS services to access other services, they are not themselves a mechanism for sharing Transit Gateway Attachment. The VPC Attachment described in Option C is the correct way to connect.

**Parsing option E (incorrect):**
AWS Service Catalog allows organizations to build and manage a catalog of IT services for users to deploy. While Service Catalog can be used to deploy CloudFormation stacks, it is not itself a mechanism for directly sharing Transit Gateway resources. Option A (RAM) is the more direct and standard way of sharing resources. Service Catalog can be used in conjunction with RAM, but using Service Catalog alone cannot solve the Transit Gateway sharing problem.",AC,AC (PDF answer),"一家公司在 AWS Organizations 中擁有一個組織，其中包含 50 個 AWS 帳戶。每個帳戶都包含多個 VPC。該公司希望使用 AWS Transit Gateway 在每個成員帳戶的 VPC 之間建立連線。每次建立新的成員帳戶時，該公司都希望自動化建立新的 VPC 和 transit gateway attachment 的流程。
哪種組合的步驟可以滿足這些需求？ (選擇兩項。)","A. 從管理帳戶，使用 AWS Resource Access Manager 將 transit gateway 分享給成員帳戶。
B. 從管理帳戶，使用 AWS Organizations SCP 將 transit gateway 分享給成員帳戶。
C. 從管理帳戶啟動 AWS CloudFormation StackSets，自動在成員帳戶中建立新的 VPC 和 VPC transit gateway attachment。使用 transit gateway ID 將 attachment 與管理帳戶中的 transit gateway 關聯。
D. 從管理帳戶啟動 AWS CloudFormation StackSets，自動在成員帳戶中建立新的 VPC 和 transit gateway peering attachment。使用 transit gateway 服務連結角色將 attachment 與管理帳戶中的 transit gateway 分享。
E. 從管理帳戶，使用 AWS Service Catalog 將 transit gateway 分享給成員帳戶。","正確答案是 AC。

**解析選項 A (正確):**
AWS Resource Access Manager (RAM) 是用於跨帳戶分享 AWS 資源的服務。在此情境中，管理帳戶可以透過 RAM 將 Transit Gateway 資源分享給所有成員帳戶。這使得成員帳戶能夠在自己的 VPC 中建立 Transit Gateway Attachment，並將其連接到由管理帳戶擁有的 Transit Gateway。這是實現跨帳戶 Transit Gateway 連線的標準做法。

**解析選項 C (正確):**
AWS CloudFormation StackSets 允許您在多個 AWS 帳戶和區域中部署堆疊。為了自動化建立新 VPC 和 Transit Gateway Attachment 的流程，管理帳戶可以部署一個 StackSet。這個 StackSet 會在每個新建立的成員帳戶中執行 CloudFormation 模板，該模板會建立一個新的 VPC，並在該 VPC 中建立一個 Transit Gateway Attachment。透過指定管理帳戶中 Transit Gateway 的 ID，這個 Attachment 就會自動與該 Transit Gateway 關聯。這完全符合題目中「每次建立新的成員帳戶時，該公司都希望自動化建立新的 VPC 和 transit gateway attachment 的流程」的要求。

**解析選項 B (不正確):**
AWS Organizations Service Control Policies (SCPs) 用於設定帳戶級別的權限限制，而不是用於資源的分享。SCPs 可以限制成員帳戶可以執行的操作，但它們不能直接用來分享 Transit Gateway 資源給成員帳戶使用。

**解析選項 D (不正確):**
選項 D 提到建立「peering transit gateway attachment」。Transit Gateway peering 是用於連接兩個 Transit Gateway 之間的，而不是用於將 VPC 連接到 Transit Gateway。此外，雖然服務連結角色 (Service-linked roles) 是 AWS 服務用於存取其他服務的必要條件，但它本身並不是分享 Transit Gateway Attachment 的機制。選項 C 中描述的 VPC Attachment 是正確的連接方式。

**解析選項 E (不正確):**
AWS Service Catalog 允許組織建立和管理 IT 服務的目錄，供使用者部署。雖然 Service Catalog 可以用於部署 CloudFormation 堆疊，但它本身並不是直接分享 Transit Gateway 資源的機制。選項 A (RAM) 是更直接且標準的資源分享方式。Service Catalog 可以與 RAM 結合使用，但單獨使用 Service Catalog 並不能解決 Transit Gateway 的分享問題。"
31,"An enterprise company wants to allow its developers to purchase third-party software through AWS Marketplace. The company
uses an AWS Organizations account structure with full features enabled, and has a shared services account in each
organizational unit (OU) that will be used by procurement managers. The procurement team’s policy indicates that developers
should be able to obtain third-party software from an approved list only and use Private Marketplace in AWS Marketplace to
achieve this requirement. The procurement team wants administration of Private Marketplace to be restricted to a role named
procurement-manager-role, which could be assumed by procurement managers. Other IAM users, groups, roles, and account
administrators in the company should be denied Private Marketplace administrative access.
What is the MOST efficient way to design an architecture to meet these requirements?","A. Create an IAM role named procurement-manager-role in all AWS accounts in the organization. Add the PowerUserAccess
managed policy to the role. Apply an inline policy to all IAM users and roles in every AWS account to deny permissions on
the AWSPrivateMarketplaceAdminFullAccess managed policy.
B. Create an IAM role named procurement-manager-role in all AWS accounts in the organization. Add the
AdministratorAccess managed policy to the role. Define a permissions boundary with the
AWSPrivateMarketplaceAdminFullAccess managed policy and attach it to all the developer roles.
C. Create an IAM role named procurement-manager-role in all the shared services accounts in the organization. Add the
AWSPrivateMarketplaceAdminFullAccess managed policy to the role. Create an organization root-level SCP to deny
permissions to administer Private Marketplace to everyone except the role named procurement-manager-role. Create
another organization root-level SCP to deny permissions to create an IAM role named procurement-manager-role to
everyone in the organization.
D. Create an IAM role named procurement-manager-role in all AWS accounts that will be used by developers. Add the
AWSPrivateMarketplaceAdminFullAccess managed policy to the role. Create an SCP in Organizations to deny permissions
to administer Private Marketplace to everyone except the role named procurement-manager-role. Apply the SCP to all the
shared services accounts in the organization.","The correct answer is C.

**Why the answer is C:**

This option combines IAM roles with AWS Organizations' Service Control Policies (SCPs) for the most efficient and secure management.

* **IAM Role (procurement-manager-role):** Create an IAM role named `procurement-manager-role` in the shared service account and attach the `AWSPrivateMarketplaceAdminFullAccess` controlled policy. This ensures that only Procurement Managers in this role have permission to manage Private Marketplace. Placing the role in a shared service account is consistent with the company's strategy of centralizing procurement functions.
* **Organization root level SCP (deny administrative permissions except for specific roles): ** Create an organization root level SCP that explicitly denies all subjects (users, groups, roles) except `procurement-manager-role` permission to manage Private Marketplace. SCP is a powerful mechanism for enforcing permissions at the organizational level, ensuring that even if permissions are granted in individual accounts, this restriction cannot be bypassed. This directly addresses the requirement that other IAM users, groups, roles, and account administrators in the company should be denied Private Marketplace administrative access.
* **Organization Root SCP (Deny Creation of Specific Roles): ** Create another Organization Root SCP that denies everyone in the organization permission to create an IAM role named `procurement-manager-role`. This further strengthens security and prevents unauthorized entities from creating roles with permissions to manage Private Marketplace, ensuring role uniqueness and control.

This approach is the most efficient because it leverages AWS Organizations' Centralized Policy Control (SCP) to enforce security restrictions while using IAM roles to grant permissions for specific tasks.

**Why the other options are incorrect:**

* **A. Error:**
    * Attaching `PowerUserAccess` to the `procurement-manager-role` role is not sufficient because `PowerUserAccess` contains permissions that are too broad and may allow administrators to perform actions beyond the scope of Private Marketplace management.
    * Applying an inline policy to ""deny"" `AWSPrivateMarketplaceAdminFullAccess` in all accounts for all IAM users and roles is a complex and difficult to maintain solution. When an organization grows in size, managing these embedded policies becomes difficult and error-prone. SCP is a more efficient centralized denial mechanism.
    * This option fails to effectively limit the permissions to manage Private Marketplace, and the management complexity is high.

* **B. Error: **
    * Attaching `AdministratorAccess` to the `procurement-manager-role` role is extremely dangerous, as this gives the role permissions to perform almost any action in the account, far beyond what is needed to manage the Private Marketplace.
    * Use Permissions Boundary to limit the permissions of the developer role. Although the permissions of the developer can be restricted, it does not directly solve the permission problem of the procurement manager to manage the Private Marketplace, nor does it effectively prevent other unrestricted IAM subjects (such as other administrators) from managing the Private Marketplace. This option focuses on limiting the administrative rights of developers, not procurement managers.

* **D. Error: **
    * Establishing `procurement-manager-role` in ""all AWS accounts that will be used by developers"" is inconsistent with the company's strategy of centralizing procurement functions in ""shared service accounts"".
    * Applying the SCP to ""all shared service accounts"" instead of the organization root level means that the restrictions of this SCP only apply to the shared service account, and IAM principals in other accounts (such as OU administrators) may still have permission to manage Private Marketplace, which is inconsistent with the requirement that ""other IAM users, groups, roles, and account administrators in the company should be denied Private Marketplace management access."" SCP should be applied to a wider scope (such as the organizational root level or OU) to effectively restrict all accounts.",C,C (92% community votes),"一家企業公司希望允許其開發人員透過 AWS Marketplace 購買第三方軟體。該公司使用已啟用完整功能的 AWS Organizations 帳戶結構，並在每個組織單位 (OU) 中設有一個共用服務帳戶，供採購經理使用。採購團隊的政策規定，開發人員只能從核准清單中取得第三方軟體，並使用 AWS Marketplace 中的 Private Marketplace 來達成此要求。採購團隊希望 Private Marketplace 的管理僅限於名為 procurement-manager-role 的角色，該角色可由採購經理擔任。公司中的其他 IAM 使用者、群組、角色和帳戶管理員應被拒絕 Private Marketplace 的管理存取權。
為了滿足這些要求，設計架構的最有效方法是什麼？","A. 在組織中的所有 AWS 帳戶中建立一個名為 procurement-manager-role 的 IAM 角色。將 PowerUserAccess 受控政策新增至該角色。對每個 AWS 帳戶中的所有 IAM 使用者和角色套用內嵌政策，拒絕 AWSPrivateMarketplaceAdminFullAccess 受控政策的權限。
B. 在組織中的所有 AWS 帳戶中建立一個名為 procurement-manager-role 的 IAM 角色。將 AdministratorAccess 受控政策新增至該角色。定義一個具有 AWSPrivateMarketplaceAdminFullAccess 受控政策的權限邊界，並將其附加到所有開發人員角色。
C. 在組織中的所有共用服務帳戶中建立一個名為 procurement-manager-role 的 IAM 角色。將 AWSPrivateMarketplaceAdminFullAccess 受控政策新增至該角色。建立一個組織根層級 SCP，拒絕除名為 procurement-manager-role 的角色以外的所有人管理 Private Marketplace 的權限。建立另一個組織根層級 SCP，拒絕組織中所有人建立名為 procurement-manager-role 的 IAM 角色的權限。
D. 在將由開發人員使用的所有 AWS 帳戶中建立一個名為 procurement-manager-role 的 IAM 角色。將 AWSPrivateMarketplaceAdminFullAccess 受控政策新增至該角色。建立一個 Organizations 中的 SCP，拒絕除名為 procurement-manager-role 的角色以外的所有人管理 Private Marketplace 的權限。將 SCP 套用到組織中的所有共用服務帳戶。","正確答案是 C。

**為什麼答案是 C：**

此選項透過結合 IAM 角色、AWS Organizations 的服務控制政策 (SCP) 來實現最有效且安全的管理。

*   **IAM 角色 (procurement-manager-role)：** 在共用服務帳戶中建立名為 `procurement-manager-role` 的 IAM 角色，並附加 `AWSPrivateMarketplaceAdminFullAccess` 受控政策。這確保了只有擔任此角色的採購經理才能擁有管理 Private Marketplace 的權限。將角色放在共用服務帳戶中，符合公司將採購功能集中管理的策略。
*   **組織根層級 SCP (拒絕除特定角色外的管理權限)：** 建立一個組織根層級 SCP，明確拒絕除 `procurement-manager-role` 之外的所有主體（使用者、群組、角色）管理 Private Marketplace 的權限。SCP 是在組織層級強制執行權限的強大機制，可以確保即使在個別帳戶中授予了權限，也無法繞過此限制。這直接滿足了「其他 IAM 使用者、群組、角色和帳戶管理員在公司應被拒絕 Private Marketplace 管理存取權」的要求。
*   **組織根層級 SCP (拒絕建立特定角色)：** 建立另一個組織根層級 SCP，拒絕組織中所有人建立名為 `procurement-manager-role` 的 IAM 角色的權限。這進一步加強了安全性，防止未經授權的實體創建具有管理 Private Marketplace 權限的角色，確保了角色的唯一性和控制權。

這種方法是最高效的，因為它利用了 AWS Organizations 的集中式策略控制 (SCP) 來強制執行安全限制，同時使用 IAM 角色來授予特定任務的權限。

**為什麼其他選項不正確：**

*   **A. 錯誤：**
    *   將 `PowerUserAccess` 附加到 `procurement-manager-role` 角色是不夠的，因為 `PowerUserAccess` 包含的權限過於廣泛，可能允許管理員執行超出 Private Marketplace 管理範圍的操作。
    *   在所有帳戶中為所有 IAM 使用者和角色套用內嵌政策來「拒絕」`AWSPrivateMarketplaceAdminFullAccess` 是一個複雜且難以維護的解決方案。當組織規模擴大時，管理這些內嵌政策會變得非常困難，且容易出錯。SCP 是更有效率的集中式拒絕機制。
    *   此選項未能有效限制管理 Private Marketplace 的權限，且管理複雜度高。

*   **B. 錯誤：**
    *   將 `AdministratorAccess` 附加到 `procurement-manager-role` 角色是極度危險的，因為這授予了該角色在帳戶中執行幾乎所有操作的權限，遠超出管理 Private Marketplace 的需求。
    *   使用權限邊界 (Permissions Boundary) 來限制開發人員角色的權限，雖然可以限制開發人員的權限，但並未直接解決採購經理管理 Private Marketplace 的權限問題，也未能有效阻止其他未被限制的 IAM 主體（例如其他管理員）管理 Private Marketplace。此選項的重點放在限制開發者，而非採購經理的管理權限。

*   **D. 錯誤：**
    *   將 `procurement-manager-role` 建立在「將由開發人員使用的所有 AWS 帳戶」中，這與公司將採購功能集中在「共用服務帳戶」的策略不符。
    *   將 SCP 套用到「所有共用服務帳戶」而不是組織根層級，意味著此 SCP 的限制僅適用於共用服務帳戶，而其他帳戶中的 IAM 主體（例如 OU 管理員）仍然可能擁有管理 Private Marketplace 的權限，這不符合「公司中的其他 IAM 使用者、群組、角色和帳戶管理員應被拒絕 Private Marketplace 管理存取權」的要求。SCP 應套用到更廣泛的範圍（如組織根層級或 OU）才能有效限制所有帳戶。"
32,"A company is in the process of implementing AWS Organizations to constrain its developers to use only Amazon EC2, Amazon
S3, and Amazon DynamoDB. The developers account resides in a dedicated organizational unit (OU). The solutions architect
has implemented the following SCP on the developers account:
When this policy is deployed, IAM users in the developers account are still able to use AWS services that are not listed in the
policy.
What should the solutions architect do to eliminate the developers’ ability to use services outside the scope of this policy?","A. Create an explicit deny statement for each AWS service that should be constrained.
B. Remove the FullAWSAccess SCP from the developers account’s OU.
C. Modify the FullAWSAccess SCP to explicitly deny all services.
D. Add an explicit deny statement using a wildcard to the end of the SCP.","The correct answer is **B**.

**Analysis:**

A Service Control Policy (SCP) for AWS Organizations is a security policy that manages permissions for accounts. SCP enforces permissions at the account level and is merged with IAM permissions within the account. The default behavior of SCP is ""default allow"", which means that all services are allowed unless explicitly denied.

The SCP (`AllowSpecificServices`) in the question only allows the use of EC2, S3 and DynamoDB. However, developers can still use other services, which indicates the presence of a more permissive SCP such as `FullAWSAccess` at the OU or root level of the developer account. The `FullAWSAccess` SCP generally allows access to all AWS services.

* **Option A (Create an explicit deny statement for each AWS service):** This is a very cumbersome and impractical approach. AWS has hundreds of services, and creating explicit deny statements for each unwanted service would be difficult to maintain and error-prone. SCP is designed to simplify permissions management, not add complexity.

* **Option B (Remove the `FullAWSAccess` SCP from the developer account's OU):** If the developer account's OU or its parent OU inherits the `FullAWSAccess` SCP, then this SCP will grant access to all services, even if the developer account's own SCP only allows specific services. Removing this more permissive SCP will allow the developer account's SCP to become dominant, thereby achieving the goal of only allowing specific services. This is the most efficient and best practice approach.

* **Option C (modify `FullAWSAccess` SCP to explicitly deny all services): ** The default behavior of SCP is ""default allow"". Modifying the `FullAWSAccess` SCP to explicitly deny all services effectively creates a ""default deny"" policy. While this achieves the purpose of limiting the service, it will affect the access rights of all accounts under the OU, which may not be the intended result. More importantly, if the purpose of the `FullAWSAccess` SCP is to provide broad access, modifying it to deny all services would defeat its original intent. Additionally, it is uncommon to create an SCP that explicitly denies all services; restrictions are usually achieved by explicitly allowing the required services.

* **Option D (add an explicit deny statement using wildcards at the end of the SCP): ** The statements of an SCP are evaluated independently, and their order does not affect their effect. Adding a wildcard statement at the end of the SCP that explicitly denies all services (`""Action"": ""*"", ""Effect"": ""Deny""`) does not block services allowed by other SCPs or IAM permissions under the default allow model. The evaluation logic of SCP is that if any SCP statement explicitly denies an operation, the operation is denied. If not explicitly denied, permission is determined based on IAM permissions. Therefore, just adding a deny statement will not solve the problem, as there may be other SCPs that allow this action.

In summary, the most efficient and consistent approach to AWS Organizations SCP design philosophy is to remove the more permissive SCP (`FullAWSAccess`) that overrides the existing restrictive policy.",B,B (66% community votes),"一家公司正在實施 AWS Organizations，以限制其開發人員只能使用 Amazon EC2、Amazon S3 和 Amazon DynamoDB。開發人員帳戶位於專用的組織單位 (OU) 中。解決方案架構師已對開發人員帳戶實施了以下 SCP：

```json
{
    ""Version"": ""2012-10-17"",
    ""Statement"": [
        {
            ""Sid"": ""AllowSpecificServices"",
            ""Effect"": ""Allow"",
            ""Action"": [
                ""ec2:*"",
                ""s3:*"",
                ""dynamodb:*""
            ],
            ""Resource"": ""*""
        }
    ]
}
```

當此策略部署後，開發人員帳戶中的 IAM 使用者仍然能夠使用策略中未列出的 AWS 服務。

解決方案架構師應該怎麼做才能消除開發人員使用超出此策略範圍的服務的能力？","A. 為每個應該受限的 AWS 服務創建一個明確拒絕 (explicit deny) 的語句。
B. 從開發人員帳戶的 OU 中移除 `FullAWSAccess` SCP。
C. 修改 `FullAWSAccess` SCP，明確拒絕所有服務。
D. 在 SCP 的末尾使用萬用字元 (wildcard) 添加一個明確拒絕 (explicit deny) 的語句。","正確答案是 **B**。

**解析：**

AWS Organizations 的服務控制策略 (SCP) 是一種安全策略，用於管理帳戶的權限。SCP 會在帳戶層級強制執行權限，並且會與帳戶內部的 IAM 權限合併。SCP 的預設行為是「預設允許」，這意味著如果沒有明確拒絕，則允許所有服務。

題目中的 SCP (`AllowSpecificServices`) 僅允許使用 EC2、S3 和 DynamoDB。然而，開發人員仍然可以使用其他服務，這表明在開發人員帳戶的 OU 或根層級存在一個更寬鬆的 SCP，例如 `FullAWSAccess`。`FullAWSAccess` SCP 通常允許所有 AWS 服務的存取。

*   **選項 A (為每個 AWS 服務創建一個明確拒絕的語句)：** 這是一個非常繁瑣且不切實際的方法。AWS 有數百種服務，為每種不需要的服務創建明確拒絕語句將是難以維護且容易出錯的。SCP 的設計目標是簡化權限管理，而不是增加複雜性。

*   **選項 B (從開發人員帳戶的 OU 中移除 `FullAWSAccess` SCP)：** 如果開發人員帳戶的 OU 或其父 OU 繼承了 `FullAWSAccess` SCP，那麼這個 SCP 會授予對所有服務的存取權限，即使開發人員帳戶本身的 SCP 只允許特定服務。移除這個更寬鬆的 SCP，將允許開發人員帳戶的 SCP 成為主導，從而實現僅允許特定服務的目標。這是最有效且符合最佳實踐的方法。

*   **選項 C (修改 `FullAWSAccess` SCP，明確拒絕所有服務)：** SCP 的預設行為是「預設允許」。修改 `FullAWSAccess` SCP 來明確拒絕所有服務，實際上是創建了一個「預設拒絕」的策略。雖然這可以達到限制服務的目的，但它會影響到該 OU 下所有帳戶的存取權限，可能不是預期的結果。更重要的是，如果 `FullAWSAccess` SCP 的目的是提供廣泛的存取權限，修改它來拒絕所有服務會與其原始意圖相悖。此外，創建一個明確拒絕所有服務的 SCP 並不常見，通常是通過明確允許所需服務來實現限制。

*   **選項 D (在 SCP 的末尾使用萬用字元添加一個明確拒絕的語句)：** SCP 的語句是獨立評估的，順序並不影響其效果。在 SCP 的末尾添加一個明確拒絕所有服務的萬用字元語句 (`""Action"": ""*"", ""Effect"": ""Deny""`)，在預設允許的模型下，並不能阻止其他 SCP 或 IAM 權限允許的服務。SCP 的評估邏輯是：如果任何 SCP 語句明確拒絕某項操作，則該操作被拒絕。如果沒有明確拒絕，則根據 IAM 權限決定是否允許。因此，僅僅添加一個拒絕語句並不能解決問題，因為可能存在其他允許該操作的 SCP。

總結來說，最有效且最符合 AWS Organizations SCP 設計理念的方法是移除覆蓋了現有限制策略的更寬鬆的 SCP (`FullAWSAccess`)。"
33,"A company is hosting a monolithic REST-based API for a mobile app on five Amazon EC2 instances in public subnets of a VPC.
Mobile clients connect to the API by using a domain name that is hosted on Amazon Route 53. The company has created a
Route 53 multivalue answer routing policy with the IP addresses of all the EC2 instances. Recently, the app has been
overwhelmed by large and sudden increases to traffic. The app has not been able to keep up with the traffic.
A solutions architect needs to implement a solution so that the app can handle the new and varying load.
Which solution will meet these requirements with the LEAST operational overhead?","A. Separate the API into individual AWS Lambda functions. Configure an Amazon API Gateway REST API with Lambda
integration for the backend. Update the Route 53 record to point to the API Gateway API.
B. Containerize the API logic. Create an Amazon Elastic Kubernetes Service (Amazon EKS) cluster. Run the containers in
the cluster by using Amazon EC2. Create a Kubernetes ingress. Update the Route 53 record to point to the Kubernetes
ingress.
C. Create an Auto Scaling group. Place all the EC2 instances in the Auto Scaling group. Configure the Auto Scaling group to
perform scaling actions that are based on CPU utilization. Create an AWS Lambda function that reacts to Auto Scaling
group changes and updates the Route 53 record.
D. Create an Application Load Balancer (ALB) in front of the API. Move the EC2 instances to private subnets in the VPC.
Add the EC2 instances as targets for the ALB. Update the Route 53 record to point to the ALB.","The answer is A.

**Why A:**

Option A proposes splitting the monolithic API into individual AWS Lambda functions and using Amazon API Gateway as the front end. It is a serverless architecture that offers the following advantages to meet demand with minimal operational overhead:

* **Auto-scalability:** Lambda functions and API Gateway automatically scale based on requests, eliminating the need for manual configuration or management of servers. This effectively handles sudden increases and changes in traffic.
* **Minimal Operational Overhead:** AWS Lambda and API Gateway are fully managed services, with AWS managing, maintaining, and scaling the underlying infrastructure. This significantly reduces the burden on operations teams from having to manage EC2 instances, operating systems, patches or scaling configurations.
* **Pay as you go:** The billing model for Lambda and API Gateway is based on actual usage (number of requests and execution time), which is very cost-effective for handling changing traffic.
* **Simplified Architecture:** Breaking a monolithic application into microservices (Lambda functions) improves maintainability and independent deployment capabilities.

**Why the other options are incorrect:**

* **B. Amazon EKS Clusters:** While EKS can provide elasticity and scalability, establishing and managing an EKS cluster (including nodes, control plane, networking, and security configuration) incurs significant operational overhead. This is contrary to the requirement of ""minimum operating expenses"". In addition, the configuration and management of Kubernetes ingress also requires expertise.
* **C. Auto Scaling Groups and Lambda Functions:** This option introduces Auto Scaling groups to manage scaling of EC2 instances, which requires more configuration and management than a completely serverless Lambda approach. At the same time, additional Lambda functions are required to handle changes to the Auto Scaling group and update Route 53, which increases architectural complexity and operational burden. While an Auto Scaling group can handle traffic changes, it still requires managing the underlying EC2 instances.
* **D. Application Load Balancer (ALB): ** Placing an ALB in front of an API is a common scaling and high-availability solution, and is more secure than exposing EC2 instances directly (moving EC2 to a private subnet). However, this still requires managing scaling of EC2 instances (even through Auto Scaling groups, as described in Option C, but Option D itself does not mention Auto Scaling). Compared to fully managed Lambda and API Gateway, managing EC2 instances (even in a private subnet) still involves more operational overhead, such as patching, monitoring, and maintenance of the underlying infrastructure.

In summary, Option A provides a solution that best meets the ""lowest operational overhead"" requirement because it leverages AWS's serverless services to transfer infrastructure management responsibilities to AWS.",A,A (43% community votes),一家公司在其 VPC 的公用子網中的五個 Amazon EC2 實例上託管一個用於行動應用程式的單體式 REST API。行動用戶端透過 Amazon Route 53 上託管的網域名稱連接到 API。該公司已建立一個 Route 53 多值答案路由策略，其中包含所有 EC2 實例的 IP 位址。最近，該應用程式因流量突然大幅增加而不堪重負，無法跟上流量。解決方案架構師需要實施一個解決方案，以便應用程式能夠處理新的和變化的負載。哪種解決方案能以最低的營運開銷滿足這些需求？,"A. 將 API 分割成個別的 AWS Lambda 函數。為後端配置一個具有 Lambda 整合的 Amazon API Gateway REST API。更新 Route 53 記錄以指向 API Gateway API。
B. 將 API 邏輯容器化。建立一個 Amazon Elastic Kubernetes Service (Amazon EKS) 叢集。使用 Amazon EC2 在叢集中執行容器。建立一個 Kubernetes ingress。更新 Route 53 記錄以指向 Kubernetes ingress。
C. 建立一個 Auto Scaling 群組。將所有 EC2 實例放入 Auto Scaling 群組。配置 Auto Scaling 群組以根據 CPU 使用率執行擴展動作。建立一個對 Auto Scaling 群組變更做出反應並更新 Route 53 記錄的 AWS Lambda 函數。
D. 在 API 前面建立一個 Application Load Balancer (ALB)。將 EC2 實例移至 VPC 中的私有子網。將 EC2 實例新增為 ALB 的目標。更新 Route 53 記錄以指向 ALB。","答案是 A。

**為什麼是 A：**

選項 A 提出將單體式 API 分割成個別的 AWS Lambda 函數，並使用 Amazon API Gateway 作為前端。這是一個無伺服器架構，具有以下優勢，能以最低的營運開銷滿足需求：

*   **自動擴展性：** Lambda 函數和 API Gateway 會根據請求自動擴展，無需手動配置或管理伺服器。這能有效處理流量的突然增加和變化。
*   **最低營運開銷：** AWS Lambda 和 API Gateway 是完全託管的服務，AWS 負責底層基礎設施的管理、維護和擴展。這大大減少了營運團隊的負擔，無需管理 EC2 實例、作業系統、補丁或擴展組態。
*   **按需付費：** Lambda 和 API Gateway 的計費模式是基於實際使用量（請求次數和執行時間），這對於處理變化的流量非常經濟高效。
*   **簡化架構：** 將單體式應用程式分解為微服務（Lambda 函數）可以提高可維護性和獨立部署能力。

**為什麼其他選項不正確：**

*   **B. Amazon EKS 叢集：** 雖然 EKS 可以提供彈性和擴展性，但建立和管理一個 EKS 叢集（包括節點、控制平面、網路和安全組態）會帶來顯著的營運開銷。這與「最低營運開銷」的要求相悖。此外，Kubernetes ingress 的配置和管理也需要專業知識。
*   **C. Auto Scaling 群組與 Lambda 函數：** 這個選項引入了 Auto Scaling 群組來管理 EC2 實例的擴展，這比完全無伺服器的 Lambda 方案需要更多的配置和管理。同時，還需要額外的 Lambda 函數來處理 Auto Scaling 群組的變更並更新 Route 53，這增加了架構的複雜性和營運負擔。雖然 Auto Scaling 群組可以處理流量變化，但它仍然需要管理底層的 EC2 實例。
*   **D. Application Load Balancer (ALB)：** 在 API 前面放置 ALB 是一個常見的擴展和高可用性解決方案，並且比直接暴露 EC2 實例更安全（將 EC2 移至私有子網）。然而，這仍然需要管理 EC2 實例的擴展（即使透過 Auto Scaling 群組，如選項 C 所述，但選項 D 本身並未提及 Auto Scaling）。與完全託管的 Lambda 和 API Gateway 相比，管理 EC2 實例（即使在私有子網中）仍然涉及更多的營運開銷，例如補丁、監控和底層基礎設施的維護。

總結來說，選項 A 提供了一個最符合「最低營運開銷」要求的解決方案，因為它利用了 AWS 的無伺服器服務，將基礎設施的管理責任轉移給 AWS。"
34,"A company has created an OU in AWS Organizations for each of its engineering teams. Each OU owns multiple AWS accounts.
The organization has hundreds of AWS accounts.
A solutions architect must design a solution so that each OU can view a breakdown of usage costs across its AWS accounts.
Which solution meets these requirements?","A. Create an AWS Cost and Usage Report (CUR) for each OU by using AWS Resource Access Manager. Allow each team to
visualize the CUR through an Amazon QuickSight dashboard.
B. Create an AWS Cost and Usage Report (CUR) from the AWS Organizations management account. Allow each team to
visualize the CUR through an Amazon QuickSight dashboard.
C. Create an AWS Cost and Usage Report (CUR) in each AWS Organizations member account. Allow each team to visualize
the CUR through an Amazon QuickSight dashboard.
D. Create an AWS Cost and Usage Report (CUR) by using AWS Systems Manager. Allow each team to visualize the CUR
through Systems Manager OpsCenter dashboards.","The correct answer is **B**.

**Analysis:**

* **Why B is the correct answer: **
    The administrative account in AWS Organizations is the root account for the entire organization and has permissions to view costs for all member accounts. Creating a single AWS Cost and Usage Report (CUR) and storing it in a management account summarizes cost data across all accounts in your organization. Amazon QuickSight can then be used to read this CUR and create different dashboards based on the OU's structure, allowing teams in each OU to independently view the cost breakdown of their OU. This method centrally manages reports while providing decentralized visualization and analysis capabilities, which meets the requirements of the question.

* **Why the other options are incorrect:**
    * **A. Use AWS Resource Access Manager to create CURs for each OU: ** AWS Resource Access Manager (RAM) is primarily used for sharing resources across accounts, not directly for generating and aggregating CURs. While RAM can be used to share the storage location of CURs, the CURs themselves need to be generated from administrative accounts in order to aggregate data across all accounts. Creating CURs individually for each OU and attempting to share them with RAM results in duplication of reporting and management complexity, and does not allow effective aggregation of costs across the organization.
    * **C. Create CURs in each AWS Organizations member account: ** If you create CURs in each member account, teams in each OU will need to separately access and consolidate reports from multiple member accounts, which will be time-consuming and difficult to obtain an overall cost view across the OU. The question requires that each OU be able to view the cost details of all accounts within its OU, which requires a summary report.
    * **D. Creating a CUR using AWS Systems Manager: ** AWS Systems Manager is a service used to operate and manage AWS resources and is not directly responsible for generating the AWS Cost and Usage Report (CUR) itself. CUR is generated by the AWS Billing service. Although Systems Manager can be used to deploy and manage QuickSight dashboards, it is not a tool for creating CURs. It is incorrect to associate the generation of CUR with Systems Manager.",B,B (90% community votes),一家公司為其每個工程團隊創建了一個 AWS Organizations 的組織單位 (OU)。每個 OU 擁有數個 AWS 帳戶。該組織擁有數百個 AWS 帳戶。一位解決方案架構師必須設計一個解決方案，以便每個 OU 可以查看其 AWS 帳戶的使用成本細項。哪種解決方案符合這些要求？,"A. 使用 AWS Resource Access Manager 為每個 OU 創建 AWS Cost and Usage Report (CUR)。允許每個團隊透過 Amazon QuickSight儀表板視覺化 CUR。
B. 從 AWS Organizations 管理帳戶創建 AWS Cost and Usage Report (CUR)。允許每個團隊透過 Amazon QuickSight儀表板視覺化 CUR。
C. 在每個 AWS Organizations 成員帳戶中創建 AWS Cost and Usage Report (CUR)。允許每個團隊透過 Amazon QuickSight儀表板視覺化 CUR。
D. 使用 AWS Systems Manager 創建 AWS Cost and Usage Report (CUR)。允許每個團隊透過 Systems Manager OpsCenter 儀表板視覺化 CUR。","正確答案是 **B**。

**解析：**

*   **為什麼 B 是正確答案：**
    AWS Organizations 的管理帳戶是整個組織的根帳戶，擁有查看所有成員帳戶成本的權限。創建一個單一的 AWS Cost and Usage Report (CUR) 並將其儲存在管理帳戶中，可以匯總組織內所有帳戶的成本數據。然後，可以利用 Amazon QuickSight 讀取這個 CUR，並根據 OU 的結構創建不同的儀表板，讓每個 OU 的團隊能夠獨立查看他們所屬 OU 的成本細項。這種方法集中管理報告，同時提供了分散式的視覺化和分析能力，符合題目要求。

*   **為什麼其他選項不正確：**
    *   **A. 使用 AWS Resource Access Manager 為每個 OU 創建 CUR：** AWS Resource Access Manager (RAM) 主要用於跨帳戶共享資源，而不是直接用於生成和匯總 CUR。雖然 RAM 可以用來共享 CUR 的存儲位置，但 CUR 本身需要從管理帳戶生成才能匯總所有帳戶的數據。為每個 OU 單獨創建 CUR 並嘗試用 RAM 共享會導致報告的重複和管理複雜性，且無法有效匯總整個組織的成本。
    *   **C. 在每個 AWS Organizations 成員帳戶中創建 CUR：** 如果在每個成員帳戶中創建 CUR，那麼每個 OU 的團隊將需要分別訪問和整合來自多個成員帳戶的報告，這將非常耗時且難以獲得整個 OU 的總體成本視圖。題目要求的是每個 OU 能夠查看其 OU 內所有帳戶的成本細項，這需要一個匯總的報告。
    *   **D. 使用 AWS Systems Manager 創建 CUR：** AWS Systems Manager 是一個用於操作和管理 AWS 資源的服務，它本身並不直接負責生成 AWS Cost and Usage Report (CUR)。CUR 是由 AWS Billing 服務生成的。雖然 Systems Manager 可以用於部署和管理 QuickSight 儀表板，但它不是創建 CUR 的工具。將 CUR 的生成與 Systems Manager 關聯是不正確的。"
35,"A company is storing data on premises on a Windows file server. The company produces 5 GB of new data daily.
The company migrated part of its Windows-based workload to AWS and needs the data to be available on a file system in the
cloud. The company already has established an AWS Direct Connect connection between the on-premises network and AWS.
Which data migration strategy should the company use?","A. Use the file gateway option in AWS Storage Gateway to replace the existing Windows file server, and point the existing
file share to the new file gateway.
B. Use AWS DataSync to schedule a daily task to replicate data between the on-premises Windows file server and Amazon
FSx.
C. Use AWS Data Pipeline to schedule a daily task to replicate data between the on-premises Windows file server and
Amazon Elastic File System (Amazon EFS).
D. Use AWS DataSync to schedule a daily task to replicate data between the on-premises Windows file server and Amazon
Elastic File System (Amazon EFS).","The correct answer is B.

**Analysis:**

The key to this scenario is that the company has migrated some Windows workloads to AWS and needs to synchronize on-premises Windows file server data to the cloud file system. The company already has an AWS Direct Connect connection, which means network bandwidth and stability are guaranteed.

* **Amazon FSx for Windows File Server** is a fully managed file system in the Amazon FSx family designed specifically for Windows workloads. It provides high compatibility with native Windows file sharing (SMB) and supports Windows-specific features such as NTFS and Active Directory. This fits perfectly with the company's existing on-premises Windows file server environment.
* **AWS DataSync** is a data transfer service that simplifies, automates, and accelerates the movement of data between on-premises storage systems and AWS storage services. It is ideal for regular, automated data replication and can handle large data transfers.

Therefore, using AWS DataSync to schedule daily tasks to copy data from on-premises Windows file servers to Amazon FSx for Windows File Server is the most straightforward solution that meets your needs.

**Why the other options are incorrect:**

* **A. Using the file gateway option of AWS Storage Gateway: ** The file gateway mode of AWS Storage Gateway is primarily used to connect on-premises applications to cloud storage, such as Amazon S3 or Amazon Glacier. It is more like a cache or proxy than a standalone cloud file system that is fully compatible with native Windows file servers. Although it can provide a file interface, it does not directly replace or copy it to a cloud file system that is completely consistent with the native Windows file server experience. Moreover, the question requires ""data must be available in the cloud file system."" FSx for Windows File Server better meets this requirement.
* **C. Using AWS Data Pipeline: ** AWS Data Pipeline is a service for automated data movement and transformation. Although it can schedule tasks, it is typically used for more complex data processing workflows such as ETL (Extract, Transform, Load). For simple data replication between file systems, AWS DataSync is a more specialized and efficient tool. Additionally, the integration of AWS Data Pipeline with Amazon EFS is not as straightforward as the integration of AWS DataSync with Amazon FSx.
* **D. Use AWS DataSync to schedule daily tasks to copy data between on-premises Windows file servers and Amazon Elastic File System (Amazon EFS): ** Amazon EFS is a scalable, elastic file storage service, but it is an NFS-based file system primarily used for Linux workloads. While there are ways to allow Windows systems to access EFS, it is not as compatible with native Windows file servers as Amazon FSx for Windows File Server. Since the company has migrated Windows workloads and wants the data to be available in a cloud file system, it is a better choice to choose Amazon FSx for Windows File Server, which is highly compatible with Windows environments. AWS DataSync itself is the right tool, but the target storage service (Amazon EFS) is not as suitable as Amazon FSx in this scenario.",B,B (61% community votes),"一家公司在其內部部署的 Windows 檔案伺服器上儲存資料。該公司每天產生 5 GB 的新資料。
該公司已將部分 Windows 工作負載遷移到 AWS，並需要資料在雲端檔案系統中可用。該公司已在內部部署網路和 AWS 之間建立 AWS Direct Connect 連線。
公司應使用哪種資料遷移策略？","A. 使用 AWS Storage Gateway 中的檔案閘道選項來取代現有的 Windows 檔案伺服器，並將現有的檔案共用指向新的檔案閘道。
B. 使用 AWS DataSync 來排定每日任務，以在內部部署的 Windows 檔案伺服器和 Amazon FSx 之間複寫資料。
C. 使用 AWS Data Pipeline 來排定每日任務，以在內部部署的 Windows 檔案伺服器和 Amazon Elastic File System (Amazon EFS) 之間複寫資料。
D. 使用 AWS DataSync 來排定每日任務，以在內部部署的 Windows 檔案伺服器和 Amazon Elastic File System (Amazon EFS) 之間複寫資料。","正確答案是 B。

**解析：**

此情境的關鍵在於公司已將部分 Windows 工作負載遷移到 AWS，並且需要將內部部署的 Windows 檔案伺服器資料同步到雲端檔案系統。公司已擁有 AWS Direct Connect 連線，這表示網路頻寬和穩定性已得到保障。

*   **Amazon FSx for Windows File Server** 是 Amazon FSx 系列中專為 Windows 工作負載設計的完全受管的檔案系統。它提供與原生 Windows 檔案共用 (SMB) 的高相容性，並支援 NTFS、Active Directory 等 Windows 特有的功能。這與公司現有的內部部署 Windows 檔案伺服器環境高度契合。
*   **AWS DataSync** 是一個資料傳輸服務，可以簡化、自動化和加速內部部署儲存系統與 AWS 儲存服務之間的資料移動。它非常適合用於定期、自動化的資料複寫，並且可以處理大量的資料傳輸。

因此，使用 AWS DataSync 排定每日任務，將內部部署的 Windows 檔案伺服器資料複寫到 Amazon FSx for Windows File Server 是最直接且符合需求的解決方案。

**為何其他選項不正確：**

*   **A. 使用 AWS Storage Gateway 的檔案閘道選項：** AWS Storage Gateway 的檔案閘道模式主要用於將內部部署應用程式連接到雲端儲存，例如 Amazon S3 或 Amazon Glacier。它更像是一個快取或代理，而不是一個獨立的、與原生 Windows 檔案伺服器完全相容的雲端檔案系統。雖然可以提供檔案介面，但它並非直接替換或複寫到一個與原生 Windows 檔案伺服器體驗完全一致的雲端檔案系統，且題目要求的是「資料要可用在雲端檔案系統中」，FSx for Windows File Server 更符合這個需求。
*   **C. 使用 AWS Data Pipeline：** AWS Data Pipeline 是一個用於自動化資料移動和轉換的服務。雖然它可以排定任務，但它通常用於更複雜的資料處理工作流程，例如 ETL (Extract, Transform, Load)。對於簡單的檔案系統之間的資料複寫，AWS DataSync 是更專門且更有效率的工具。此外，AWS Data Pipeline 與 Amazon EFS 的整合不如 AWS DataSync 與 Amazon FSx 的整合直接。
*   **D. 使用 AWS DataSync 來排定每日任務，以在內部部署的 Windows 檔案伺服器和 Amazon Elastic File System (Amazon EFS) 之間複寫資料：** Amazon EFS 是一個可擴展的、彈性的檔案儲存服務，但它是一個基於 NFS 的檔案系統，主要用於 Linux 工作負載。雖然可以透過某些方法讓 Windows 系統存取 EFS，但它與原生 Windows 檔案伺服器的相容性不如 Amazon FSx for Windows File Server。由於公司已遷移的是 Windows 工作負載，並希望資料在雲端檔案系統中可用，選擇與 Windows 環境高度相容的 Amazon FSx for Windows File Server 是更佳的選擇。AWS DataSync 本身是正確的工具，但目標儲存服務 (Amazon EFS) 在此情境下不如 Amazon FSx 合適。"
36,"A company’s solutions architect is reviewing a web application that runs on AWS. The application references static assets in an
Amazon S3 bucket in the us-east-1 Region. The company needs resiliency across multiple AWS Regions. The company already
has created an S3 bucket in a second Region.
Which solution will meet these requirements with the LEAST operational overhead?","A. Configure the application to write each object to both S3 buckets. Set up an Amazon Route 53 public hosted zone with a
record set by using a weighted routing policy for each S3 bucket. Configure the application to reference the objects by
using the Route 53 DNS name.
B. Create an AWS Lambda function to copy objects from the S3 bucket in us-east-1 to the S3 bucket in the second Region.
Invoke the Lambda function each time an object is written to the S3 bucket in us-east-1. Set up an Amazon CloudFront
distribution with an origin group that contains the two S3 buckets as origins.
C. Configure replication on the S3 bucket in us-east-1 to replicate objects to the S3 bucket in the second Region. Set up an
Amazon CloudFront distribution with an origin group that contains the two S3 buckets as origins.
D. Configure replication on the S3 bucket in us-east-1 to replicate objects to the S3 bucket in the second Region. If failover
is required, update the application code to load S3 objects from the S3 bucket in the second Region.","The correct answer is C.

**Analysis:**

Option C provides the lowest operational overhead while meeting the availability requirements of multi-region resiliency and static assets.

* **S3 Cross-Region Replication (CRR)**: This is a native feature provided by AWS for automatically replicating objects from one S3 bucket to a bucket in another region. Once set up, it handles replication automatically, requiring no additional programming or manual intervention, thus minimizing operational overhead.
* **Amazon CloudFront Origin Group**: CloudFront's origin groups allow you to specify multiple origins for your content. When one origin becomes unavailable, CloudFront automatically fails over to another origin. Configuring two S3 buckets (one in us-east-1 and the other in the second region) as source groups ensures that even if there is a problem in one region, the application can still serve static assets from the S3 bucket in the other region. CloudFront's automatic failover mechanism eliminates the need for manual operations, further reducing operational overhead.

**Why the other options are incorrect:**

* **Option A**:
    * **The application writes to two buckets**: This requires modifying the application's writing logic, increasing the complexity of development and maintenance, thereby increasing operational overhead.
    * **Route 53 Weighted Routing**: While Route 53 can be used for load balancing and failover, for static assets it is generally more common to refer directly to S3's URL. Using Route 53 DNS names to reference S3 objects and relying on weighted routing for failover means that when there is an issue with S3 in one region, the DNS records take time to propagate and the application may need to be restarted or cache flushed to switch to another source. This is less efficient than CloudFront's instant failover and increases configuration and management complexity.

* **Option B**:
    * **AWS Lambda Replication**: While Lambda can enable cross-region replication, this requires writing, deploying, and maintaining Lambda functions, as well as managing their triggers (such as S3 event notifications). This has higher operational overhead than S3 CRR.
    * **CloudFront Origin Group**: This part is the same as option C, which is good. However, Lambda's replication mechanism makes the overall solution more expensive to operate than Option C.

* **Option D**:
    * **S3 Replication**: This part is the same as option C, which is good.
    * **Manually update application code for failover**: This is the main disadvantage. When failover is required, application code must be manually modified, which is time-consuming, error-prone, and requires",C,C (95% community votes),"一家公司的解決方案架構師正在審查一個運行在 AWS 上的 Web 應用程式。該應用程式引用了位於 us-east-1 區域的 Amazon S3 儲存桶中的靜態資產。該公司需要在多個 AWS 區域實現彈性。該公司已經在第二個區域創建了一個 S3 儲存桶。
哪種解決方案能以最低的營運開銷滿足這些需求？","A. 設定應用程式將每個物件寫入兩個 S3 儲存桶。使用加權路由策略為每個 S3 儲存桶設定一個記錄集，並設定一個 Amazon Route 53 公用託管區域。設定應用程式使用 Route 53 DNS 名稱來引用物件。
B. 創建一個 AWS Lambda 函數，將物件從 us-east-1 的 S3 儲存桶複製到第二個區域的 S3 儲存桶。每次物件寫入 us-east-1 的 S3 儲存桶時，調用 Lambda 函數。設定一個 Amazon CloudFront 分佈，其中包含兩個 S3 儲存桶作為來源的來源群組。
C. 在 us-east-1 的 S3 儲存桶上設定複寫，將物件複寫到第二個區域的 S3 儲存桶。設定一個 Amazon CloudFront 分佈，其中包含兩個 S3 儲存桶作為來源的來源群組。
D. 在 us-east-1 的 S3 儲存桶上設定複寫，將物件複寫到第二個區域的 S3 儲存桶。如果需要故障轉移，更新應用程式代碼以從第二個區域的 S3 儲存桶載入 S3 物件。","正確答案是 C。

**解析：**

選項 C 提供了最低的營運開銷，同時滿足了多區域彈性和靜態資產的可用性需求。

*   **S3 跨區域複寫 (CRR)**：這是 AWS 提供的原生功能，用於自動將物件從一個 S3 儲存桶複寫到另一個區域的儲存桶。一旦設定完成，它會自動處理複寫，無需額外的編程或手動干預，因此營運開銷最低。
*   **Amazon CloudFront 來源群組 (Origin Group)**：CloudFront 的來源群組允許您為您的內容指定多個來源。當一個來源不可用時，CloudFront 會自動故障轉移到另一個來源。將兩個 S3 儲存桶（一個在 us-east-1，另一個在第二個區域）配置為來源群組，可以確保即使一個區域出現問題，應用程式仍然可以從另一個區域的 S3 儲存桶提供靜態資產。CloudFront 的自動故障轉移機制無需手動操作，進一步降低了營運開銷。

**為什麼其他選項不正確：**

*   **選項 A**：
    *   **應用程式寫入兩個儲存桶**：這需要修改應用程式的寫入邏輯，增加了開發和維護的複雜性，從而增加了營運開銷。
    *   **Route 53 加權路由**：雖然 Route 53 可以用於負載平衡和故障轉移，但對於靜態資產，直接引用 S3 的 URL 通常更為常見。使用 Route 53 DNS 名稱來引用 S3 物件，並依賴加權路由來實現故障轉移，這意味著當一個區域的 S3 出現問題時，DNS 記錄需要時間才能傳播，並且應用程式可能需要重新啟動或刷新緩存才能切換到另一個來源。這不如 CloudFront 的即時故障轉移有效率，且增加了配置和管理的複雜性。

*   **選項 B**：
    *   **AWS Lambda 複製**：雖然 Lambda 可以實現跨區域複製，但這需要編寫、部署和維護 Lambda 函數，以及管理其觸發器（例如 S3 事件通知）。這比 S3 CRR 具有更高的營運開銷。
    *   **CloudFront 來源群組**：這部分與選項 C 相同，是好的。但是，Lambda 的複製機制使得整體解決方案的營運開銷高於選項 C。

*   **選項 D**：
    *   **S3 複寫**：這部分與選項 C 相同，是好的。
    *   **手動更新應用程式代碼進行故障轉移**：這是最主要的缺點。當需要故障轉移時，必須手動修改應用程式代碼，這不僅耗時，而且容易出錯，並且需要"
37,"A company is hosting a three-tier web application in an on-premises environment. Due to a recent surge in traffic that resulted
in downtime and a significant financial impact, company management has ordered that the application be moved to AWS. The
application is written in .NET and has a dependency on a MySQL database. A solutions architect must design a scalable and
highly available solution to meet the demand of 200,000 daily users.
Which steps should the solutions architect take to design an appropriate solution?","A. Use AWS Elastic Beanstalk to create a new application with a web server environment and an Amazon RDS MySQL Multi-
AZ DB instance. The environment should launch a Network Load Balancer (NLB) in front of an Amazon EC2 Auto Scaling
group in multiple Availability Zones. Use an Amazon Route 53 alias record to route traffic from the company’s domain to
the NLB.
B. Use AWS CloudFormation to launch a stack containing an Application Load Balancer (ALB) in front of an Amazon EC2
Auto Scaling group spanning three Availability Zones. The stack should launch a Multi-AZ deployment of an Amazon Aurora
MySQL DB cluster with a Retain deletion policy. Use an Amazon Route 53 alias record to route traffic from the company’s
domain to the ALB.
C. Use AWS Elastic Beanstalk to create an automatically scaling web server environment that spans two separate Regions
with an Application Load Balancer (ALB) in each Region. Create a Multi-AZ deployment of an Amazon Aurora MySQL DB
cluster with a cross-Region read replica. Use Amazon Route 53 with a geoproximity routing policy to route traffic between
the two Regions.
D. Use AWS CloudFormation to launch a stack containing an Application Load Balancer (ALB) in front of an Amazon ECS
cluster of Spot instances spanning three Availability Zones. The stack should launch an Amazon RDS MySQL DB instance
with a Snapshot deletion policy. Use an Amazon Route 53 alias record to route traffic from the company’s domain to the
ALB.","The correct answer is B.

**Analysis:**

This scenario required designing a scalable and highly available solution to handle traffic spikes of 200,000 daily users and migrating a .NET application and MySQL database.

* **AWS CloudFormation (B, D)**: CloudFormation is an Infrastructure as Code (IaC) service ideal for automating the deployment and management of complex stacks of AWS resources. This is critical to ensuring repeatable deployment, versioning, and consistency of your application, especially when migrating and scaling.
* **Application Load Balancer (ALB) (B, C, D)**: ALB is a layer 7 load balancer of the OSI model that enables content-based request routing and supports advanced features required by web applications, such as HTTP/2, WebSockets, and path-based routing. For a three-tier web application, ALB is more suitable than Network Load Balancer (NLB) because it provides more granular traffic management.
* **Amazon EC2 Auto Scaling Group (B, A)**: Auto Scaling Group ensures that an application's computing resources can automatically scale up or down based on traffic demands, maintaining performance and controlling costs. Spreading it across multiple Availability Zones (AZs) is key to achieving high availability.
* **Amazon Aurora MySQL (B, C)**: Aurora is AWS's high-performance, high-availability, MySQL-compatible database service designed for the cloud. Aurora generally offers higher performance and lower latency than standard Amazon RDS MySQL, and its Multi-AZ deployment architecture is inherently high-available and fault-tolerant.
* **Multi-AZ Deployment (B, C)**: Deploying database and application servers in multiple Availability Zones is standard practice for achieving high availability. When an availability zone fails, traffic can be automatically switched to another zone, ensuring service continuity.
* **Retain Deletion Policy (B)**: During the migration and testing phases, setting the `Retain` deletion policy for the database cluster can prevent accidental deletion and ensure that data can be restored when needed.
* **Amazon Route 53 Alias ​​Record (B, A, D)**: Route 53 is AWS's DNS service. Using alias records to point your corporate domain to the ALB is a standard and efficient way to direct traffic to your application.

**Why B is the correct answer:**

Option B combines the automated deployment capabilities of CloudFormation, the intelligent traffic distribution of ALB, the elastic scaling of EC2 Auto Scaling Group, deployment across multiple availability zones for high availability, and the high-performance and high-availability database solution of Aurora MySQL. The `Retain` deletion policy also provides additional security during the early stages of migration. This is a comprehensive, best-practice design that can handle the needs of 200,000 daily users and ensure high availability.

**Why the other options are incorrect:**

* **A. Using Elastic Beanstalk and NLB: **
    * Although Elastic Beanstalk simplifies deployment, CloudFormation provides greater flexibility for scenarios that require fine control and complex architecture.
    * Network Load Balancer (NLB) works at layer 4 of the OSI model and forwards traffic mainly based on IP addresses and connection ports. It lacks the application layer routing capabilities of ALB and has weak support for the advanced requirements of web applications (such as routing based on URL paths).
    * Only mentions ""Amazon RDS MySQL Multi-AZ DB instance"", while Aurora MySQL generally has advantages in performance and availability, especially in large-scale application scenarios.
* **C. Using two independent regions and reading replicas across regions: **
    * While cross-region deployment can provide higher availability, it may be over-engineered for the migration of a single application without explicitly stating that such high complexity and cost are required.
    * Use Route 53's geoproximity routing policy to route traffic. Although geographical location optimization can be achieved, for the infrastructure design of a single application, multi-AZ deployment within a single region is usually considered first, and then cross-region disaster recovery or global distribution is considered.
    * Mentions ""cross-Region read replica"", which means that the primary database may be in one region and the read replica in another region, which increases the complexity of the architecture, and if the primary database fails, write operations may be affected.
* **D. Use ECS Spot to execute individual and Snapshot deletion policies: **
    * Amazon ECS (Elastic Container Service) is a container orchestration service. Although it is possible to host .NET applications, if the application is not designed for containerization, it may be more straightforward to migrate directly to an EC2 Auto Scaling Group.
    * Spot instances are cheap, but may be withdrawn by AWS, which is a higher risk for production environments that require continuous availability, unless there are specific fault-tolerance mechanisms in place to handle outages of execution instances.
    * ""Snapshot deletion policy"" means that a snapshot is created when a database instance is deleted, unlike the `Retain` policy, which retains the entire database instance rather than just the snapshot. During the migration and testing phase, it may be safer to retain the entire execution instance.",B,B (90% community votes),"一家公司在其內部部署環境中託管一個三層式 Web 應用程式。由於近期流量激增導致停機並造成重大的財務影響，公司管理層已下令將該應用程式遷移至 AWS。該應用程式以 .NET 編寫，並依賴於 MySQL 資料庫。解決方案架構師必須設計一個可擴展且高可用性的解決方案，以滿足每日 200,000 位使用者的需求。
解決方案架構師應採取哪些步驟來設計適當的解決方案？","A. 使用 AWS Elastic Beanstalk 建立一個具有 Web 伺服器環境和 Amazon RDS MySQL Multi-AZ 資料庫執行個體的新應用程式。該環境應在多個可用區域中啟動一個網路負載平衡器 (NLB)，置於 Amazon EC2 Auto Scaling 群組之前。使用 Amazon Route 53 別名記錄將流量從公司網域路由至 NLB。
B. 使用 AWS CloudFormation 啟動一個堆疊，其中包含一個應用程式負載平衡器 (ALB)，置於跨越多個可用區域的 Amazon EC2 Auto Scaling 群組之前。該堆疊應啟動一個 Amazon Aurora MySQL 資料庫叢集的 Multi-AZ 部署，並設定 Retain 刪除策略。使用 Amazon Route 53 別名記錄將流量從公司網域路由至 ALB。
C. 使用 AWS Elastic Beanstalk 建立一個跨越多個區域的自動擴展 Web 伺服器環境，每個區域都有一個應用程式負載平衡器 (ALB)。建立一個 Amazon Aurora MySQL 資料庫叢集的 Multi-AZ 部署，並配備跨區域讀取複本。使用 Amazon Route 53 的地理接近性路由策略將流量路由至兩個區域之間。
D. 使用 AWS CloudFormation 啟動一個堆疊，其中包含一個應用程式負載平衡器 (ALB)，置於跨越多個可用區域的 Amazon ECS Spot 執行個體叢集之前。該堆疊應啟動一個具有 Snapshot 刪除策略的 Amazon RDS MySQL 資料庫執行個體。使用 Amazon Route 53 別名記錄將流量從公司網域路由至 ALB。","正確答案是 B。

**解析：**

此情境要求設計一個可擴展且高可用的解決方案，以應對每日 200,000 位使用者的流量高峰，並遷移一個 .NET 應用程式及 MySQL 資料庫。

*   **AWS CloudFormation (B, D)**：CloudFormation 是一種基礎設施即程式碼 (IaC) 服務，非常適合用於自動化部署和管理複雜的 AWS 資源堆疊。這對於確保應用程式的可重複部署、版本控制和一致性至關重要，尤其是在遷移和擴展時。
*   **Application Load Balancer (ALB) (B, C, D)**：ALB 是 OSI 模型第 7 層的負載平衡器，能夠基於內容進行請求路由，並支援 Web 應用程式所需的進階功能，如 HTTP/2、WebSockets 和基於路徑的路由。對於一個三層式 Web 應用程式，ALB 比 Network Load Balancer (NLB) 更適合，因為它能提供更精細的流量管理。
*   **Amazon EC2 Auto Scaling Group (B, A)**：Auto Scaling Group 確保應用程式的計算資源能夠根據流量需求自動擴展或縮減，從而維持效能並控制成本。將其跨越多個可用區域 (AZ) 是實現高可用性的關鍵。
*   **Amazon Aurora MySQL (B, C)**：Aurora 是 AWS 專為雲端設計的高效能、高可用性且與 MySQL 相容的資料庫服務。與標準的 Amazon RDS MySQL 相比，Aurora 通常提供更高的效能和更低的延遲，並且其 Multi-AZ 部署架構本身就具備高可用性和容錯能力。
*   **Multi-AZ Deployment (B, C)**：在多個可用區域部署資料庫和應用程式伺服器是實現高可用性的標準做法。當一個可用區域發生故障時，流量可以自動切換到另一個區域，確保服務的連續性。
*   **Retain Deletion Policy (B)**：在遷移和測試階段，為資料庫叢集設定 `Retain` 刪除策略可以防止意外刪除，確保在需要時可以恢復資料。
*   **Amazon Route 53 Alias Record (B, A, D)**：Route 53 是 AWS 的 DNS 服務。使用別名記錄將公司網域指向 ALB 是將流量導向應用程式的標準且高效的方式。

**為何 B 是正確答案：**

選項 B 結合了 CloudFormation 的自動化部署能力、ALB 的智慧流量分發、EC2 Auto Scaling Group 的彈性擴展、跨多個可用區域的部署以實現高可用性，以及 Aurora MySQL 的高效能和高可用性資料庫解決方案。`Retain` 刪除策略在遷移初期也提供了額外的安全保障。這是一個全面且符合最佳實踐的設計，能夠滿足每日 200,000 位使用者的需求，並確保高可用性。

**為何其他選項不正確：**

*   **A. 使用 Elastic Beanstalk 和 NLB：**
    *   Elastic Beanstalk 雖然簡化了部署，但對於需要精細控制和複雜架構的場景，CloudFormation 提供更大的靈活性。
    *   Network Load Balancer (NLB) 工作在 OSI 模型第 4 層，主要基於 IP 地址和連接埠進行流量轉發，缺乏 ALB 的應用層路由能力，對於 Web 應用程式的進階需求（如基於 URL 路徑的路由）支援較弱。
    *   僅提到 ""Amazon RDS MySQL Multi-AZ DB instance""，而 Aurora MySQL 通常在效能和可用性方面更具優勢，尤其是在大規模應用場景下。
*   **C. 使用兩個獨立區域和跨區域讀取複本：**
    *   雖然跨區域部署可以提供更高的可用性，但對於單一應用程式的遷移，且沒有明確說明需要如此高的複雜度和成本，這可能過度設計。
    *   使用 Route 53 的 geoproximity routing 策略來路由流量，雖然可以實現地理位置優化，但對於單一應用程式的基礎架構設計，通常會先考慮單一區域內的多 AZ 部署，再考慮跨區域的災難恢復或全球分佈。
    *   提到 ""cross-Region read replica""，這意味著主資料庫可能在一個區域，而讀取複本在另一個區域，這增加了架構的複雜性，並且如果主資料庫發生故障，寫入操作可能會受到影響。
*   **D. 使用 ECS Spot 執行個體和 Snapshot 刪除策略：**
    *   Amazon ECS (Elastic Container Service) 是一個容器編排服務。雖然可以託管 .NET 應用程式，但如果應用程式不是為容器化設計，直接遷移到 EC2 Auto Scaling Group 可能更直接。
    *   Spot 執行個體價格便宜，但可能會被 AWS 收回，這對於需要持續可用性的生產環境來說，風險較高，除非有特定的容錯機制來處理執行個體的中斷。
    *   ""Snapshot deletion policy"" 意味著在刪除資料庫執行個體時會創建快照，這與 `Retain` 策略不同，`Retain` 策略是保留整個資料庫執行個體，而不是僅僅快照。在遷移和測試階段，保留整個執行個體可能更安全。"
38,"A company is using AWS Organizations to manage multiple AWS accounts. For security purposes, the company requires the
creation of an Amazon Simple Notification Service (Amazon SNS) topic that enables integration with a third-party alerting
system in all the Organizations member accounts.
A solutions architect used an AWS CloudFormation template to create the SNS topic and stack sets to automate the
deployment of CloudFormation stacks. Trusted access has been enabled in Organizations.
What should the solutions architect do to deploy the CloudFormation StackSets in all AWS accounts?","A. Create a stack set in the Organizations member accounts. Use service-managed permissions. Set deployment options to
deploy to an organization. Use CloudFormation StackSets drift detection.
B. Create stacks in the Organizations member accounts. Use self-service permissions. Set deployment options to deploy to
an organization. Enable the CloudFormation StackSets automatic deployment.
C. Create a stack set in the Organizations management account. Use service-managed permissions. Set deployment
options to deploy to the organization. Enable CloudFormation StackSets automatic deployment.
D. Create stacks in the Organizations management account. Use service-managed permissions. Set deployment options to
deploy to the organization. Enable CloudFormation StackSets drift detection.","The correct answer is C.

**Why the answer is C:**

CloudFormation StackSets are designed to deploy and manage stacks across multiple AWS accounts and regions. When using AWS Organizations to manage multiple accounts, the most efficient and recommended practice is to establish stacking sets in the Organizations management account. Doing so allows you to centrally manage deployments and leverage the Organizations structure to specify target accounts.

* **Build stacking sets in administrative accounts:** This is the standard method of deploying to your entire organization. Administrative accounts have permissions on Organizations to deploy stacks to specified member accounts.
* **Use service-managed permissions:** Service-managed permissions are the recommended pattern when deploying stack sets using Organizations. CloudFormation StackSets automatically establishes and manages the necessary IAM roles for each target account, simplifying permissions management.
* **Set the deployment option to deploy to the organization:** This option explicitly instructs StackSets to deploy the stack to all accounts in AWS Organizations or to a specified OU (organizational unit).
* **Enable automatic deployment of CloudFormation StackSets:** Enabling automatic deployment means that when new member accounts join the organization, StackSets will automatically deploy the stack to these new accounts, ensuring consistency.

**Why the other options are incorrect:**

* **A. Create a stacking set in the Organizations member account. Use service management permissions. Set the deployment option to Deploy to organization. Drift detection using CloudFormation StackSets. **
    * **Problem:** Creating stack sets in member accounts cannot efficiently deploy resources to **all** member accounts. Stacking sets should be established in an administrative account for centralized control and deployment to the entire organization. While the service management permissions and deployment to the organization are correct, the starting point is wrong. Drift detection is a management feature and is not a requirement of the deployment itself.

* **B. Create stacks in Organizations member accounts. Use self-service permissions. Set the deployment option to Deploy to organization. Enable automatic deployment of CloudFormation StackSets. **
    * **Problem:**
        * **Build a stack in a member account:** This will only build a stack in a single account and will not enable automated deployment across multiple accounts.
        * **Use self-service permissions:** Self-service permissions are typically used to allow users to build stacks within their own accounts, rather than being deployed centrally by administrative accounts. For cross-organization deployments, service management permissions are more appropriate.
        * **Set the deployment option to Deploy to Organization:** This option contradicts the concept of establishing stacks in member accounts.

* **D. Create the stack in the Organizations administrative account. Use service management permissions. Set the deployment option to Deploy to organization. Enable CloudFormation StackSets drift detection. **
    * **Problem:**
        * **Build stacks instead of stack sets:** Building a single stack in an administrative account does not enable automated deployment across multiple accounts. CloudFormation StackSets are designed specifically for this purpose.
        * **Enable CloudFormation StackSets drift detection:** Drift detection is a management feature of stack sets that detects differences between actual resources and the stack definition, but it is not a required step to deploy the stack set itself.

In summary, Option C accurately describes the correct way to use CloudFormation StackSets to deploy resources across multiple member accounts in AWS Organizations, including establishing the stack set in an administrative account, using service management permissions, provisioning deployment to the entire organization, and enabling automatic deployment to ensure consistency across new accounts.",C,C (100% community votes),"一家公司正在使用 AWS Organizations 來管理多個 AWS 帳戶。為了安全起見，該公司要求在所有 Organizations 的成員帳戶中建立一個 Amazon Simple Notification Service (Amazon SNS) 主題，以實現與第三方警報系統的整合。
一位解決方案架構師使用 AWS CloudFormation 範本來建立 SNS 主題，並使用堆疊集 (Stack Sets) 來自動部署 CloudFormation 堆疊。Organizations 中的信任存取 (Trusted access) 已啟用。
解決方案架構師應該怎麼做才能在所有 AWS 帳戶中部署 CloudFormation 堆疊集？","A. 在 Organizations 成員帳戶中建立一個堆疊集。使用服務管理權限 (service-managed permissions)。將部署選項設定為部署到組織 (deploy to an organization)。使用 CloudFormation 堆疊集漂移偵測 (drift detection)。
B. 在 Organizations 成員帳戶中建立堆疊。使用自助服務權限 (self-service permissions)。將部署選項設定為部署到組織。啟用 CloudFormation 堆疊集自動部署 (automatic deployment)。
C. 在 Organizations 管理帳戶中建立一個堆疊集。使用服務管理權限。將部署選項設定為部署到組織。啟用 CloudFormation 堆疊集自動部署。
D. 在 Organizations 管理帳戶中建立堆疊。使用服務管理權限。將部署選項設定為部署到組織。啟用 CloudFormation 堆疊集漂移偵測。","正確答案是 C。

**為什麼答案是 C：**

CloudFormation StackSets 的設計目的是為了在多個 AWS 帳戶和區域中部署和管理堆疊。當使用 AWS Organizations 管理多個帳戶時，最有效且推薦的做法是在 Organizations 的**管理帳戶 (management account)** 中建立堆疊集。這樣做可以集中管理部署，並利用 Organizations 的結構來指定目標帳戶。

*   **在管理帳戶中建立堆疊集：** 這是部署到整個組織的標準方法。管理帳戶擁有對 Organizations 的權限，可以將堆疊部署到指定的成員帳戶。
*   **使用服務管理權限 (service-managed permissions)：** 當使用 Organizations 部署堆疊集時，服務管理權限是推薦的模式。CloudFormation StackSets 會自動為每個目標帳戶建立和管理必要的 IAM 角色，簡化了權限管理。
*   **設定部署選項為部署到組織 (deploy to the organization)：** 這個選項明確指示 StackSets 將堆疊部署到 AWS Organizations 中的所有帳戶或指定的 OU (組織單位)。
*   **啟用 CloudFormation StackSets 自動部署 (automatic deployment)：** 啟用自動部署意味著當新的成員帳戶加入組織時，StackSets 會自動將堆疊部署到這些新帳戶，確保一致性。

**為什麼其他選項不正確：**

*   **A. 在 Organizations 成員帳戶中建立堆疊集。使用服務管理權限。設定部署選項為部署到組織。使用 CloudFormation StackSets 漂移偵測。**
    *   **問題點：** 在成員帳戶中建立堆疊集無法有效率地將資源部署到**所有**成員帳戶。堆疊集應該在管理帳戶中建立，以便集中控制和部署到整個組織。雖然服務管理權限和部署到組織是正確的，但起始點錯誤。漂移偵測是管理功能，不是部署本身的要求。

*   **B. 在 Organizations 成員帳戶中建立堆疊。使用自助服務權限。設定部署選項為部署到組織。啟用 CloudFormation StackSets 自動部署。**
    *   **問題點：**
        *   **在成員帳戶中建立堆疊：** 這只會在單一帳戶中建立堆疊，無法實現跨多個帳戶的自動化部署。
        *   **使用自助服務權限 (self-service permissions)：** 自助服務權限通常用於允許使用者在自己的帳戶中建立堆疊，而不是由管理帳戶集中部署。對於跨組織的部署，服務管理權限更為合適。
        *   **設定部署選項為部署到組織：** 這個選項與在成員帳戶中建立堆疊的概念相矛盾。

*   **D. 在 Organizations 管理帳戶中建立堆疊。使用服務管理權限。設定部署選項為部署到組織。啟用 CloudFormation StackSets 漂移偵測。**
    *   **問題點：**
        *   **建立堆疊 (stacks) 而非堆疊集 (stack sets)：** 在管理帳戶中建立單一堆疊無法實現跨多個帳戶的自動化部署。CloudFormation StackSets 是專門為此目的設計的。
        *   **啟用 CloudFormation StackSets 漂移偵測：** 漂移偵測是堆疊集的一項管理功能，用於偵測實際資源與堆疊定義之間的差異，但它不是部署堆疊集本身所必需的步驟。

總之，選項 C 準確地描述了使用 CloudFormation StackSets 在 AWS Organizations 的多個成員帳戶中部署資源的正確方法，包括在管理帳戶中建立堆疊集、使用服務管理權限、設定部署到整個組織，並啟用自動部署以確保新帳戶的一致性。"
39,"A company wants to migrate its workloads from on premises to AWS. The workloads run on Linux and Windows. The company
has a large on-premises infrastructure that consists of physical machines and VMs that host numerous applications.
The company must capture details about the system configuration, system performance, running processes, and network
connections of its on-premises workloads. The company also must divide the on-premises applications into groups for AWS
migrations. The company needs recommendations for Amazon EC2 instance types so that the company can run its workloads
on AWS in the most cost-effective manner.
Which combination of steps should a solutions architect take to meet these requirements? (Choose three.)","A. Assess the existing applications by installing AWS Application Discovery Agent on the physical machines and VMs.
B. Assess the existing applications by installing AWS Systems Manager Agent on the physical machines and VMs.
C. Group servers into applications for migration by using AWS Systems Manager Application Manager.
D. Group servers into applications for migration by using AWS Migration Hub.
E. Generate recommended instance types and associated costs by using AWS Migration Hub. F. Import data about server sizes into AWS Trusted Advisor. Follow the recommendations for cost optimization.","The correct answer is ADE.

**A. Install AWS Application Discovery Agent on physical and virtual machines to evaluate existing applications. **
AWS Application Discovery Agent is a tool designed specifically for migration that automatically collects detailed information about your local servers, applications, performance metrics, and network connections. This directly meets the requirement of ""retrieve detailed information about system configuration, system performance, running processes and network connections"" in the question. It helps identify application dependencies and provides a basis for migration planning.

**D. Use AWS Migration Hub to group servers into applications for migration. **
AWS Migration Hub is a central hub that tracks and manages the progress of your migrations between on-premises and the cloud. It provides the function of server grouping, allowing you to organize related servers into applications, which meets the requirement of ""dividing local applications into groups"" in the title. Migration Hub consolidates data from different AWS services, including Application Discovery Service, to provide a unified view.

**E. Use AWS Migration Hub to generate recommended execution instance types and associated costs. **
AWS Migration Hub aggregates data from AWS Application Discovery Service and uses it to provide recommendations about target AWS execution instance types. It takes into account the performance metrics of your on-premises workloads and recommends the most cost-effective EC2 execution type to meet your performance needs. This directly addresses the requirement in the question to require Amazon EC2 to execute individual types of recommendations in order to run its workloads on AWS in the most cost-effective manner.

**Why the other options are incorrect:**

**B. Install AWS Systems Manager Agent on physical and virtual machines to evaluate existing applications. **
AWS Systems Manager Agent (SSM Agent) is primarily used to remotely manage and automate your EC2 instances and local servers. Although it can collect some system information, it is not specifically designed to comprehensively evaluate and discover application dependencies and performance metrics like the Application Discovery Agent to support large-scale migration planning. Application Discovery Agent is more comprehensive in discovery and evaluation.

**C. Use AWS Systems Manager Application Manager to group servers into applications for migration. **
AWS Systems Manager Application Manager is primarily intended for managing and monitoring applications deployed to AWS, rather than for discovering and grouping applications for migration in on-premises environments. Although it is related to applications, its core functionality is different from pre-migration application grouping and discovery. Migration Hub is a better service for pre-migration application grouping.

**F. Import server size data into AWS Trusted Advisor. Follow cost optimization recommendations. **
AWS Trusted Advisor is an assistant that helps you optimize your AWS environment, including cost optimization. However, it primarily provides recommendations on resources you have already deployed to AWS. It itself is not directly used to discover and collect detailed information such as server size and performance indicators in the local environment, and then recommend migration strategies and execution individual types based on this information. Trusted Advisor's cost optimization recommendations are typically made for resources already running on AWS after the migration is complete. The question requires discovery and planning before migration, not optimization after migration.",ADE,ADE (PDF answer),"一家公司希望將其工作負載從地端遷移到 AWS。這些工作負載運行在 Linux 和 Windows 上。該公司擁有龐大的地端基礎設施，包含託管眾多應用程式的實體機器和虛擬機器。
該公司必須擷取其地端工作負載的系統配置、系統效能、運行進程和網路連線的詳細資訊。該公司還必須將地端應用程式劃分為群組，以便進行 AWS 遷移。該公司需要 Amazon EC2 執行個體類型的建議，以便以最符合成本效益的方式在 AWS 上運行其工作負載。
解決方案架構師應採取哪些步驟組合來滿足這些需求？ (選擇三個。)","A. 在實體機器和虛擬機器上安裝 AWS Application Discovery Agent 來評估現有應用程式。
B. 在實體機器和虛擬機器上安裝 AWS Systems Manager Agent 來評估現有應用程式。
C. 使用 AWS Systems Manager Application Manager 將伺服器分組為應用程式進行遷移。
D. 使用 AWS Migration Hub 將伺服器分組為應用程式進行遷移。
E. 使用 AWS Migration Hub 產生建議的執行個體類型及相關成本。
F. 將伺服器大小的資料匯入 AWS Trusted Advisor。遵循成本優化建議。","正確答案是 ADE。

**A. 在實體機器和虛擬機器上安裝 AWS Application Discovery Agent 來評估現有應用程式。**
AWS Application Discovery Agent 是專門為遷移設計的工具，用於自動收集有關您地端伺服器、應用程式、效能指標和網路連線的詳細資訊。這直接滿足了題目中「擷取詳細資訊關於系統配置、系統效能、運行進程和網路連線」的要求。它能幫助識別應用程式依賴關係，為遷移規劃提供基礎。

**D. 使用 AWS Migration Hub 將伺服器分組為應用程式進行遷移。**
AWS Migration Hub 是一個中央樞紐，可以追蹤和管理您在地端和雲端之間的遷移進度。它提供伺服器分組的功能，讓您可以將相關的伺服器組織成應用程式，這符合題目中「將地端應用程式劃分為群組」的要求。Migration Hub 整合了來自不同 AWS 服務（包括 Application Discovery Service）的資料，提供統一的視圖。

**E. 使用 AWS Migration Hub 產生建議的執行個體類型及相關成本。**
AWS Migration Hub 整合了 AWS Application Discovery Service 的資料，並利用這些資料來提供關於目標 AWS 執行個體類型的建議。它會考慮到您地端工作負載的效能指標，並建議最符合成本效益的 EC2 執行個體類型，以滿足您的效能需求。這直接解決了題目中「需要 Amazon EC2 執行個體類型的建議，以便以最符合成本效益的方式在 AWS 上運行其工作負載」的要求。

**其他選項為何不正確：**

**B. 在實體機器和虛擬機器上安裝 AWS Systems Manager Agent 來評估現有應用程式。**
AWS Systems Manager Agent (SSM Agent) 主要用於遠端管理和自動化您的 EC2 執行個體和地端伺服器。雖然它可以收集一些系統資訊，但它並不像 Application Discovery Agent 那樣專門設計用於全面評估和發現應用程式的依賴關係和效能指標，以支援大規模遷移規劃。Application Discovery Agent 在發現和評估方面更為全面。

**C. 使用 AWS Systems Manager Application Manager 將伺服器分組為應用程式進行遷移。**
AWS Systems Manager Application Manager 主要用於管理和監控已部署到 AWS 的應用程式，而不是用於在地端環境中發現和分組應用程式以進行遷移。雖然它與應用程式相關，但其核心功能與遷移前的應用程式分組和發現不同。Migration Hub 是更適合進行遷移前應用程式分組的服務。

**F. 將伺服器大小的資料匯入 AWS Trusted Advisor。遵循成本優化建議。**
AWS Trusted Advisor 是一個助手，可以幫助您優化 AWS 環境，包括成本優化。然而，它主要是在您已經部署到 AWS 的資源上提供建議。它本身並不直接用於在地端環境中發現和收集伺服器大小、效能指標等詳細資訊，然後基於這些資訊來建議遷移策略和執行個體類型。Trusted Advisor 的成本優化建議通常是在遷移完成後，針對已在 AWS 上運行的資源進行的。題目要求的是遷移前的發現和規劃，而不是遷移後的優化。"
40,"A company is hosting an image-processing service on AWS in a VPC. The VPC extends across two Availability Zones. Each
Availability Zone contains one public subnet and one private subnet.
The service runs on Amazon EC2 instances in the private subnets. An Application Load Balancer in the public subnets is in
front of the service. The service needs to communicate with the internet and does so through two NAT gateways. The service
uses Amazon S3 for image storage. The EC2 instances retrieve approximately 1 ТВ of data from an S3 bucket each day.
The company has promoted the service as highly secure. A solutions architect must reduce cloud expenditures as much as
possible without compromising the service’s security posture or increasing the time spent on ongoing operations.
Which solution will meet these requirements?","A. Replace the NAT gateways with NAT instances. In the VPC route table, create a route from the private subnets to the
NAT instances.
B. Move the EC2 instances to the public subnets. Remove the NAT gateways.
C. Set up an S3 gateway VPC endpoint in the VPAttach an endpoint policy to the endpoint to allow the required actions on
the S3 bucket.
D. Attach an Amazon Elastic File System (Amazon EFS) volume to the EC2 instances. Host the images on the EFS volume.","The correct answer is C.

**Analysis:**

* **Option C (correct answer):** Setting up an S3 gateway VPC endpoint is the best solution because it establishes a private connection directly between your VPC and Amazon S3. This means that EC2 instances do not need to access S3 over the Internet, so the NAT gateway can be removed, saving the cost of the NAT gateway. Additionally, traffic does not traverse the Internet, which improves security and potentially reduces latency because traffic remains within the AWS network. Endpoint policies can precisely control the access permissions of EC2 execution individuals to S3 storage, ensuring that security is not affected. This is fully in line with the requirements of ""lowering cloud expenditures as much as possible"", ""not compromising the security of the service"" and ""not increasing the time spent on ongoing operations"".

* **Option A (incorrect):** Replacing NAT gateways with NAT instances may actually increase the operational burden because you will need to manage and maintain these EC2 instances yourself, including patching, monitoring, and scaling. While individual NAT executions may be cheaper than NAT gateways, this goes against the requirement of ""no additional time spent on ongoing operations"" and does not necessarily significantly reduce overall costs, since NAT gateways themselves are managed services and are generally very cost-effective.

* **Option B (incorrect):** Moving EC2 instances to a public subnet would seriously compromise the security of the service. Individual executions in a public subnet are directly exposed to the Internet, which goes against the company's ""highly secure"" propaganda and requires additional security measures to protect, which can increase complexity and cost. While removing NAT gateways can save costs, the sacrifice in security is unacceptable.

* **Option D (incorrect):** Hosting the image on Amazon EFS provides scalable storage, but this does not solve the problem of EC2 instances requiring access to the Internet (for example, to update, download other resources, or interact with other AWS services), so a NAT gateway is still required. In addition, the cost of EFS may be higher than the storage cost of S3, and migrating large amounts of image data from S3 to EFS itself requires additional time and resources, which is contrary to the requirement of ""no increase in time spent on ongoing operations"". This option does not directly address the cost and security issues associated with S3 access.",C,C (100% community votes),"一家公司正在 VPC 中託管一項影像處理服務。該 VPC 橫跨兩個可用區域 (Availability Zones)。每個可用區域包含一個公用子網 (public subnet) 和一個私有子網 (private subnet)。
該服務運行在私有子網中的 Amazon EC2 執行個體上。公用子網中的應用程式負載平衡器 (Application Load Balancer) 位於服務的前端。該服務需要與網際網路通訊，並透過兩個 NAT 閘道 (NAT gateways) 進行。該服務使用 Amazon S3 進行影像儲存。EC2 執行個體每天從 S3 儲存貯體 (S3 bucket) 擷取大約 1 TB 的資料。
該公司已將此服務宣傳為高度安全。解決方案架構師必須盡可能降低雲端支出，同時不損害服務的安全性，也不會增加持續營運所需的時間。
哪種解決方案將滿足這些要求？","A. 將 NAT 閘道替換為 NAT 執行個體。在 VPC 路由表中，從私有子網建立到 NAT 執行個體的路由。
B. 將 EC2 執行個體移至公用子網。移除 NAT 閘道。
C. 在 VPC 中設定 S3 閘道 VPC 端點 (S3 gateway VPC endpoint)。將端點策略附加到該端點，以允許對 S3 儲存貯體執行所需動作。
D. 將 Amazon Elastic File System (Amazon EFS) 磁碟區附加到 EC2 執行個體。將影像託管在 EFS 磁碟區上。","正確答案是 C。

**解析：**

*   **選項 C (正確答案)：** 設定 S3 閘道 VPC 端點是最佳解決方案，因為它能直接在您的 VPC 和 Amazon S3 之間建立私密連線。這意味著 EC2 執行個體不需要透過網際網路存取 S3，因此可以移除 NAT 閘道，從而節省 NAT 閘道的成本。此外，流量不會經過網際網路，這提高了安全性，並可能降低延遲，因為流量會保持在 AWS 網路內部。端點策略可以精確控制 EC2 執行個體對 S3 儲存貯體的存取權限，確保安全性不受影響。這完全符合「盡可能降低雲端支出」、「不損害服務的安全性」和「不增加時間 spent on ongoing operations」的要求。

*   **選項 A (不正確)：** 將 NAT 閘道替換為 NAT 執行個體實際上可能會增加營運負擔，因為您需要自行管理和維護這些 EC2 執行個體，包括修補、監控和擴展。雖然 NAT 執行個體可能比 NAT 閘道便宜，但這與「不增加時間 spent on ongoing operations」的要求相悖，並且不一定能顯著降低總體成本，因為 NAT 閘道本身是託管服務，其成本效益通常很高。

*   **選項 B (不正確)：** 將 EC2 執行個體移至公用子網會嚴重損害服務的安全性。公用子網中的執行個體直接暴露於網際網路，這與公司「高度安全」的宣傳相悖，並且需要額外的安全措施來保護，這可能會增加複雜性和成本。移除 NAT 閘道雖然可以節省成本，但安全性上的犧牲是不可接受的。

*   **選項 D (不正確)：** 將影像託管在 Amazon EFS 上雖然可以提供可擴展的儲存，但這並不能解決 EC2 執行個體需要存取網際網路（例如，用於更新、下載其他資源或與其他 AWS 服務互動）的問題，因此仍然需要 NAT 閘道。此外，EFS 的成本可能高於 S3 的儲存成本，並且將大量影像資料從 S3 遷移到 EFS 本身就需要額外的時間和資源，這與「不增加時間 spent on ongoing operations」的要求相悖。此選項沒有直接解決與 S3 存取相關的成本和安全性問題。"
41,"A company recently deployed an application on AWS. The application uses Amazon DynamoDB. The company measured the
application load and configured the RCUs and WCUs on the DynamoDB table to match the expected peak load. The peak load
occurs once a week for a 4-hour period and is double the average load. The application load is close to the average load for the
rest of the week. The access pattern includes many more writes to the table than reads of the table.
A solutions architect needs to implement a solution to minimize the cost of the table.
Which solution will meet these requirements?","A. Use AWS Application Auto Scaling to increase capacity during the peak period. Purchase reserved RCUs and WCUs to
match the average load.
B. Configure on-demand capacity mode for the table.
C. Configure DynamoDB Accelerator (DAX) in front of the table. Reduce the provisioned read capacity to match the new
peak load on the table.
D. Configure DynamoDB Accelerator (DAX) in front of the table. Configure on-demand capacity mode for the table.","The correct answer is A.

**Why A:**

The key to this scenario is ""minimizing costs"" and ""significant differences between peak load and average load"".

* **Peak Load vs. Average Load Difference:** Application load is twice the average load 4 hours per week and close to the average load the rest of the time. This means that if we reserve capacity for peak loads, most of the time the cost of the reserved capacity will be wasted. On the contrary, if we only reserve capacity for average load, we will encounter performance bottlenecks during peak periods.
* **AWS Application Auto Scaling:** AWS Application Auto Scaling can automatically adjust the reserved capacity of DynamoDB data tables based on a preset schedule or metrics. This perfectly fits the requirement that ""peak loads occur at specific times"". We can set Auto Scaling to automatically increase RCUs and WCUs during peak periods (such as a certain day or period of the week), and automatically scale them down after the peak period is over.
* **Purchase Reserved Capacity to Match Average Load:** Since application load is close to average load most of the time, purchasing Reserved Capacity (Reserved Capacity) to match average load is the most cost-effective option. Reserved capacity is generally cheaper than on-demand capacity, especially when used for extended periods of time. Combined with Auto Scaling to dynamically increase capacity during peak periods, you can meet performance needs and cost-efficiency at the same time.
* **There are more write operations than read operations:** Although the question mentions that there are more write operations than read operations, which will affect our proportional allocation of RCU and WCU, the choice of the main solution is still based on load pattern and cost minimization. The combination of reserved capacity and Auto Scaling remains the best strategy.

**Why the other options are incorrect:**

* **B. Set On-Demand Capacity Mode: ** Although On-Demand Capacity Mode can automatically handle load changes, its cost is usually higher than reserved capacity. For applications with regular load patterns and obvious peaks, if we can accurately control capacity through Auto Scaling, the on-demand model will be less cost-effective and cannot meet the requirement of ""minimizing costs.""
* **C. Set up DynamoDB Accelerator (DAX) and reduce reserved read capacity: **
    * **The role of DAX:** DAX is a fully managed in-memory cache used to accelerate DynamoDB read operations. It is very effective for reducing read latency and improving read throughput.
    * **Problem:** The question clearly states that ""the access pattern contains many more write operations to the data table than operations to read the data table."" This means that the read operation is not the bottleneck, and DAX mainly solves the read performance problem.
    * **Reduce reserved read capacity:** Even if the read capacity is reduced, overall performance will still be limited if write operations are the bottleneck. More importantly, DAX itself incurs additional costs, and it does not solve the scalability issue of write capacity. This option does not plan effectively for scalability of write workloads and does not take full advantage of the cost benefits of reserved capacity.
* **D. Configure DynamoDB Accelerator (DAX) and set on-demand capacity mode: **
    * **Problems with DAX:** Same as above, DAX is mainly optimized for reading, and the bottleneck and cost consideration in this scenario is the fluctuation of the write load.
    * **Problems with the on-demand capacity model:** Same as option B, the on-demand model is more expensive and is not conducive to minimizing costs.
    * **Composition problem:** Combining DAX (read optimization) with on-demand mode (high cost) does not effectively solve the cost optimization problem of write loads, but may increase unnecessary overhead.

In summary, Option A is the most effective way to meet performance needs while minimizing the cost of DynamoDB tables by combining reserved capacity (cost-effective for average loads) and AWS Application Auto Scaling (dynamic scaling for peak loads).",A,A (70% community votes),"一家公司最近在 AWS 上部署了一個應用程式。該應用程式使用 Amazon DynamoDB。該公司測量了應用程式負載，並將 DynamoDB 資料表的 RCUs 和 WCUs 設定為符合預期的尖峰負載。尖峰負載每週發生一次，持續 4 小時，負載是平均負載的兩倍。在該週的其餘時間，應用程式負載接近平均負載。存取模式包含比讀取資料表更多的寫入資料表的操作。
一位解決方案架構師需要實施一個解決方案來最小化資料表的成本。
哪一個解決方案將滿足這些需求？","A. 使用 AWS Application Auto Scaling 在尖峰期間增加容量。購買預留的 RCUs 和 WCUs 以符合平均負載。
B. 為資料表設定隨需容量模式。
C. 在資料表前面設定 DynamoDB Accelerator (DAX)。將預留的讀取容量減少到符合資料表的新尖峰負載。
D. 在資料表前面設定 DynamoDB Accelerator (DAX)。為資料表設定隨需容量模式。","正確答案是 A。

**為什麼是 A：**

此情境的關鍵在於「最小化成本」以及「尖峰負載與平均負載的顯著差異」。

*   **尖峰負載與平均負載的差異：** 應用程式負載每週有 4 小時是平均負載的兩倍，而其餘時間則接近平均負載。這表示如果我們為尖峰負載預留容量，大部分時間將會浪費預留容量的成本。反之，如果我們只預留平均負載的容量，尖峰時段將會遇到效能瓶頸。
*   **AWS Application Auto Scaling：** AWS Application Auto Scaling 可以根據預設的排程或指標自動調整 DynamoDB 資料表的預留容量。這完美契合了「尖峰負載發生在特定時間」的需求。我們可以設定 Auto Scaling 在尖峰時段（例如每週某一天、某個時段）自動增加 RCUs 和 WCUs，並在尖峰時段結束後自動縮減。
*   **購買預留容量以符合平均負載：** 由於大部分時間應用程式負載接近平均負載，為平均負載購買預留容量 (Reserved Capacity) 是最經濟實惠的選擇。預留容量通常比隨需容量便宜，尤其是在長時間使用時。結合 Auto Scaling 在尖峰時段動態增加容量，可以同時滿足效能需求和成本效益。
*   **寫入操作多於讀取操作：** 雖然題目提到寫入操作多於讀取操作，這會影響我們對 RCU 和 WCU 的比例分配，但主要解決方案的選擇仍是基於負載模式和成本最小化。預留容量和 Auto Scaling 的組合仍然是最佳策略。

**為什麼其他選項不正確：**

*   **B. 設定隨需容量模式 (On-Demand Capacity Mode)：** 隨需容量模式雖然可以自動處理負載變化，但其成本通常比預留容量高。對於負載模式有規律且有明顯尖峰的應用程式，如果我們能透過 Auto Scaling 精準控制容量，隨需模式的成本效益會較低，無法達到「最小化成本」的要求。
*   **C. 設定 DynamoDB Accelerator (DAX) 並減少預留讀取容量：**
    *   **DAX 的作用：** DAX 是一個全受管的記憶體內快取，用於加速 DynamoDB 的讀取操作。它對於減少讀取延遲和提高讀取吞吐量非常有效。
    *   **問題點：** 題目明確指出「存取模式包含許多更多寫入到資料表的寫入操作，而不是讀取資料表的操作」。這意味著讀取操作並非瓶頸，且 DAX 主要解決的是讀取效能問題。
    *   **減少預留讀取容量：** 即使減少讀取容量，如果寫入操作是瓶頸，整體效能仍會受限。更重要的是，DAX 本身會產生額外的成本，而它並沒有解決寫入容量的擴展性問題。此選項沒有針對寫入負載的擴展性進行有效規劃，也未充分利用預留容量的成本優勢。
*   **D. 設定 DynamoDB Accelerator (DAX) 並設定隨需容量模式：**
    *   **DAX 的問題：** 同上，DAX 主要針對讀取優化，而此情境的瓶頸和成本考量點在於寫入負載的波動。
    *   **隨需容量模式的問題：** 同 B 選項，隨需模式成本較高，不利於最小化成本。
    *   **組合問題：** 將 DAX（讀取優化）與隨需模式（高成本）結合，並未有效解決寫入負載的成本優化問題，反而可能增加不必要的開銷。

總結來說，選項 A 透過結合預留容量（針對平均負載的成本效益）和 AWS Application Auto Scaling（針對尖峰負載的動態擴展），能夠最有效地在滿足效能需求的同時最小化 DynamoDB 資料表的成本。"
42,"A solutions architect needs to advise a company on how to migrate its on-premises data processing application to the AWS
Cloud. Currently, users upload input files through a web portal. The web server then stores the uploaded files on NAS and
messages the processing server over a message queue. Each media file can take up to 1 hour to process. The company has
determined that the number of media files awaiting processing is significantly higher during business hours, with the number
of files rapidly declining after business hours.
What is the MOST cost-effective migration recommendation?","A. Create a queue using Amazon SQS. Configure the existing web server to publish to the new queue. When there are
messages in the queue, invoke an AWS Lambda function to pull requests from the queue and process the files. Store the
processed files in an Amazon S3 bucket.
B. Create a queue using Amazon MQ. Configure the existing web server to publish to the new queue. When there are
messages in the queue, create a new Amazon EC2 instance to pull requests from the queue and process the files. Store the
processed files in Amazon EFS. Shut down the EC2 instance after the task is complete.
C. Create a queue using Amazon MQ. Configure the existing web server to publish to the new queue. When there are
messages in the queue, invoke an AWS Lambda function to pull requests from the queue and process the files. Store the
processed files in Amazon EFS.
D. Create a queue using Amazon SQS. Configure the existing web server to publish to the new queue. Use Amazon EC2
instances in an EC2 Auto Scaling group to pull requests from the queue and process the files. Scale the EC2 instances
based on the SQS queue length. Store the processed files in an Amazon S3 bucket.","The correct answer is D.

**Analysis:**

The key to this question is ""cost-effectiveness"" and ""volatility"" of processing load. The challenge faced by the company was that there was a large media archive to process during business hours and significantly less outside of business hours. This means that processing power needs to be able to elastically scale up and down to match the workload.

* **Amazon SQS (Simple Queue Service)**: SQS is a fully managed message queuing service that is ideal for decoupling application components and handling asynchronous tasks. It can handle large amounts of messages and integrates well with other AWS services such as EC2 and Lambda.
* **Amazon EC2 Auto Scaling**: EC2 Auto Scaling allows you to automatically increase or decrease the number of EC2 execution instances based on defined conditions (in this case, the length of the SQS queue). This means that when processing demand is high, more execution instances will be automatically launched to process messages in the queue, and when demand is low, the number of execution instances will be reduced, thereby saving costs.
* **Amazon S3 (Simple Storage Service)**: S3 is a highly scalable, durable, and available object storage service ideal for storing uploaded input files and processed output files. It's cost-effective and easy to integrate with other AWS services.

Based on the above points, Option D perfectly solves the needs of cost-effectiveness and volatility processing by combining the information management capabilities of SQS, the elastic expansion capabilities of EC2 Auto Scaling, and the cost-effective storage of S3.

**Why the other options are incorrect:**

* **Option A (Lambda)**: While Lambda is a serverless option and is well-suited for processing event-driven tasks, Lambda's execution time limit (default is 15 minutes) may be an issue for tasks that take up to 1 hour to process per media file. In addition, Lambda's cost model is based on execution time and number of requests, which may not be the most economical choice compared to Auto Scaling's EC2 for long-running processing tasks, especially when a large amount of parallel processing is required.
* **Option B (Amazon MQ + EC2 instances + EFS)**:
    * **Amazon MQ**: Amazon MQ is a managed message broker service that supports standard message brokers (such as ActiveMQ and RabbitMQ). While it can provide message queuing functionality, it is generally more complex and potentially more costly than SQS, especially for those that do not require standard message broker functionality.",D,D (96% community votes),"一位解決方案架構師需要為一家公司提供將其內部部署資料處理應用程式遷移到 AWS 雲端的建議。目前，使用者透過網頁入口網站上傳輸入檔案。網頁伺服器隨後將上傳的檔案儲存在 NAS 上，並透過訊息佇列通知處理伺服器。每個媒體檔案最多需要 1 小時進行處理。該公司已確定，在營業時間內等待處理的媒體檔案數量顯著較高，而在營業時間結束後，檔案數量會迅速下降。
最符合成本效益的遷移建議是什麼？","A. 使用 Amazon SQS 建立佇列。將現有的網頁伺服器設定為發佈到新佇列。當佇列中有訊息時，呼叫 AWS Lambda 函數從佇列中提取請求並處理檔案。將處理後的檔案儲存在 Amazon S3 儲存桶中。
B. 使用 Amazon MQ 建立佇列。將現有的網頁伺服器設定為發佈到新佇列。當佇列中有訊息時，建立一個新的 Amazon EC2 執行個體從佇列中提取請求並處理檔案。將處理後的檔案儲存在 Amazon EFS 中。任務完成後關閉 EC2 執行個體。
C. 使用 Amazon MQ 建立佇列。將現有的網頁伺服器設定為發佈到新佇列。當佇列中有訊息時，呼叫 AWS Lambda 函數從佇列中提取請求並處理檔案。將處理後的檔案儲存在 Amazon EFS 中。
D. 使用 Amazon SQS 建立佇列。將現有的網頁伺服器設定為發佈到新佇列。使用 EC2 Auto Scaling 群組中的 Amazon EC2 執行個體從佇列中提取請求並處理檔案。根據 SQS 佇列長度調整 EC2 執行個體的規模。將處理後的檔案儲存在 Amazon S3 儲存桶中。","正確答案是 D。

**解析：**

此題的關鍵在於「成本效益」以及處理負載的「波動性」。公司面臨的挑戰是，在營業時間內有大量的媒體檔案需要處理，而在營業時間外則顯著減少。這表示處理能力需要能夠彈性地擴展和縮減，以匹配工作負載。

*   **Amazon SQS (Simple Queue Service)**：SQS 是一個完全受管的訊息佇列服務，非常適合用於解耦應用程式元件，並處理非同步任務。它能夠處理大量的訊息，並且與其他 AWS 服務（如 EC2 和 Lambda）整合良好。
*   **Amazon EC2 Auto Scaling**：EC2 Auto Scaling 允許您根據定義的條件（在此案例中為 SQS 佇列的長度）自動增加或減少 EC2 執行個體的數量。這意味著在處理需求高時，會自動啟動更多執行個體來處理佇列中的訊息，而在需求低時，則會減少執行個體數量，從而節省成本。
*   **Amazon S3 (Simple Storage Service)**：S3 是一個高度可擴展、耐用且可用的物件儲存服務，非常適合儲存上傳的輸入檔案和處理後的輸出檔案。其成本效益高，並且易於與其他 AWS 服務整合。

綜合以上幾點，選項 D 透過結合 SQS 的訊息管理能力、EC2 Auto Scaling 的彈性擴展能力以及 S3 的經濟高效儲存，完美地解決了成本效益和波動性處理的需求。

**為何其他選項不正確：**

*   **選項 A (Lambda)**：雖然 Lambda 是一個無伺服器選項，非常適合處理事件驅動的任務，但對於「每個媒體檔案最多需要 1 小時來處理」的任務來說，Lambda 的執行時間限制（預設為 15 分鐘）可能是一個問題。此外，Lambda 的成本模型是基於執行時間和請求次數，對於長時間運行的處理任務，相較於 Auto Scaling 的 EC2，可能不是最經濟的選擇，尤其是在需要大量並行處理時。
*   **選項 B (Amazon MQ + EC2 執行個體 + EFS)**：
    *   **Amazon MQ**：Amazon MQ 是一個受管的訊息代理服務，支援標準訊息代理（如 ActiveMQ 和 RabbitMQ）。雖然它能提供訊息佇列功能，但相較於 SQS，它通常更複雜且成本可能更高，特別是對於不需要標準訊息代理功能的"
43,"A company is using Amazon OpenSearch Service to analyze data. The company loads data into an OpenSearch Service cluster
with 10 data nodes from an Amazon S3 bucket that uses S3 Standard storage. The data resides in the cluster for 1 month for
read-only analysis. After 1 month, the company deletes the index that contains the data from the cluster. For compliance
purposes, the company must retain a copy of all input data.
The company is concerned about ongoing costs and asks a solutions architect to recommend a new solution.
Which solution will meet these requirements MOST cost-effectively?","A. Replace all the data nodes with UltraWarm nodes to handle the expected capacity. Transition the input data from S3
Standard to S3 Glacier Deep Archive when the company loads the data into the cluster.
B. Reduce the number of data nodes in the cluster to 2 Add UltraWarm nodes to handle the expected capacity. Configure
the indexes to transition to UltraWarm when OpenSearch Service ingests the data. Transition the input data to S3 Glacier
Deep Archive after 1 month by using an S3 Lifecycle policy.
C. Reduce the number of data nodes in the cluster to 2. Add UltraWarm nodes to handle the expected capacity. Configure
the indexes to transition to UltraWarm when OpenSearch Service ingests the data. Add cold storage nodes to the cluster
Transition the indexes from UltraWarm to cold storage. Delete the input data from the S3 bucket after 1 month by using an
S3 Lifecycle policy.
D. Reduce the number of data nodes in the cluster to 2. Add instance-backed data nodes to handle the expected capacity.
Transition the input data from S3 Standard to S3 Glacier Deep Archive when the company loads the data into the cluster.","The core of this question is how to maximize the cost reduction of Amazon OpenSearch and S3 while satisfying ""read-only analysis"" and ""long-term compliance retention"".

1. **Why choose B:**
   - **OpenSearch Cost Optimization:** UltraWarm nodes are designed for ""read-only"" and ""low access frequency"" data, and their storage costs are much lower than standard hot nodes. The question mentions that the data is only used for read-only analysis, so storing the data in UltraWarm is the most economical option. Two hot data nodes are reserved to maintain basic cluster operations and index management.
   - **S3 Cost Optimization:** Question requires that copies of input data must be retained for compliance use. S3 Glacier Deep Archive is the lowest cost category of AWS storage and is ideal for compliance data that is rarely accessed but must be retained. Maximize cost savings by rolling over to this category after 1 month (after analysis is complete) through the S3 lifecycle policy.

2. **Why the other options are incorrect:**
   - **Option A Error:** OpenSearch clusters cannot be replaced ""all"" with UltraWarm nodes. The cluster must retain at least some hot data nodes to handle index writes and cluster management work.
   - **Option C Error:** This option recommends deleting the input data from S3, which directly violates the compliance requirement in the question that ""a copy of all input data must be retained"". Although cold storage can reduce OpenSearch indexing costs, it cannot replace the backup of original data.
   - **Option D Error:** ""Instance-backed"" data nodes usually refer to standard hot data nodes, which cost much more than UltraWarm. This is not the most cost-effective solution when dealing with read-only analysis scenarios.

In summary, using **UltraWarm** to handle read-only analysis and combining **S3 Lifecycle** to move backup data to **Glacier Deep Archive** is the most cost-effective standard approach in AWS architecture.",B,B (94% community votes),一家公司正在使用 Amazon OpenSearch Service 分析數據。該公司從使用 S3 Standard 儲存的 Amazon S3 儲存桶將數據載入到具有 10 個資料節點的 OpenSearch Service 叢集中。數據在叢集中保留 1 個月以進行唯讀分析。1 個月後，公司會從叢集中刪除包含該數據的索引。出於合規性目的，公司必須保留所有輸入數據的副本。公司擔心持續的成本，並要求解決方案架構師推薦一個新方案。哪種解決方案能以最具成本效益的方式滿足這些要求？,"A. 將所有資料節點替換為 UltraWarm 節點以處理預期容量。當公司將數據載入到叢集時，將輸入數據從 S3 Standard 轉換為 S3 Glacier Deep Archive。
B. 將叢集中的資料節點數量減少到 2 個。添加 UltraWarm 節點以處理預期容量。配置索引在 OpenSearch Service 引入數據時轉換為 UltraWarm。1 個月後使用 S3 生命週期政策將輸入數據轉換為 S3 Glacier Deep Archive。
C. 將叢集中的資料節點數量減少到 2 個。添加 UltraWarm 節點以處理預期容量。配置索引在 OpenSearch Service 引入數據時轉換為 UltraWarm。在叢集中添加冷儲存（Cold Storage）節點。將索引從 UltraWarm 轉換為冷儲存。1 個月後使用 S3 生命週期政策從 S3 儲存桶中刪除輸入數據。
D. 將叢集中的資料節點數量減少到 2 個。添加實例支持（instance-backed）的資料節點以處理預期容量。當公司將數據載入到叢集時，將輸入數據從 S3 Standard 轉換為 S3 Glacier Deep Archive。","本題的核心在於如何在滿足「唯讀分析」與「長期合規保留」的前提下，最大化降低 Amazon OpenSearch 與 S3 的成本。

1. **為什麼選擇 B：**
   - **OpenSearch 成本優化：** UltraWarm 節點專為「唯讀」且「存取頻率較低」的數據設計，其儲存成本遠低於標準的熱資料節點（Hot nodes）。題目提到數據僅用於唯讀分析，因此將數據存放在 UltraWarm 是最經濟的選擇。保留 2 個熱資料節點是為了維持叢集的基本運作與索引管理。
   - **S3 成本優化：** 題目要求必須保留輸入數據的副本以供合規使用。S3 Glacier Deep Archive 是 AWS 儲存成本最低的類別，非常適合存放幾乎不存取但必須保留的合規數據。透過 S3 生命週期政策在 1 個月後（分析完成後）轉存至此類別，可極大化節省成本。

2. **為什麼其他選項不正確：**
   - **選項 A 錯誤：** OpenSearch 叢集不能「全部」替換為 UltraWarm 節點。叢集必須至少保留一些熱資料節點來處理索引寫入與叢集管理工作。
   - **選項 C 錯誤：** 該選項建議從 S3 刪除輸入數據，這直接違反了題目中「必須保留所有輸入數據副本」的合規性要求。雖然冷儲存（Cold Storage）能降低 OpenSearch 索引成本，但不能取代原始數據的備份。
   - **選項 D 錯誤：** 「實例支持（instance-backed）」的資料節點通常指的是標準的熱資料節點，其成本遠高於 UltraWarm。在處理唯讀分析場景時，這並非最具成本效益的方案。

總結來說，利用 **UltraWarm** 處理唯讀分析，並結合 **S3 Lifecycle** 將備份數據移至 **Glacier Deep Archive**，是 AWS 架構中最符合成本效益的標準做法。"
44,"A company has 10 accounts that are part of an organization in AWS Organizations. AWS Config is configured in each account.
All accounts belong to either the Prod OU or the NonProd OU.
The company has set up an Amazon EventBridge rule in each AWS account to notify an Amazon Simple Notification Service
(Amazon SNS) topic when an Amazon EC2 security group inbound rule is created with 0.0.0.0/0 as the source. The company’s
security team is subscribed to the SNS topic.
For all accounts in the NonProd OU, the security team needs to remove the ability to create a security group inbound rule that
includes 0.0.0.0/0 as the source.
Which solution will meet this requirement with the LEAST operational overhead?","A. Modify the EventBridge rule to invoke an AWS Lambda function to remove the security group inbound rule and to publish
to the SNS topic. Deploy the updated rule to the NonProd OU.
B. Add the vpc-sg-open-only-to-authorized-ports AWS Config managed rule to the NonProd OU.
C. Configure an SCP to allow the ec2:AuthorizeSecurityGroupIngress action when the value of the aws:SourceIp condition
key is not 0.0.0.0/0. Apply the SCP to the NonProd OU.
D. Configure an SCP to deny the ec2:AuthorizeSecurityGroupIngress action when the value of the aws:SourceIp condition
key is 0.0.0.0/0. Apply the SCP to the NonProd OU.","The core requirements of this question are ""removing the ability to establish specific rules"" (preventive control) and ""minimum maintenance overhead.""

**Why the answer is D:**
1. **Preventative Control:** The question requires the removal of ""established capabilities"", which means that a preventive mechanism is needed to intercept actions before they occur. Service Control Policies (SCP) are the best tool in AWS Organizations for defining organizational boundaries (Guardrails).
2. **Exact matching requirements:** Option D uses the `Deny` effect with the `ec2:AuthorizeSecurityGroupIngress` action, and checks whether `aws:SourceIp` is `0.0.0.0/0` through `Condition`. This directly prohibits anyone from establishing such high-risk rules in accounts under that OU.
3. **Minimum maintenance overhead:** Applying SCP at the Organizations level requires only one-time configuration and can be automatically applied to all accounts under the NonProd OU. There is no need to write code or deploy resources individually in multiple accounts.

**Why the other options are incorrect:**
* **Option A is incorrect:** This is a ""remediation"" mechanism. Although Lambda can delete rules, the rules have already been created (the action has already taken place), and the maintenance cost of developing and maintaining Lambda code is much higher than setting SCP.
* **Option B is incorrect:** AWS Config rules are mainly used for ""Detective"". Although they can be paired with automatic remediation, they cannot ""remove created capabilities"". In addition, `vpc-sg-open-only-to-authorized-ports` mainly checks specific ports, rather than specifically targeting the source restriction of 0.0.0.0/0.
* **Option C is incorrect:** Using `Allow` logic in SCP is very dangerous and complex. AWS Organizations will attach the `FullAWSAccess` policy by default. If you only set ""allow when it is not 0.0.0.0/0"", it will not automatically prohibit the situation of ""is 0.0.0.0/0"" (unless you remove the default FullAWSAccess, but this will cause great maintenance burden and risk). In AWS policy logic, ""Explicit Deny"" has the highest priority and is the best practice for implementing guardrails.",D,D (59% community votes),一家公司在 AWS Organizations 中擁有 10 個帳戶，且每個帳戶都已設定 AWS Config。所有帳戶分別屬於 Prod OU 或 NonProd OU。該公司在每個 AWS 帳戶中都設定了 Amazon EventBridge 規則，當建立以 0.0.0.0/0 為來源的 Amazon EC2 安全群組傳入規則時，會發送通知至 Amazon Simple Notification Service (Amazon SNS) 主題，並由安全團隊訂閱。現在，針對 NonProd OU 中的所有帳戶，安全團隊希望移除「建立包含 0.0.0.0/0 為來源的安全群組傳入規則」的能力。哪種解決方案能以最低的維運開銷（least operational overhead）滿足此需求？,"A. 修改 EventBridge 規則以調用 AWS Lambda 函數，用來移除該安全群組傳入規則並發布至 SNS 主題。將更新後的規則部署到 NonProd OU。
B. 將 `vpc-sg-open-only-to-authorized-ports` AWS Config 受管規則新增至 NonProd OU。
C. 設定一個服務控制政策 (SCP)，當 `aws:SourceIp` 條件鍵的值「不是」0.0.0.0/0 時，允許 `ec2:AuthorizeSecurityGroupIngress` 操作。將此 SCP 套用至 NonProd OU。
D. 設定一個服務控制政策 (SCP)，當 `aws:SourceIp` 條件鍵的值「為」0.0.0.0/0 時，拒絕 `ec2:AuthorizeSecurityGroupIngress` 操作。將此 SCP 套用至 NonProd OU。","這道題目的核心要求是「移除建立特定規則的能力」（預防性控制）以及「最低維運開銷」。

**為什麼答案是 D：**
1. **預防性控制 (Preventative Control)：** 題目要求移除「建立的能力」，這意味著需要一種預防機制，在動作發生前就予以攔截。服務控制政策 (SCP) 是 AWS Organizations 中最適合用來定義組織邊界（Guardrails）的工具。
2. **精確匹配需求：** 選項 D 使用 `Deny` 效果配合 `ec2:AuthorizeSecurityGroupIngress` 動作，並透過 `Condition` 檢查 `aws:SourceIp` 是否為 `0.0.0.0/0`。這能直接禁止任何人在該 OU 下的帳戶中建立此類高風險規則。
3. **最低維運開銷：** 在 Organizations 層級套用 SCP 只需要一次性設定，即可自動套用到 NonProd OU 下的所有帳戶，無需編寫程式碼或在多個帳戶中個別部署資源。

**為什麼其他選項不正確：**
*   **選項 A 不正確：** 這是一種「事後補救」（Remediation）機制。Lambda 雖然可以刪除規則，但規則已經先被建立（動作已發生），且開發與維護 Lambda 程式碼的維運開銷遠高於設定 SCP。
*   **選項 B 不正確：** AWS Config 規則主要用於「偵測」（Detective），雖然可以搭配自動補救，但它無法「移除建立的能力」。此外，`vpc-sg-open-only-to-authorized-ports` 主要是檢查特定連接埠，而非專門針對 0.0.0.0/0 的來源限制。
*   **選項 C 不正確：** 在 SCP 中使用 `Allow` 邏輯非常危險且複雜。AWS Organizations 預設會附加 `FullAWSAccess` 政策，若僅設定「當不是 0.0.0.0/0 時允許」，並不會自動禁止「是 0.0.0.0/0」的情況（除非移除預設的 FullAWSAccess，但這會導致極大的維運負擔與風險）。在 AWS 政策邏輯中，「明確的拒絕」(Explicit Deny) 優先級最高，是實作護欄的最佳實踐。"
45,"A company hosts a Git repository in an on-premises data center. The company uses webhooks to invoke functionality that runs
in the AWS Cloud. The company hosts the webhook logic on a set of Amazon EC2 instances in an Auto Scaling group that the
company set as a target for an Application Load Balancer (ALB). The Git server calls the ALB for the configured webhooks. The
company wants to move the solution to a serverless architecture.
Which solution will meet these requirements with the LEAST operational overhead?","A. For each webhook, create and configure an AWS Lambda function URL. Update the Git servers to call the individual
Lambda function URLs.
B. Create an Amazon API Gateway HTTP API. Implement each webhook logic in a separate AWS Lambda function. Update
the Git servers to call the API Gateway endpoint.
C. Deploy the webhook logic to AWS App Runner. Create an ALB, and set App Runner as the target. Update the Git servers
to call the ALB endpoint.
D. Containerize the webhook logic. Create an Amazon Elastic Container Service (Amazon ECS) cluster, and run the webhook
logic in AWS Fargate. Create an Amazon API Gateway REST API, and set Fargate as the target. Update the Git servers to
call the API Gateway endpoint.","The core requirement of this question is to migrate the existing EC2/ALB architecture to a ""serverless"" architecture, with an emphasis on ""minimum maintenance overhead.""

**Why choose B:**
1. **Serverless Features**: Amazon API Gateway and AWS Lambda are both fully managed serverless services, requiring no management of underlying servers or scaling strategies.
2. **Maintenance efficiency**: Using the API Gateway HTTP API as a unified entry point, different Webhook paths can be distributed to the corresponding Lambda functions through the routing function. This allows the Git server to only maintain one API endpoint, making management the simplest.
3. **Cost and Performance**: HTTP API is lighter, has lower latency and is cheaper than traditional REST API, making it very suitable for simple trigger scenarios such as Webhook.

**Why the other options are incorrect:**
* **Option A is incorrect**: Although the Lambda function URL is simple, if there are a large number of webhooks, the Git server must manage a separate and lengthy URL for each webhook. This will cause high maintenance and operation overhead in configuration management, and is not as efficient as the unified management path of API Gateway.
* **Option C is incorrect**: Although AWS App Runner is a serverless service, it is mainly used to run containerized applications. In addition, adding an ALB in front of the App Runner will increase unnecessary architectural complexity and cost, and does not comply with the principle of ""minimum maintenance and operation overhead"".
* **Option D is incorrect**: This solution involves containerization (Docker), ECS cluster management, task definitions (Task Definitions), and the API Gateway REST API. Compared with directly writing Lambda functions, the development and operation and maintenance process of containerization is more complicated, and the maintenance cost of REST API is higher than that of HTTP API.",B,B (74% community votes),一家公司在內部部署資料中心託管 Git 儲存庫。該公司使用 Webhook 來調用在 AWS 雲端執行的功能。該公司將 Webhook 邏輯託管在一組 Amazon EC2 執行個體上，這些執行個體位於 Auto Scaling 群組中，並被設定為 Application Load Balancer (ALB) 的目標。Git 伺服器會針對已設定的 Webhook 呼叫 ALB。該公司希望將此解決方案遷移到無伺服器（Serverless）架構。哪種解決方案能以最低的維運開銷（Least operational overhead）滿足這些需求？,"A. 為每個 Webhook 建立並設定一個 AWS Lambda 函數 URL。更新 Git 伺服器以呼叫各個 Lambda 函數 URL。
B. 建立一個 Amazon API Gateway HTTP API。在個別的 AWS Lambda 函數中實作每個 Webhook 邏輯。更新 Git 伺服器以呼叫 API Gateway 端點。
C. 將 Webhook 邏輯部署到 AWS App Runner。建立一個 ALB，並將 App Runner 設定為目標。更新 Git 伺服器以呼叫 ALB 端點。
D. 將 Webhook 邏輯容器化。建立一個 Amazon Elastic Container Service (Amazon ECS) 叢集，並在 AWS Fargate 中執行 Webhook 邏輯。建立一個 Amazon API Gateway REST API，並將 Fargate 設定為目標。更新 Git 伺服器以呼叫 API Gateway 端點。","本題的核心要求是將現有的 EC2/ALB 架構遷移至「無伺服器（Serverless）」架構，並強調「最低維運開銷」。

**為什麼選擇 B：**
1. **Serverless 特性**：Amazon API Gateway 與 AWS Lambda 均為完全託管的無伺服器服務，無需管理底層伺服器或擴展策略。
2. **維運效率**：使用 API Gateway HTTP API 作為統一入口點，可以透過路由（Routing）功能將不同的 Webhook 路徑分發到對應的 Lambda 函數。這讓 Git 伺服器端只需要維護一個 API 端點，管理上最為簡便。
3. **成本與效能**：HTTP API 比起傳統的 REST API 更輕量、延遲更低且價格更便宜，非常適合 Webhook 這種簡單的觸發情境。

**為什麼其他選項不正確：**
* **選項 A 不正確**：雖然 Lambda 函數 URL 很簡單，但如果 Webhook 數量較多，Git 伺服器端必須針對每個 Webhook 管理一個獨立且冗長的 URL。這在配置管理上會產生較高的維運開銷，不如 API Gateway 統一管理路徑來得有效率。
* **選項 C 不正確**：AWS App Runner 雖然是無伺服器服務，但它主要用於運行容器化應用程式。此外，在 App Runner 前面再加掛一個 ALB 會增加不必要的架構複雜度與成本，不符合「最低維運開銷」的原則。
* **選項 D 不正確**：此方案涉及容器化（Docker）、ECS 叢集管理、任務定義（Task Definitions）以及 API Gateway REST API。比起直接撰寫 Lambda 函數，容器化的開發與運維流程更為複雜，且 REST API 的維運成本高於 HTTP API。"
46,"A company is planning to migrate 1,000 on-premises servers to AWS. The servers run on several VMware clusters in the
company’s data center. As part of the migration plan, the company wants to gather server metrics such as CPU details, RAM
usage, operating system information, and running processes. The company then wants to query and analyze the data.
Which solution will meet these requirements?","A. Deploy and configure the AWS Agentless Discovery Connector virtual appliance on the on-premises hosts. Configure
Data Exploration in AWS Migration Hub. Use AWS Glue to perform an ETL job against the data. Query the data by using
Amazon S3 Select.
B. Export only the VM performance information from the on-premises hosts. Directly import the required data into AWS
Migration Hub. Update any missing information in Migration Hub. Query the data by using Amazon QuickSight.
C. Create a script to automatically gather the server information from the on-premises hosts. Use the AWS CLI to run the
put-resource-attributes command to store the detailed server data in AWS Migration Hub. Query the data directly in the
Migration Hub console.
D. Deploy the AWS Application Discovery Agent to each on-premises server. Configure Data Exploration in AWS Migration
Hub. Use Amazon Athena to run predefined queries against the data in Amazon S3.","The core of this question is to distinguish between the two collection modes of AWS Application Discovery Service (ADS) and how to analyze the collected data.

1. **Why choose D:**
   - **In-depth indicator collection:** The question requires the collection of ""running processes"". The ""Agentless"" mode of AWS Application Discovery Service can only collect virtual machine-level information through vCenter and cannot penetrate deep into the operating system. Only the ""Agent-based"" mode, that is, installing the **AWS Application Discovery Agent** on each server, can collect detailed program lists and network dependencies in the operating system.
   - **Data Analysis Integration:** AWS Migration Hub's **Data Exploration** feature automatically stores data collected by Agents in Amazon S3. The officially recommended and natively integrated analysis method by AWS is to use **Amazon Athena**, which can directly execute SQL queries on CSV files in S3 and provide predefined query templates (such as querying low-utilization servers, program lists, etc.).

2. **Why the other options are incorrect:**
   - **Option A is incorrect:** The Agentless Discovery Connector cannot collect ""Running Programs"". In addition, the process of using AWS Glue for ETL with S3 Select is too complex and is not a standard architecture for Migration Hub's data exploration capabilities.
   - **Option B is incorrect:** Manually exporting information for 1,000 servers does not have scalability, and cannot automatically collect dynamic performance indicators and program information. QuickSight is a visualization tool, not a first-choice tool for performing raw data queries.
   - **Option C is incorrect:** Writing your own script and using the `put-resource-attributes` API to handle detailed metrics for 1,000 servers is extremely inefficient and difficult to maintain. The Migration Hub console itself does not provide complex query capabilities for raw performance data and must rely on Athena.

In summary, for ""process-level"" discovery requirements, you must use the **Agent-based** solution and use **Athena** for data analysis. This is the best practice for AWS migration.",D,D (90% community votes),"一家公司計畫將 1,000 台地端伺服器遷移至 AWS。這些伺服器運行在公司資料中心的多個 VMware 叢集上。作為遷移計畫的一部分，公司希望收集伺服器指標，例如 CPU 詳細資訊、RAM 使用率、作業系統資訊以及正在運行的程序（running processes）。公司隨後希望對這些數據進行查詢與分析。哪種解決方案能滿足這些需求？","A. 在地端主機上部署並設定 AWS Agentless Discovery Connector 虛擬設備。在 AWS Migration Hub 中設定數據探索（Data Exploration）。使用 AWS Glue 對數據執行 ETL 作業。使用 Amazon S3 Select 查詢數據。
B. 僅從地端主機匯出 VM 效能資訊。將所需數據直接匯入 AWS Migration Hub。在 Migration Hub 中更新任何缺失的資訊。使用 Amazon QuickSight 查詢數據。
C. 建立腳本以自動從地端主機收集伺服器資訊。使用 AWS CLI 執行 put-resource-attributes 命令，將詳細的伺服器數據存儲在 AWS Migration Hub 中。直接在 Migration Hub 主控台中查詢數據。
D. 在每台地端伺服器上部署 AWS Application Discovery Agent。在 AWS Migration Hub 中設定數據探索（Data Exploration）。使用 Amazon Athena 對 Amazon S3 中的數據執行預定義的查詢。","這題的核心在於區分 AWS Application Discovery Service (ADS) 的兩種收集模式，以及如何分析收集到的數據。

1. **為什麼選擇 D：**
   - **深入指標收集：** 題目要求收集「正在運行的程序（running processes）」。AWS Application Discovery Service 的「無代理模式（Agentless）」只能透過 vCenter 收集虛擬機層級的資訊，無法深入作業系統內部。只有「代理程式模式（Agent-based）」，即在每台伺服器安裝 **AWS Application Discovery Agent**，才能收集到作業系統內的詳細程序清單與網路相依性。
   - **數據分析整合：** AWS Migration Hub 的 **Data Exploration（數據探索）** 功能會自動將 Agent 收集到的數據存儲到 Amazon S3 中。AWS 官方推薦且原生整合的分析方式就是使用 **Amazon Athena**，它能直接對 S3 中的 CSV 檔案執行 SQL 查詢，並提供預定義的查詢範本（如查詢低利用率伺服器、程序清單等）。

2. **為什麼其他選項不正確：**
   - **選項 A 不正確：** Agentless Discovery Connector（無代理連接器）無法收集「正在運行的程序」。此外，使用 AWS Glue 進行 ETL 並搭配 S3 Select 的流程過於複雜，並非 Migration Hub 數據探索功能的標準架構。
   - **選項 B 不正確：** 手動匯出 1,000 台伺服器的資訊不具備擴展性（Scalability），且無法自動化收集動態的效能指標與程序資訊。QuickSight 是視覺化工具，而非執行原始數據查詢的首選工具。
   - **選項 C 不正確：** 自行撰寫腳本並使用 `put-resource-attributes` API 來處理 1,000 台伺服器的詳細指標極其低效且難以維護。Migration Hub 主控台本身並不提供針對原始效能數據的複雜查詢功能，必須依賴 Athena。

總結來說，針對「程序級別（process-level）」的發現需求，必須使用 **Agent-based** 方案，並搭配 **Athena** 進行數據分析，這是 AWS 遷移最佳實踐。"
47,"A company is building a serverless application that runs on an AWS Lambda function that is attached to a VPC. The company
needs to integrate the application with a new service from an external provider. The external provider supports only requests
that come from public IPv4 addresses that are in an allow list.
The company must provide a single public IP address to the external provider before the application can start using the new
service.
Which solution will give the application the ability to access the new service?","A. Deploy a NAT gateway. Associate an Elastic IP address with the NAT gateway. Configure the VPC to use the NAT
gateway.
B. Deploy an egress-only internet gateway. Associate an Elastic IP address with the egress-only internet gateway.
Configure the elastic network interface on the Lambda function to use the egress-only internet gateway.
C. Deploy an internet gateway. Associate an Elastic IP address with the internet gateway. Configure the Lambda function to
use the internet gateway.
D. Deploy an internet gateway. Associate an Elastic IP address with the internet gateway. Configure the default route in the
public VPC route table to use the internet gateway.","The core requirement of this question is to allow the AWS Lambda function located in the VPC to access external services through a ""fixed and single public IPv4 address"".

1. **Why choose A:**
   - When a Lambda function connects to a VPC, it is assigned to an Elastic Network Interface (ENI) in a Private Subnet. These ENIs themselves do not have public IP addresses.
   - For resources in a private subnet (such as Lambda) to access the Internet, the standard approach is through a **NAT gateway**.
   - The NAT gateway must be deployed in the public subnet and must be associated with an **Elastic IP**.
   - When Lambda makes a request, the traffic will pass through the NAT gateway, and the source IP seen by the external service will be the elastic IP of the NAT gateway. This meets the requirements of ""single public IP"" and ""can be added to the whitelist"".

2. **Why the other options are wrong:**
   - **Option B Error:** The ""Egress-only internet gateway"" is specifically designed for **IPv6** traffic and does not support IPv4. The question explicitly requires the use of IPv4 addresses.
   - **Option C Error:** The Internet Gateway (IGW) itself cannot be directly associated with an Elastic IP to provide proxy services for Lambda. Even if Lambda's ENI is placed in the public subnet, it will not automatically obtain a public IP, so it cannot communicate directly through the IGW.
   - **Option D Error:** Although setting a default route in the routing table to point to the IGW is standard for public subnets, this requires that the resource making the request (Lambda ENI) must have its own public IP. Since Lambda ENI does not have a public IP in VPC mode, external connections cannot be achieved by IGW alone and must rely on the NAT gateway for network address translation.",A,A (92% community votes),一家公司正在構建一個無伺服器應用程式，該程式運行在連接到 VPC 的 AWS Lambda 函式上。該公司需要將此應用程式與外部供應商的新服務整合。該外部供應商僅支援來自白名單中公有 IPv4 地址的請求。在應用程式開始使用新服務之前，該公司必須向外部供應商提供一個單一的公有 IP 地址。哪種解決方案能讓該應用程式具備存取新服務的能力？,"A. 部署一個 NAT 閘道 (NAT gateway)。將一個彈性 IP (Elastic IP) 地址與該 NAT 閘道關聯。設定 VPC 路由表以使用該 NAT 閘道。
B. 部署一個僅供外連的網際網路閘道 (Egress-only internet gateway)。將一個彈性 IP 地址與該僅供外連的網際網路閘道關聯。設定 Lambda 函式上的彈性網路介面 (ENI) 以使用該僅供外連的網際網路閘道。
C. 部署一個網際網路閘道 (Internet gateway)。將一個彈性 IP 地址與該網際網路閘道關聯。設定 Lambda 函式以使用該網際網路閘道。
D. 部署一個網際網路閘道。將一個彈性 IP 地址與該網際網路閘道關聯。設定公有 VPC 路由表中的預設路由以使用該網際網路閘道。","本題的核心需求是讓位於 VPC 內的 AWS Lambda 函式透過一個「固定且單一的公有 IPv4 地址」存取外部服務。

1. **為什麼選擇 A：**
   - 當 Lambda 函式連接到 VPC 時，它會被分配到私有子網路（Private Subnet）中的彈性網路介面 (ENI)。這些 ENI 本身沒有公有 IP 地址。
   - 為了讓私有子網路中的資源（如 Lambda）存取網際網路，標準做法是透過 **NAT 閘道**。
   - NAT 閘道必須部署在公有子網路中，並且必須關聯一個 **彈性 IP (Elastic IP)**。
   - 當 Lambda 發出請求時，流量會經過 NAT 閘道，外部服務看到的來源 IP 就會是該 NAT 閘道的彈性 IP。這滿足了「單一公有 IP」且「可加入白名單」的要求。

2. **為什麼其他選項錯誤：**
   - **選項 B 錯誤：** 「僅供外連的網際網路閘道 (Egress-only internet gateway)」是專門為 **IPv6** 流量設計的，不支援 IPv4。題目明確要求使用 IPv4 地址。
   - **選項 C 錯誤：** 網際網路閘道 (IGW) 本身不能直接與彈性 IP 關聯來為 Lambda 提供代理服務。Lambda 的 ENI 即使放在公有子網路中，也不會自動獲得公有 IP，因此無法直接透過 IGW 進行通訊。
   - **選項 D 錯誤：** 雖然在路由表中設定預設路由指向 IGW 是公有子網路的標準配置，但這前提是發起請求的資源（Lambda ENI）必須擁有自己的公有 IP。由於 Lambda ENI 在 VPC 模式下不具備公有 IP，因此僅靠 IGW 無法實現外連，必須依賴 NAT 閘道進行網路地址轉換。"
48,"A solutions architect has developed a web application that uses an Amazon API Gateway Regional endpoint and an AWS
Lambda function. The consumers of the web application are all close to the AWS Region where the application will be
deployed. The Lambda function only queries an Amazon Aurora MySQL database. The solutions architect has configured the
database to have three read replicas.
During testing, the application does not meet performance requirements. Under high load, the application opens a large
number of database connections. The solutions architect must improve the application’s performance.
Which actions should the solutions architect take to meet these requirements? (Choose two.)","A. Use the cluster endpoint of the Aurora database.
B. Use RDS Proxy to set up a connection pool to the reader endpoint of the Aurora database.
C. Use the Lambda Provisioned Concurrency feature.
D. Move the code for opening the database connection in the Lambda function outside of the event handler.
E. Change the API Gateway endpoint to an edge-optimized endpoint.","The core challenge of this question is that under high concurrency conditions, the Lambda function will open too many connections (Connection Exhaustion) to the database due to its short-term and frequent expansion characteristics, thus affecting performance.

1. **Why choose B? **
Lambda functions are event-driven and stateless, and each invocation may attempt to establish a new database connection. When the amount of concurrency is large, the database will collapse due to too many connections. **RDS Proxy** is specially designed for this. It can establish a connection pool (Connection Pool), allowing multiple Lambda calls to share existing database connections, reducing the cost of establishing connections and protecting the database from being overwhelmed by too many connections. Since the question mentions that Lambda only executes queries, setting a Proxy for the ""reader endpoint"" is a best practice.

2. **Why choose D? **
This is a best practice for Lambda development. Lambda's execution environment (Execution Environment) can be reused between multiple calls. Placing the initialization code of the database connection outside the **event handler (Handler)** (that is, in the global scope) can ensure that the connection is only established once when the execution environment is initialized and is reused in subsequent calls. If placed in a Handler, the connection will be re-established every time the function is executed, which greatly wastes resources and increases latency.

3. **Why are the other options incorrect? **
* **Option A:** The cluster endpoint usually points to the writing node (Writer), and it does not provide connection pool management functions and cannot solve the problem of too many connections.
* **Option C:** Provisioned Concurrency is used to solve the ""Cold Start"" problem by allowing functions to be initialized in advance. Although it can improve startup speed, if the connection is not managed properly, it will exhaust the database connection faster by starting more instances in advance.
* **Option E:** The question clearly mentions that users ""are located near the area where the application is deployed."" Edge-optimized endpoints are routed through the CloudFront global network, which is suitable for globally distributed users; for local users, using regional endpoints has lower latency, and this option has nothing to do with database connection performance.",BD,BD (PDF answer),"一位解決方案架構師開發了一個使用 Amazon API Gateway 區域（Regional）端點和 AWS Lambda 函數的網頁應用程式。該應用程式的使用者都位於部署應用程式的 AWS 區域附近。Lambda 函數僅查詢 Amazon Aurora MySQL 資料庫。架構師已將資料庫配置為具有三個唯讀副本（read replicas）。
在測試期間，應用程式未達到效能要求。在高負載下，應用程式會開啟大量的資料庫連線。架構師必須提高應用程式的效能。
架構師應採取哪些行動來滿足這些要求？（選擇兩項。）","A. 使用 Aurora 資料庫的叢集端點（cluster endpoint）。
B. 使用 RDS Proxy 為 Aurora 資料庫的讀取器端點（reader endpoint）建立連線池（connection pool）。
C. 使用 Lambda 預留並行（Provisioned Concurrency）功能。
D. 將 Lambda 函數中開啟資料庫連線的程式碼移至事件處理常式（event handler）之外。
E. 將 API Gateway 端點更改為邊緣最佳化（edge-optimized）端點。","本題的核心挑戰在於 Lambda 函數在高並發情況下，會因為其短暫且頻繁擴展的特性，導致對資料庫開啟過多連線（Connection Exhaustion），進而影響效能。

1. **為什麼選擇 B？**
Lambda 函數是事件驅動且無狀態的，每次調用都可能嘗試建立新的資料庫連線。當並發量大時，資料庫會因為連線數過多而崩潰。**RDS Proxy** 專門為此設計，它能建立連線池（Connection Pool），讓多個 Lambda 調用共享現有的資料庫連線，減少建立連線的開銷並保護資料庫不被過多連線淹沒。由於題目提到 Lambda 僅執行查詢，因此針對「讀取器端點」設定 Proxy 是最佳做法。

2. **為什麼選擇 D？**
這是 Lambda 開發的最佳實踐。Lambda 的執行環境（Execution Environment）在多次調用之間是可以重用的。將資料庫連線的初始化程式碼放在 **事件處理常式（Handler）之外**（即全域範圍），可以確保連線在執行環境初始化時僅建立一次，並在後續的調用中被重用。如果放在 Handler 內，則每次函數執行都會重新建立連線，極大地浪費資源並增加延遲。

3. **為什麼其他選項不正確？**
*   **選項 A：** 叢集端點通常指向寫入節點（Writer），且它本身不提供連線池管理功能，無法解決連線過多的問題。
*   **選項 C：** 預留並行（Provisioned Concurrency）是用來解決「冷啟動（Cold Start）」問題的，讓函數預先初始化。雖然它能提升啟動速度，但若連線管理不當，反而會因為預先啟動更多實例而更快耗盡資料庫連線。
*   **選項 E：** 題目明確提到使用者「都位於應用程式部署的區域附近」。邊緣最佳化端點是透過 CloudFront 全球網路路由，適合全球分佈的使用者；對於在地使用者，使用區域（Regional）端點延遲更低，且此選項與資料庫連線效能無關。"
49,"A company is planning to host a web application on AWS and wants to load balance the traffic across a group of Amazon EC2
instances. One of the security requirements is to enable end-to-end encryption in transit between the client and the web
server.
Which solution will meet this requirement?","A. Place the EC2 instances behind an Application Load Balancer (ALB). Provision an SSL certificate using AWS Certificate
Manager (ACM), and associate the SSL certificate with the ALB. Export the SSL certificate and install it on each EC2
instance. Configure the ALB to listen on port 443 and to forward traffic to port 443 on the instances.
B. Associate the EC2 instances with a target group. Provision an SSL certificate using AWS Certificate Manager (ACM).
Create an Amazon CloudFront distribution and configure it to use the SSL certificate. Set CloudFront to use the target
group as the origin server.
C. Place the EC2 instances behind an Application Load Balancer (ALB) Provision an SSL certificate using AWS Certificate
Manager (ACM), and associate the SSL certificate with the ALB. Provision a third-party SSL certificate and install it on each
EC2 instance. Configure the ALB to listen on port 443 and to forward traffic to port 443 on the instances.
D. Place the EC2 instances behind a Network Load Balancer (NLB). Provision a third-party SSL certificate and install it on
the NLB and on each EC2 instance. Configure the NLB to listen on port 443 and to forward traffic to port 443 on the
instances.","The core requirement of this question is to implement ""End-to-End Encryption"", which means that the traffic from ""user to load balancer"" and ""load balancer to back-end EC2 execution individual"" must be encrypted.

1. **Why the answer is C:**
   - **Client to ALB:** Configure an HTTPS listener (Port 443) on the ALB and associate the SSL certificate provided by AWS Certificate Manager (ACM). This is standard practice recommended by AWS.
   - **ALB to EC2:** In order to achieve end-to-end encryption, ALB must communicate with the backend EC2 via HTTPS. Since the certificate applied by **ACM cannot be exported** and installed on the EC2 execution instance, a ""third-party SSL certificate"" or a ""self-signed certificate"" must be installed on EC2. Finally, set the target group of the ALB to use the HTTPS protocol (Port 443) to complete end-to-end encryption.

2. **Why the other options are incorrect:**
   - **Option A Error:** The certificate provided by AWS Certificate Manager (ACM) has security restrictions that **cannot export its private key**, so it cannot be installed on the EC2 instance.
   - **Option B Error:** The origin server (Origin) of CloudFront must be a domain name (such as the DNS name of the ALB or S3 bucket), and the ""Target Group"" cannot be directly set as the source. Additionally, this option does not explain how to handle encryption from the load balancer to EC2.
   - **Option D Error:** Although Network Load Balancer (NLB) supports TLS termination or TCP penetration, the question scenario is a web application, and ALB with Layer 7 functionality is usually preferred. More importantly, NLB is usually used with ACM for TLS termination, and the operation description of ""installing third-party certificates"" on NLB is not as consistent with AWS best practices as ALB with ACM. In a typical architecture for end-to-end encryption, the ALB process described in option C is the most standard.",C,C (50% community votes),一家公司計劃在 AWS 上託管一個 Web 應用程式，並希望在一組 Amazon EC2 執行個體之間進行流量負載平衡。其中一項安全要求是啟用用戶端與 Web 伺服器之間傳輸過程中的端到端 (end-to-end) 加密。哪種解決方案能滿足此要求？,"A. 將 EC2 執行個體部署在 Application Load Balancer (ALB) 後方。使用 AWS Certificate Manager (ACM) 申請 SSL 憑證，並將該憑證與 ALB 關聯。匯出該 SSL 憑證並將其安裝在每個 EC2 執行個體上。設定 ALB 監聽 443 連接埠，並將流量轉發至執行個體的 443 連接埠。
B. 將 EC2 執行個體與一個目標群組 (Target Group) 關聯。使用 AWS Certificate Manager (ACM) 申請 SSL 憑證。建立 Amazon CloudFront 分佈並設定其使用該 SSL 憑證。將 CloudFront 設定為使用該目標群組作為來源伺服器 (Origin Server)。
C. 將 EC2 執行個體部署在 Application Load Balancer (ALB) 後方。使用 AWS Certificate Manager (ACM) 申請 SSL 憑證，並將該憑證與 ALB 關聯。申請第三方 SSL 憑證並將其安裝在每個 EC2 執行個體上。設定 ALB 監聽 443 連接埠，並將流量轉發至執行個體的 443 連接埠。
D. 將 EC2 執行個體部署在 Network Load Balancer (NLB) 後方。申請第三方 SSL 憑證並將其安裝在 NLB 和每個 EC2 執行個體上。設定 NLB 監聽 443 連接埠，並將流量轉發至執行個體的 443 連接埠。","本題的核心要求是實現「端到端加密 (End-to-End Encryption)」，這意味著流量從「用戶端到負載平衡器」以及「負載平衡器到後端 EC2 執行個體」都必須經過加密。

1. **為什麼答案是 C：**
   - **用戶端到 ALB：** 在 ALB 上配置 HTTPS 監聽器（Port 443），並關聯由 AWS Certificate Manager (ACM) 提供的 SSL 憑證。這是 AWS 推薦的標準做法。
   - **ALB 到 EC2：** 為了實現端到端加密，ALB 必須透過 HTTPS 與後端 EC2 通訊。由於 **ACM 申請的憑證無法匯出**安裝在 EC2 執行個體上，因此必須在 EC2 上安裝「第三方 SSL 憑證」或「自簽憑證」。最後，將 ALB 的目標群組設定為使用 HTTPS 協定（Port 443），即可完成端到端加密。

2. **為什麼其他選項不正確：**
   - **選項 A 錯誤：** AWS Certificate Manager (ACM) 提供的憑證具有安全性限制，**無法匯出其私鑰**，因此無法將其安裝在 EC2 執行個體上。
   - **選項 B 錯誤：** CloudFront 的來源伺服器（Origin）必須是網域名稱（如 ALB 的 DNS 名稱或 S3 儲存桶），不能直接將「目標群組」設定為來源。此外，此選項未說明如何處理負載平衡器到 EC2 之間的加密。
   - **選項 D 錯誤：** 雖然 Network Load Balancer (NLB) 支援 TLS 終端或 TCP 穿透，但題目情境是 Web 應用程式，通常優先選擇具備 Layer 7 功能的 ALB。更重要的是，NLB 若要進行 TLS 終端"
50,"A company wants to migrate its data analytics environment from on premises to AWS. The environment consists of two simple
Node.js applications. One of the applications collects sensor data and loads it into a MySQL database. The other application
aggregates the data into reports. When the aggregation jobs run, some of the load jobs fail to run correctly.
The company must resolve the data loading issue. The company also needs the migration to occur without interruptions or
changes for the company’s customers.
What should a solutions architect do to meet these requirements?","A. Set up an Amazon Aurora MySQL database as a replication target for the on-premises database. Create an Aurora
Replica for the Aurora MySQL database, and move the aggregation jobs to run against the Aurora Replica. Set up collection
endpoints as AWS Lambda functions behind a Network Load Balancer (NLB), and use Amazon RDS Proxy to write to the
Aurora MySQL database. When the databases are synced, disable the replication job and restart the Aurora Replica as the
primary instance. Point the collector DNS record to the NLB.
B. Set up an Amazon Aurora MySQL database. Use AWS Database Migration Service (AWS DMS) to perform continuous data
replication from the on-premises database to Aurora. Move the aggregation jobs to run against the Aurora MySQL
database. Set up collection endpoints behind an Application Load Balancer (ALB) as Amazon EC2 instances in an Auto
Scaling group. When the databases are synced, point the collector DNS record to the ALDisable the AWS DMS sync task
after the cutover from on premises to AWS.
C. Set up an Amazon Aurora MySQL database. Use AWS Database Migration Service (AWS DMS) to perform continuous data
replication from the on-premises database to Aurora. Create an Aurora Replica for the Aurora MySQL database, and move
the aggregation jobs to run against the Aurora Replica. Set up collection endpoints as AWS Lambda functions behind an
Application Load Balancer (ALB), and use Amazon RDS Proxy to write to the Aurora MySQL database. When the databases
are synced, point the collector DNS record to the ALB. Disable the AWS DMS sync task after the cutover from on premises
to AWS.
D. Set up an Amazon Aurora MySQL database. Create an Aurora Replica for the Aurora MySQL database, and move the
aggregation jobs to run against the Aurora Replica. Set up collection endpoints as an Amazon Kinesis data stream. Use
Amazon Kinesis Data Firehose to replicate the data to the Aurora MySQL database. When the databases are synced,
disable the replication job and restart the Aurora Replica as the primary instance. Point the collector DNS record to the
Kinesis data stream.
Kinesis data stream.","The correct answer to this question is **C**. The following is a professional analysis:

1. **Solving resource contention issues (read-write separation)**:
   The title mentions ""When the summary job is executed, some load operations will fail."" This is usually because the summary job (read-intensive) and the load job (write-intensive) compete for resources on the same database instance or generate locking (Locking). Option C proposes to establish an **Aurora replica (Replica)** and move the summary job to this replica for execution, achieving read-write separation and effectively solving the problem of loading failure.

2. **Realize seamless migration (Zero Downtime)**:
   Using **AWS Database Migration Service (DMS)** for continuous data replication ensures that the local and cloud databases remain synchronized. When switching, simply change the DNS pointing for a customer-insensitive and non-disruptive migration.

3. **Modern architecture and connection management**:
   - **AWS Lambda**: suitable for processing simple Node.js applications and has automatic scaling capabilities.
   - **Application Load Balancer (ALB)**: For Node.js applications with HTTP/HTTPS protocols, ALB is more suitable than NLB (option A) and can provide richer routing capabilities.
   - **Amazon RDS Proxy**: This is the key component. Since Lambdas are ephemeral and highly concurrent, connecting directly to MySQL may crash due to too many connections. RDS Proxy can effectively manage the connection pool to ensure the stability of Lambda writing to Aurora.

**Why the other options are incorrect:**
- **Option A**: Using NLB to handle application traffic is less suitable than ALB. Additionally, ""restarting a replica as the primary execution"" is not standard practice for DMS migrations and may cause unnecessary downtime.
- **Option B**: There is no mention of using ""replicas"" to handle aggregation operations, so the resource contention problem of ""load operation failure"" mentioned in the question cannot be solved.
- **Option D**: The introduction of Kinesis Data Stream will significantly change the existing application architecture, which does not comply with the principle of ""no changes to customers"" required by the question. In addition, the latency and behavior of Kinesis Data Firehose writing to the database are different from the original Node.js direct writing, and the risk is higher.",C,C (95% community votes),一家公司希望將其數據分析環境從地端遷移到 AWS。該環境包含兩個簡單的 Node.js 應用程式：一個負責收集感測器數據並將其載入到 MySQL 資料庫，另一個則負責將數據彙總成報告。目前在地端環境中，當彙總作業執行時，會導致部分數據載入作業失敗。公司必須解決此載入問題，且要求遷移過程不能對客戶造成中斷或任何變更。解決方案架構師應該採取什麼行動來滿足這些要求？,"A. 設置 Amazon Aurora MySQL 資料庫作為地端資料庫的複寫目標。為 Aurora MySQL 資料庫建立一個 Aurora 複寫副本（Replica），並將彙總作業移至該複寫副本上執行。將收集端點設置為位於網路負載平衡器（NLB）後方的 AWS Lambda 函數，並使用 Amazon RDS Proxy 寫入 Aurora MySQL 資料庫。當資料庫同步後，停用複寫作業並將 Aurora 複寫副本重新啟動為主要執行個體。將收集器的 DNS 記錄指向 NLB。
B. 設置 Amazon Aurora MySQL 資料庫。使用 AWS Database Migration Service (AWS DMS) 執行從地端資料庫到 Aurora 的持續資料複寫。將彙總作業移至該 Aurora MySQL 資料庫上執行。將收集端點設置在應用程式負載平衡器（ALB）後方，並以 Auto Scaling 群組中的 Amazon EC2 執行個體形式呈現。當資料庫同步後，將收集器的 DNS 記錄指向 ALB。在地端切換到 AWS 後，停用 AWS DMS 同步任務。
C. 設置 Amazon Aurora MySQL 資料庫。使用 AWS Database Migration Service (AWS DMS) 執行從地端資料庫到 Aurora 的持續資料複寫。為 Aurora MySQL 資料庫建立一個 Aurora 複寫副本（Replica），並將彙總作業移至該複寫副本上執行。將收集端點設置為位於應用程式負載平衡器（ALB）後方的 AWS Lambda 函數，並使用 Amazon RDS Proxy 寫入 Aurora MySQL 資料庫。當資料庫同步後，將收集器的 DNS 記錄指向 ALB。在地端切換到 AWS 後，停用 AWS DMS 同步任務。
D. 設置 Amazon Aurora MySQL 資料庫。為 Aurora MySQL 資料庫建立一個 Aurora 複寫副本（Replica），並將彙總作業移至該複寫副本上執行。將收集端點設置為 Amazon Kinesis 資料串流。使用 Amazon Kinesis Data Firehose 將資料複寫到 Aurora MySQL 資料庫。當資料庫同步後，停用複寫作業並將 Aurora 複寫副本重新啟動為主要執行個體。將收集器的 DNS 記錄指向 Kinesis 資料串流。","這題的正確答案是 **C**。以下是專業解析：

1. **解決資源爭用問題（讀寫分離）**：
   題目提到「彙總作業執行時，部分載入作業會失敗」，這通常是因為彙總作業（讀取密集型）與載入作業（寫入密集型）在同一個資料庫實例上競爭資源或產生鎖定（Locking）。選項 C 提議建立 **Aurora 複寫副本（Replica）** 並將彙總作業移至該副本執行，實現了讀寫分離，能有效解決載入失敗的問題。

2. **實現無縫遷移（Zero Downtime）**：
   使用 **AWS Database Migration Service (DMS)** 進行持續資料複寫，可以確保地端與雲端資料庫保持同步。在切換時，只需更改 DNS 指向，即可達成對客戶無感且無中斷的遷移。

3. **現代化架構與連線管理**：
   - **AWS Lambda**：適合處理簡單的 Node.js 應用程式，且具備自動擴展能力。
   - **Application Load Balancer (ALB)**：對於 HTTP/HTTPS 協議的 Node.js 應用程式，ALB 比 NLB（選項 A）更適合，能提供更豐富的路由功能。
   - **Amazon RDS Proxy**：這是關鍵組件。由於 Lambda 是短暫且高度併發的，直接連接 MySQL 可能會因為連線數過多而崩潰。RDS Proxy 能有效管理連線池，確保 Lambda 寫入 Aurora 時的穩定性。

**為什麼其他選項不正確：**
- **選項 A**：使用 NLB 處理應用程式流量不如 ALB 合適。此外，「將複寫副本重新啟動為主要執行個體」並非 DMS 遷移的標準做法，且可能導致不必要的停機。
- **選項 B**：未提到使用「複寫副本」來處理彙總作業，因此無法解決題目中提到的「載入作業失敗」的資源爭用問題。
- **選項 D**：引入 Kinesis Data Stream 會大幅改變現有的應用程式架構，不符合題目要求「不對客戶造成變更」的原則。此外，Kinesis Data Firehose 寫入資料庫的延遲與行為與原本的 Node.js 直接寫入不同，風險較高。"
51,"A health insurance company stores personally identifiable information (PII) in an Amazon S3 bucket. The company uses server-
side encryption with S3 managed encryption keys (SSE-S3) to encrypt the objects. According to a new requirement, all current
and future objects in the S3 bucket must be encrypted by keys that the company’s security team manages. The S3 bucket does
not have versioning enabled.
Which solution will meet these requirements?","A. In the S3 bucket properties, change the default encryption to SSE-S3 with a customer managed key. Use the AWS CLI to
re-upload all objects in the S3 bucket. Set an S3 bucket policy to deny unencrypted PutObject requests.
B. In the S3 bucket properties, change the default encryption to server-side encryption with AWS KMS managed encryption
keys (SSE-KMS). Set an S3 bucket policy to deny unencrypted PutObject requests. Use the AWS CLI to re-upload all objects
in the S3 bucket.
C. In the S3 bucket properties, change the default encryption to server-side encryption with AWS KMS managed encryption
keys (SSE-KMS). Set an S3 bucket policy to automatically encrypt objects on GetObject and PutObject requests.
D. In the S3 bucket properties, change the default encryption to AES-256 with a customer managed key. Attach a policy to
deny unencrypted PutObject requests to any entities that access the S3 bucket. Use the AWS CLI to re-upload all objects in
the S3 bucket.","The core requirement of this question is to convert the encryption method from AWS-managed SSE-S3 to a key ""managed by the corporate security team"" and ensure that both ""existing"" and ""future"" objects are protected.

1. **Why choose B:**
   - **Key Management:** SSE-KMS (using AWS Key Management Service) allows security teams to create and manage their own Customer Master Keys (CMKs), compliant with the requirements of ""Corporate Security Team Management"".
   - **Future Objects:** Modify the ""Default Encryption"" setting of the bucket to SSE-KMS to ensure that objects uploaded in the future will be automatically encrypted using the KMS key if the encryption method is not specified.
   - **Mandatory:** Setting a Bucket Policy to deny unencrypted `PutObject` requests is standard practice to ensure compliance.
   - **Existing Objects:** S3 encryption is performed when the object is written. Changing the default encryption is not retroactive, so all existing objects must be re-uploaded (or copied in-place) using the AWS CLI to trigger encryption to use the new KMS key.

2. **Why the other options are wrong:**
   - **Option A Error:** SSE-S3 is defined as a key managed by Amazon S3 and cannot be combined with a ""customer-managed key"". This is a contradiction in technical definition.
   - **Option C Error:** The function of Bucket Policy is permission control (allow or deny), and it cannot ""automatically perform"" encryption actions. In addition, `GetObject` is a read request, and encryption is done when the data is stored (encrypted at rest), not when read. This option also ignores the need to deal with existing objects.
   - **Option D Error:** AES-256 is the encryption algorithm used by SSE-S3, and its keys are managed by AWS, not the customer. In addition, attaching the policy to all access entities (Entities) is extremely difficult and impractical in management. It is better to apply the policy directly on the bucket.",B,B (62% community votes),一家健康保險公司將個人識別資訊 (PII) 儲存在 Amazon S3 儲存桶中。該公司目前使用 S3 受管加密金鑰的伺服器端加密 (SSE-S3) 來加密物件。根據一項新要求，該 S3 儲存桶中所有現有和未來的物件都必須使用由公司安全團隊管理的金鑰進行加密。該 S3 儲存桶未啟用版本控制。哪種解決方案能滿足這些要求？,"A. 在 S3 儲存桶屬性中，將預設加密更改為使用客戶受管金鑰的 SSE-S3。使用 AWS CLI 重新上傳 S3 儲存桶中的所有物件。設定 S3 儲存桶策略以拒絕未加密的 PutObject 請求。
B. 在 S3 儲存桶屬性中，將預設加密更改為使用 AWS KMS 受管加密金鑰的伺服器端加密 (SSE-KMS)。設定 S3 儲存桶策略以拒絕未加密的 PutObject 請求。使用 AWS CLI 重新上傳 S3 儲存桶中的所有物件。
C. 在 S3 儲存桶屬性中，將預設加密更改為使用 AWS KMS 受管加密金鑰的伺服器端加密 (SSE-KMS)。設定 S3 儲存桶策略，以便在 GetObject 和 PutObject 請求時自動加密物件。
D. 在 S3 儲存桶屬性中，將預設加密更改為使用客戶受管金鑰的 AES-256。向任何存取 S3 儲存桶的實體附加策略，以拒絕未加密的 PutObject 請求。使用 AWS CLI 重新上傳 S3 儲存桶中的所有物件。","本題的核心需求是將加密方式從 AWS 受管的 SSE-S3 轉換為「公司安全團隊管理」的金鑰，並確保「現有」與「未來」物件皆受到保護。

1. **為什麼選擇 B：**
   - **金鑰管理：** SSE-KMS（使用 AWS Key Management Service）允許安全團隊建立與管理自己的客戶主金鑰 (CMK)，符合「公司安全團隊管理」的要求。
   - **未來物件：** 修改儲存桶的「預設加密」設定為 SSE-KMS，可以確保未來上傳的物件若未指定加密方式，會自動使用該 KMS 金鑰加密。
   - **強制規範：** 設定儲存桶策略 (Bucket Policy) 拒絕未加密的 `PutObject` 請求，是確保合規性的標準做法。
   - **現有物件：** S3 的加密是在物件寫入時進行的。更改預設加密不會溯及既往，因此必須使用 AWS CLI 重新上傳（或原地複製）所有現有物件，觸發加密程序以使用新的 KMS 金鑰。

2. **為什麼其他選項錯誤：**
   - **選項 A 錯誤：** SSE-S3 的定義就是由 Amazon S3 受管的金鑰，無法與「客戶受管金鑰」結合。這在技術定義上是矛盾的。
   - **選項 C 錯誤：** 儲存桶策略 (Bucket Policy) 的功能是權限控管（允許或拒絕），它無法「自動執行」加密動作。此外，`GetObject` 是讀取請求，加密是在資料儲存（靜態加密）時完成的，而非讀取時。此選項也忽略了處理現有物件的需求。
   - **選項 D 錯誤：** AES-256 是 SSE-S3 所使用的加密演算法，其金鑰由 AWS 管理，而非客戶管理。此外，將策略附加到所有存取實體（Entities）在管理上極其困難且不切實際，不如直接在儲存桶上套用策略。"
52,"A company is running a web application in the AWS Cloud. The application consists of dynamic content that is created on a set
of Amazon EC2 instances. The EC2 instances run in an Auto Scaling group that is configured as a target group for an
Application Load Balancer (ALB).
The company is using an Amazon CloudFront distribution to distribute the application globally. The CloudFront distribution
uses the ALB as an origin. The company uses Amazon Route 53 for DNS and has created an A record of www.example.com for
the CloudFront distribution.
A solutions architect must configure the application so that itis highly available and fault tolerant.
Which solution meets these requirements?","A. Provision a full, secondary application deployment in a different AWS Region. Update the Route 53 A record to be a
failover record. Add both of the CloudFront distributions as values. Create Route 53 health checks.
B. Provision an ALB, an Auto Scaling group, and EC2 instances in a different AWS Region. Update the CloudFront
distribution, and create a second origin for the new ALCreate an origin group for the two origins. Configure one origin as
primary and one origin as secondary.
C. Provision an Auto Scaling group and EC2 instances in a different AWS Region. Create a second target for the new Auto
Scaling group in the ALB. Set up the failover routing algorithm on the ALB.
D. Provision a full, secondary application deployment in a different AWS Region. Create a second CloudFront distribution,
and add the new application setup as an origin. Create an AWS Global Accelerator accelerator. Add both of the CloudFront
distributions as endpoints.","This question examines how to use CloudFront to achieve cross-region high availability (High Availability) and failover (Fault Tolerance).

**Why the answer is B:**
CloudFront provides a feature called ""Origin Groups"" that is specifically used to implement origin failover. In this configuration, you can define a Primary Origin and a Secondary Origin. When the primary origin (such as the ALB in Region A) returns a specific HTTP status code (such as 500, 502, 503, 504, etc.) or a connection timeout occurs, CloudFront automatically switches to the secondary origin (such as the ALB in Region B). This is the most straightforward way to achieve cross-region fault tolerance and is consistent with AWS best practices.

**Why the other options are incorrect:**
* **Option A is incorrect:** Although Route 53 supports failover logging, using it between two different CloudFront distributions is not a best practice. CloudFront itself is already a global entry point. Handling backend source switching through source groups within CloudFront is faster and more effective than switching distribution at the DNS level.
* **Option C is incorrect:** Application Load Balancer (ALB) is a Regional Service. Although an ALB can direct traffic to resources in other regions via IP addresses, if the entire region fails, the ALB itself will fail. Therefore, region-level fault tolerance cannot be achieved by simply deploying an ASG in another region and mounting it back to the ALB of the original region.
* **Option D is incorrect:** AWS Global Accelerator is mainly used to optimize traffic entering the AWS network. Its backend endpoints (Endpoints) support ALB, NLB, or EC2, but it does not support CloudFront distribution. In addition, CloudFront itself already has the function of global acceleration. It is an incorrect architectural design to superimpose Global Accelerator in front of CloudFront.",B,B (98% community votes),"一家公司在 AWS 雲端運行一個 Web 應用程式。該應用程式包含在一組 Amazon EC2 執行個體上建立的動態內容。這些 EC2 執行個體在一個 Auto Scaling 群組中運行，該群組被配置為 Application Load Balancer (ALB) 的目標群組。
該公司使用 Amazon CloudFront 分發（Distribution）在全球分發該應用程式。CloudFront 分發使用 ALB 作為來源（Origin）。該公司使用 Amazon Route 53 進行 DNS 解析，並為 CloudFront 分發建立了一個 www.example.com 的 A 紀錄。
解決方案架構師必須配置該應用程式，使其具備高可用性與容錯能力。哪項解決方案符合這些要求？","A. 在不同的 AWS 區域部署一個完整的二級應用程式。將 Route 53 A 紀錄更新為故障轉移（Failover）紀錄。將兩個 CloudFront 分發都新增為值。建立 Route 53 運作狀態檢查（Health Checks）。
B. 在不同的 AWS 區域部署一個 ALB、一個 Auto Scaling 群組和 EC2 執行個體。更新 CloudFront 分發，為新的 ALB 建立第二個來源。為這兩個來源建立一個來源群組（Origin Group）。將一個來源配置為主要，另一個配置為次要。
C. 在不同的 AWS 區域部署一個 Auto Scaling 群組和 EC2 執行個體。在原有的 ALB 中為新的 Auto Scaling 群組建立第二個目標。在 ALB 上設定故障轉移路由演算法。
D. 在不同的 AWS 區域部署一個完整的二級應用程式。建立第二個 CloudFront 分發，並將新的應用程式設定新增為來源。建立一個 AWS Global Accelerator 加速器。將兩個 CloudFront 分發都新增為端點。","這題考查的是如何利用 CloudFront 實現跨區域的高可用性（High Availability）與故障轉移（Fault Tolerance）。

**為什麼答案是 B：**
CloudFront 提供了一項名為「來源群組（Origin Groups）」的功能，專門用於實現來源故障轉移（Origin Failover）。在這種配置下，您可以定義一個主要來源（Primary Origin）和一個次要來源（Secondary Origin）。當主要來源（例如區域 A 的 ALB）返回特定的 HTTP 狀態碼（如 500、502、503、504 等）或發生連線逾時時，CloudFront 會自動切換到次要來源（例如區域 B 的 ALB）。這是實現跨區域容錯最直接且符合 AWS 最佳實踐的方法。

**為什麼其他選項不正確：**
*   **選項 A 不正確：** 雖然 Route 53 支援故障轉移紀錄，但將其用於兩個不同的 CloudFront 分發之間並非最佳做法。CloudFront 本身已經是全球性的進入點，透過 CloudFront 內部的來源群組來處理後端來源的切換，比在 DNS 層級切換分發（Distribution）更為快速且有效。
*   **選項 C 不正確：** Application Load Balancer (ALB) 是區域性服務（Regional Service）。雖然 ALB 可以透過 IP 地址將流量導向其他區域的資源，但如果整個區域發生故障，該 ALB 本身也會失效。因此，僅在另一個區域部署 ASG 並掛載回原區域的 ALB，無法達成區域級的容錯。
*   **選項 D 不正確：** AWS Global Accelerator 主要用於優化進入 AWS 網路的流量，其後端端點（Endpoints）支援 ALB、NLB 或 EC2，但並不支援 CloudFront 分發。此外，CloudFront 本身已經具備全球加速的功能，在 CloudFront 前面疊加 Global Accelerator 是不正確的架構設計。"
53,"A company has an organization in AWS Organizations that has a large number of AWS accounts. One of the AWS accounts is
designated as a transit account and has a transit gateway that is shared with all of the other AWS accounts. AWS Site-to-Site
VPN connections are configured between all of the company’s global offices and the transit account. The company has AWS
Config enabled on all of its accounts.
The company’s networking team needs to centrally manage a list of internal IP address ranges that belong to the global
offices. Developers will reference this list to gain access to their applications securely.
Which solution meets these requirements with the LEAST amount of operational overhead?","A. Create a JSON file that is hosted in Amazon S3 and that lists all of the internal IP address ranges. Configure an Amazon
Simple Notification Service (Amazon SNS) topic in each of the accounts that can be invoked when the JSON file is updated.
Subscribe an AWS Lambda function to the SNS topic to update all relevant security group rules with the updated IP address
ranges.
B. Create a new AWS Config managed rule that contains all of the internal IP address ranges. Use the rule to check the
security groups in each of the accounts to ensure compliance with the list of IP address ranges. Configure the rule to
automatically remediate any noncompliant security group that is detected.
C. In the transit account, create a VPC prefix list with all of the internal IP address ranges. Use AWS Resource Access
Manager to share the prefix list with all of the other accounts. Use the shared prefix list to configure security group rules in
the other accounts.
D. In the transit account, create a security group with all of the internal IP address ranges. Configure the security groups in
the other accounts to reference the transit account’s security group by using a nested security group reference of “ /sg-
1a2b3c4d”.","The answer is C, because the combination of VPC prefix list (Prefix List) and AWS Resource Access Manager (RAM) is the best practice officially recommended by AWS for centralized management of IP address lists.

1. Why C is correct:
VPC prefix lists allow administrators to combine multiple CIDR blocks into a named list. AWS RAM allows administrators to create and maintain this list centrally in a transport account and share it throughout the AWS Organization. Developers only need to reference the IDs of this prefix list when setting up security group rules, rather than manually entering multiple IP ranges. When the IP of the global office changes, the administrator only needs to update the prefix list once in the transport account, and all security group rules that reference the list will automatically take effect, which fully meets the requirements of ""minimum operational overhead"".

2. Why the other options are incorrect:
- Option A: Involves S3, SNS, Lambda and cross-account permission management. The architecture is too complex and the maintenance cost is high (code needs to be written and maintained).
- Option B: AWS Config is mainly used for compliance auditing and automatic remediation, rather than a resource management tool that ""provides developer references"". Using Config rules to enforce IP inventories results in a rigid development process, and the development and testing of automatic remediation logic is time-consuming.
- Option D: Security Group Referencing only supports environments within the same VPC or through VPC Peering. Under the Transit Gateway architecture described in the question, security group IDs cannot be referenced across accounts to filter traffic. Additionally, security group references do not solve the need to centrally manage IP lists and allow developers to reference them in different VPC rules.",C,C (100% community votes),"一家公司在 AWS Organizations 中擁有大量 AWS 帳戶。其中一個 AWS 帳戶被指定為傳輸帳戶（transit account），並擁有一個與所有其他帳戶共享的 Transit Gateway。該公司在全球辦公室與傳輸帳戶之間配置了 AWS Site-to-Site VPN 連線。公司已在所有帳戶中啟用了 AWS Config。
網路團隊需要集中管理一份屬於全球辦公室的內部 IP 地址範圍清單。開發人員將引用此清單，以確保能安全地存取其應用程式。
哪種解決方案能以「最小的營運開銷」滿足這些要求？","A. 建立一個託管在 Amazon S3 中的 JSON 檔案，列出所有內部 IP 地址範圍。在每個帳戶中配置一個 Amazon Simple Notification Service (Amazon SNS) 主題，當 JSON 檔案更新時可被觸發。將 AWS Lambda 函數訂閱至該 SNS 主題，以使用更新後的 IP 地址範圍更新所有相關的安全組（Security Group）規則。
B. 建立一個包含所有內部 IP 地址範圍的新 AWS Config 受管規則。使用該規則檢查每個帳戶中的安全組，以確保符合 IP 地址範圍清單。配置該規則以自動修復（remediate）任何偵測到的不合規安全組。
C. 在傳輸帳戶中，建立一個包含所有內部 IP 地址範圍的 VPC 前綴列表（Prefix List）。使用 AWS Resource Access Manager (RAM) 將該前綴列表共享給所有其他帳戶。使用該共享前綴列表在其他帳戶中配置安全組規則。
D. 在傳輸帳戶中，建立一個包含所有內部 IP 地址範圍的安全組。配置其他帳戶中的安全組，透過使用巢狀安全組引用（格式為「<account-id>/sg-1a2b3c4d」）來引用傳輸帳戶的安全組。","答案為 C，這是因為 VPC 前綴列表（Prefix List）與 AWS Resource Access Manager (RAM) 的結合是 AWS 官方推薦用於集中管理 IP 地址清單的最佳實務。

1. 為什麼 C 是正確的：
VPC 前綴列表允許管理員將多個 CIDR 區塊組合成一個具名的列表。透過 AWS RAM，管理員可以在傳輸帳戶中集中建立並維護此列表，並將其共享至整個 AWS Organization。開發人員在設定安全組規則時，只需引用該前綴列表的 ID，而不需要手動輸入多個 IP 範圍。當全球辦公室的 IP 發生變更時，管理員只需在傳輸帳戶更新一次前綴列表，所有引用該列表的安全組規則都會自動生效，這完全符合「最小營運開銷」的要求。

2. 為什麼其他選項不正確：
- 選項 A：涉及 S3、SNS、Lambda 以及跨帳戶的權限管理，架構過於複雜且維護成本高（需要撰寫與維護程式碼）。
- 選項 B：AWS Config 主要用於合規性審計與自動修復，而非用於「提供開發人員引用」的資源管理工具。使用 Config 規則來強制執行 IP 清單會導致開發流程僵化，且自動修復邏輯的開發與測試非常耗時。
- 選項 D：安全組引用（Security Group Referencing）僅支援在同一個 VPC 內或透過 VPC 對等連接（VPC Peering）的環境。在題目描述的 Transit Gateway 架構下，無法跨帳戶引用安全組 ID 來過濾流量。此外，安全組引用無法解決「集中管理 IP 清單」並讓開發人員在不同 VPC 規則中引用的需求。"
54,"A company runs a new application as a static website in Amazon S3. The company has deployed the application to a
production AWS account and uses Amazon CloudFront to deliver the website. The website calls an Amazon API Gateway REST
API. An AWS Lambda function backs each API method.
The company wants to create a CSV report every 2 weeks to show each API Lambda function’s recommended configured
memory, recommended cost, and the price difference between current configurations and the recommendations. The company
will store the reports in an S3 bucket.
Which solution will meet these requirements with the LEAST development time?","A. Create a Lambda function that extracts metrics data for each API Lambda function from Amazon CloudWatch Logs for
the 2-week period. Collate the data into tabular format. Store the data as a .csv file in an S3 bucket. Create an Amazon
EventBridge rule to schedule the Lambda function to run every 2 weeks.
B. Opt in to AWS Compute Optimizer. Create a Lambda function that calls the ExportLambdaFunctionRecommendations
operation. Export the .csv file to an S3 bucket. Create an Amazon EventBridge rule to schedule the Lambda function to run
every 2 weeks.
C. Opt in to AWS Compute Optimizer. Set up enhanced infrastructure metrics. Within the Compute Optimizer console,
schedule a job to export the Lambda recommendations to a .csv file. Store the file in an S3 bucket every 2 weeks.
D. Purchase the AWS Business Support plan for the production account. Opt in to AWS Compute Optimizer for AWS Trusted
Advisor checks. In the Trusted Advisor console, schedule a job to export the cost optimization checks to a .csv file. Store
the file in an S3 bucket every 2 weeks.","The core requirement of this question is to provide optimization suggestions for the memory configuration of the Lambda function and to produce CSV reports in an automated manner every two weeks.

1. **Why choose B:**
   - **AWS Compute Optimizer** is an AWS service designed to analyze resource usage and provide optimization recommendations (including Lambda memory size, cost savings estimates).
   - It provides a ready-made API operation `ExportLambdaFunctionRecommendations`, which can directly export the recommendation results to a specified S3 bucket in CSV format.
   - Triggering a simple Lambda function to call this API through **Amazon EventBridge** is the best practice to implement automated scheduling with minimal development time.

2. **Why the other options are incorrect:**
   - **Option A is incorrect:** Extracting raw data from CloudWatch Logs and writing your own logic to calculate recommended configurations and cost differences requires a huge amount of development effort and is completely inconsistent with the principle of ""minimum development time"".
   - **Option C is incorrect:** Although the Compute Optimizer console (Console) allows manual export of data, the console itself does not have the built-in function of ""automatically scheduled export to S3 every 2 weeks"". To achieve automation, orchestration is still required via API or SDK.
   - **Option D is incorrect:** Although Trusted Advisor will integrate some of the check results of Compute Optimizer, its console also lacks the native function of directly scheduling the export of specific Lambda recommendations CSV to S3. Additionally, purchasing a Business Support plan incurs additional costs and the development process is no easier than Option B.",B,B (81% community votes),"一家公司在 Amazon S3 中以靜態網站的形式執行一個新的應用程式。該公司已將應用程式部署到生產 AWS 帳戶，並使用 Amazon CloudFront 來交付網站。該網站呼叫 Amazon API Gateway REST API。每個 API 方法都由一個 AWS Lambda 函數支援。
該公司希望每 2 週建立一份 CSV 報告，以顯示每個 API Lambda 函數的建議配置記憶體、建議成本，以及目前配置與建議之間的價格差異。該公司將把報告儲存在 S3 儲存桶中。
哪種解決方案能以「最少的開發時間」滿足這些要求？","A. 建立一個 Lambda 函數，從 Amazon CloudWatch Logs 中提取過去 2 週內每個 API Lambda 函數的指標數據。將數據整理成表格格式。將數據作為 .csv 檔案儲存在 S3 儲存桶中。建立一個 Amazon EventBridge 規則，排程該 Lambda 函數每 2 週執行一次。
B. 啟用 AWS Compute Optimizer。建立一個呼叫 ExportLambdaFunctionRecommendations 操作的 Lambda 函數。將 .csv 檔案匯出到 S3 儲存桶。建立一個 Amazon EventBridge 規則，排程該 Lambda 函數每 2 週執行一次。
C. 啟用 AWS Compute Optimizer。設定增強型基礎設施指標（enhanced infrastructure metrics）。在 Compute Optimizer 主控台中，排程一個作業將 Lambda 建議匯出到 .csv 檔案。每 2 週將檔案儲存在 S3 儲存桶中。
D. 為生產帳戶購買 AWS Business Support 計畫。為 AWS Trusted Advisor 檢查啟用 AWS Compute Optimizer。在 Trusted Advisor 主控台中，排程一個作業將成本優化檢查匯出到 .csv 檔案。每 2 週將檔案儲存在 S3 儲存桶中。","本題的核心需求是針對 Lambda 函數的記憶體配置提供優化建議，並以自動化的方式每兩週產出 CSV 報告。

1. **為何選擇 B：**
   - **AWS Compute Optimizer** 是 AWS 專門用於分析資源使用情況並提供優化建議（包括 Lambda 記憶體大小、成本節省估算）的服務。
   - 它提供了一個現成的 API 操作 `ExportLambdaFunctionRecommendations`，該操作可以直接將建議結果以 CSV 格式匯出到指定的 S3 儲存桶。
   - 透過 **Amazon EventBridge** 觸發一個簡單的 Lambda 函數來呼叫此 API，是實現自動化排程且開發量最小（Least development time）的最佳實踐。

2. **為何其他選項不正確：**
   - **選項 A 不正確：** 從 CloudWatch Logs 提取原始數據並自行撰寫邏輯來計算建議配置與成本差異，需要極大的開發工作量，完全不符合「最少開發時間」的原則。
   - **選項 C 不正確：** 雖然 Compute Optimizer 主控台（Console）允許手動匯出資料，但主控台本身並不具備「每 2 週自動排程匯出至 S3」的內建功能。要實現自動化，仍需透過 API 或 SDK 進行編排。
   - **選項 D 不正確：** Trusted Advisor 雖然會整合 Compute Optimizer 的部分檢查結果，但其主控台同樣缺乏直接排程匯出特定 Lambda 建議 CSV 到 S3 的原生功能。此外，購買 Business Support 計畫會產生額外費用，且開發流程並未比選項 B 簡便。"
55,"A company’s factory and automation applications are running in a single VPC. More than 20 applications run on a combination
of Amazon EC2, Amazon Elastic Container Service (Amazon ECS), and Amazon RDS.
The company has software engineers spread across three teams. One of the three teams owns each application, and each time
is responsible for the cost and performance of all of its applications. Team resources have tags that represent their application
and team. The teams use IAM access for daily activities.
The company needs to determine which costs on the monthly AWS bill are attributable to each application or team. The
company also must be able to create reports to compare costs from the last 12 months and to help forecast costs for the next
12 months. A solutions architect must recommend an AWS Billing and Cost Management solution that provides these cost
reports.
Which combination of actions will meet these requirements? (Choose three.)","A. Activate the user-define cost allocation tags that represent the application and the team.
B. Activate the AWS generated cost allocation tags that represent the application and the team.
C. Create a cost category for each application in Billing and Cost Management.
D. Activate IAM access to Billing and Cost Management.
E. Create a cost budget.
F. Enable Cost Explorer.","This is a typical question about AWS cost allocation and reporting analysis. To meet the requirements of ""cost attribution"", ""historical comparison"" and ""cost prediction"" in the question, tag management and analysis tools must be combined. The correct answers are **A, C, F** (Note: The question requires you to choose three items. According to the demand analysis, F is also a necessary item).

1. **Why A is correct:**
   The title mentioned that resources have been labeled to represent applications and teams. In AWS, it is not enough to just add tags. These tags must be ""activated"" as ""User-defined cost allocation tags"" in the Billing console. Only then will these tags appear in cost reports and Cost Explorer, thereby enabling cost attribution by application or team.

2. **Why C is correct:**
   ""Cost Category"" is a powerful feature provided by AWS that allows users to define rules based on tags, accounts, services and other dimensions to logically group costs. For complex environments with more than 20 applications and 3 teams, establishing cost categories can simplify management, map messy resource tags to specific business units (such as Team A or App X), and make billing reports easier to read and analyze.

3. **Why F is correct (third required option):**
   The question clearly requires ""compare costs over the past 12 months"" and ""predict costs over the next 12 months."" **Cost Explorer** is the only AWS native tool that provides this kind of long-term historical data analysis (up to 12 months) and future trend forecasts (up to 12 months). Without Cost Explorer enabled, the report required by the question will not be generated.

**Why the other options are incorrect:**
* **B Incorrect: ** AWS-generated tags (such as `aws:createdBy`) are automatically generated by the system and cannot represent company-customized ""application"" or ""team"" information.
* **D is incorrect:** Although the team needs IAM permissions to view bills, option D is only a permission setting and cannot ""provide cost reports"" or implement ""cost attribution"" functions. The question requires a ""solution combination"".
* **E Incorrect: ** Cost Budgets (AWS Budgets) is mainly used to send alerts when costs exceed expected thresholds. It does not have the detailed historical comparison analysis and 12-month forecast reporting capabilities of Cost Explorer.",AC,AC (PDF answer),一家公司的工廠和自動化應用程式運行在單個 VPC 中。超過 20 個應用程式運行在 Amazon EC2、Amazon Elastic Container Service (Amazon ECS) 和 Amazon RDS 的組合上。該公司有分佈在三個團隊中的軟體工程師。三個團隊中的其中一個擁有每個應用程式，且每個團隊負責其所有應用程式的成本和效能。團隊資源具有代表其應用程式和團隊的標籤。團隊使用 IAM 存取進行日常活動。該公司需要確定每月 AWS 帳單中哪些成本可歸因於每個應用程式或團隊。該公司還必須能夠建立報告以比較過去 12 個月的成本，並協助預測未來 12 個月的成本。解決方案架構師必須推薦一個提供這些成本報告的 AWS Billing and Cost Management 解決方案。哪些行動組合將滿足這些要求？（選擇三項。）,"A. 啟用代表應用程式和團隊的使用者定義成本分配標籤。
B. 啟用代表應用程式和團隊的 AWS 產生成本分配標籤。
C. 在 Billing and Cost Management 中為每個應用程式建立成本類別（Cost Category）。
D. 啟用對 Billing and Cost Management 的 IAM 存取。
E. 建立成本預算（Cost Budget）。
F. 啟用 Cost Explorer。","這是一道關於 AWS 成本分配與報告分析的典型題目。要滿足題目中「成本歸因」、「歷史對比」及「成本預測」的要求，必須結合標籤管理與分析工具。正確答案為 **A、C、F**（註：題目要求選擇三項，根據需求分析，F 也是必要項）。

1. **為什麼 A 是正確的：**
   題目提到資源已經打上了代表應用程式與團隊的標籤。在 AWS 中，僅僅打上標籤是不夠的，必須在 Billing 控制台中將這些標籤「啟用（Activate）」為「使用者定義成本分配標籤（User-defined cost allocation tags）」，這些標籤才會出現在成本報告與 Cost Explorer 中，進而實現按應用程式或團隊進行成本歸因。

2. **為什麼 C 是正確的：**
   「成本類別（Cost Category）」是 AWS 提供的一項強大功能，允許使用者根據標籤、帳戶、服務等維度定義規則，將成本邏輯性地分組。對於擁有 20 多個應用程式和 3 個團隊的複雜環境，建立成本類別可以簡化管理，將雜亂的資源標籤對應到具體的業務單位（如：Team A 或 App X），使帳單報告更易於閱讀與分析。

3. **為什麼 F 是正確的（第三個必要選項）：**
   題目明確要求「比較過去 12 個月的成本」並「預測未來 12 個月的成本」。**Cost Explorer** 是 AWS 唯一提供此類長期歷史數據分析（最高 12 個月）與未來趨勢預測（最高 12 個月）的原生工具。沒有啟用 Cost Explorer，將無法生成題目要求的報告。

**其他選項為何不正確：**
*   **B 不正確：** AWS 產生的標籤（如 `aws:createdBy`）是由系統自動生成的，無法代表公司自定義的「應用程式」或「團隊」資訊。
*   **D 不正確：** 雖然團隊需要 IAM 權限來查看帳單，但 D 選項僅僅是權限設定，並不能「提供成本報告」或實現「成本歸因」的功能。題目要求的是一個「解決方案組合」。
*   **E 不正確：** 成本預算（AWS Budgets）主要用於在成本超過預期閾值時發送告警，它不具備 Cost Explorer 那種詳細的歷史對比分析與長達 12 個月的預測報告功能。"
56,"An AWS customer has a web application that runs on premises. The web application fetches data from a third-party API that is
behind a firewall. The third party accepts only one public CIDR block in each client’s allow list.
The customer wants to migrate their web application to the AWS Cloud. The application will be hosted on a set of Amazon EC2
instances behind an Application Load Balancer (ALB) in a VPC. The ALB is located in public subnets. The EC2 instances are
located in private subnets. NAT gateways provide internet access to the private subnets.
How should a solutions architect ensure that the web application can continue to call the third-party API after the migration?","A. Associate a block of customer-owned public IP addresses to the VPC. Enable public IP addressing for public subnets in
the VPC.
B. Register a block of customer-owned public IP addresses in the AWS account. Create Elastic IP addresses from the
address block and assign them to the NAT gateways in the VPC.
C. Create Elastic IP addresses from the block of customer-owned IP addresses. Assign the static Elastic IP addresses to the
ALB.
D. Register a block of customer-owned public IP addresses in the AWS account. Set up AWS Global Accelerator to use
Elastic IP addresses from the address block. Set the ALB as the accelerator endpoint.","The core requirement of this question is how to make the EC2 execution instance migrated to the AWS private subnet have its ""source IP"" comply with the specific public CIDR block restricted by the third-party API firewall when accessing external APIs.

1. **Why the answer is B:**
   - **BYOIP (Bring Your Own IP):** The question mentioned that third parties only accept specific CIDR blocks, which usually means that customers need to bring the public IP blocks originally used on-premises to AWS. This feature is called BYOIP.
   - **External to internal and internal to external traffic:** The EC2 execution instance is located in the ""private subnet"", and its external access to the Internet (calls to third-party APIs) must pass through the ""NAT gateway"".
   - **Fixed source IP:** When traffic passes through the NAT gateway, the source IP will be converted to the Elastic IP associated with the NAT gateway. By assigning a BYOIP registered IP to a NAT gateway, all API requests made from the private subnet will carry the IP of that specific CIDR block, thus complying with the third party's firewall rules.

2. **Why the other options are incorrect:**
   - **Option A:** Enabling public IP addressing only on the public subnet cannot solve the problem of the external traffic source IP of the EC2 execution instance located in the ""private subnet"", and there is no guarantee that the traffic will uniformly use a specific CIDR block.
   - **Option C:** ALB (Application Load Balancer) mainly handles ""outside-in"" traffic load balancing. Although the ALB is located on the public subnet, when an EC2 instance actively initiates an ""outbound"" request to access the API, the traffic goes through the NAT gateway instead of the ALB. In addition, standard ALB does not support direct mounting of elastic IPs (usually required with NLB or Global Accelerator).
   - **Option D:** AWS Global Accelerator is primarily used to optimize the performance and availability of ""outside-in"" access applications, providing a static entry point. It cannot change the source IP of ""internal to external"" traffic originating from within the VPC and going to a third-party API.",B,B (100% community votes),"一位 AWS 客戶有一個在內部部署（on-premises）運行的 Web 應用程式。該應用程式會從位於防火牆後的第三方 API 獲取資料。該第三方在其允許清單（allow list）中，每個客戶僅接受一個公有 CIDR 區塊。
客戶希望將其 Web 應用程式遷移到 AWS 雲端。該應用程式將託管在 VPC 內 Application Load Balancer (ALB) 後方的一組 Amazon EC2 執行個體上。ALB 位於公有子網路中，EC2 執行個體位於私有子網路中。NAT 閘道為私有子網路提供網際網路存取。
解決方案架構師應如何確保 Web 應用程式在遷移後能繼續呼叫第三方 API？","A. 將客戶擁有的公有 IP 地址區塊與 VPC 關聯。為 VPC 中的公有子網路啟用公有 IP 定址。
B. 在 AWS 帳戶中註冊客戶擁有的公有 IP 地址區塊。從該地址區塊建立彈性 IP 地址（Elastic IP），並將其分配給 VPC 中的 NAT 閘道。
C. 從客戶擁有的 IP 地址區塊建立彈性 IP 地址。將靜態彈性 IP 地址分配給 ALB。
D. 在 AWS 帳戶中註冊客戶擁有的公有 IP 地址區塊。設置 AWS Global Accelerator 以使用該地址區塊中的彈性 IP 地址。將 ALB 設置為加速器端點。","本題的核心需求在於如何讓遷移至 AWS 私有子網路的 EC2 執行個體，在存取外部 API 時，其「來源 IP」符合第三方 API 防火牆所限定的特定公有 CIDR 區塊。

1. **為什麼答案是 B：**
   - **BYOIP (Bring Your Own IP)：** 題目提到第三方僅接受特定的 CIDR 區塊，這通常意味著客戶需要將原本在內部部署使用的公有 IP 區塊帶入 AWS，這項功能稱為 BYOIP。
   - **外對內與內對外流量：** EC2 執行個體位於「私有子網路」，其對外存取網際網路（呼叫第三方 API）的流量必須經過「NAT 閘道」。
   - **固定來源 IP：** 當流量經過 NAT 閘道時，來源 IP 會被轉換為 NAT 閘道所關聯的彈性 IP（Elastic IP）。透過將 BYOIP 註冊的 IP 分配給 NAT 閘道，所有從私有子網路發出的 API 請求都會帶有該特定 CIDR 區塊的 IP，從而符合第三方的防火牆規則。

2. **為什麼其他選項不正確：**
   - **選項 A：** 僅在公有子網路啟用公有 IP 定址，無法解決位於「私有子網路」中 EC2 執行個體的對外流量來源 IP 問題，且無法保證流量會統一使用特定的 CIDR 區塊。
   - **選項 C：** ALB（Application Load Balancer）主要處理「由外向內」的流量負載平衡。雖然 ALB 位於公有子網路，但 EC2 執行個體主動發起「向外」存取 API 的請求時，流量是走 NAT 閘道而非 ALB。此外，標準 ALB 不支援直接掛載彈性 IP（通常需搭配 NLB 或 Global Accelerator）。
   - **選項 D：** AWS Global Accelerator 主要用於優化「由外向內」存取應用程式的效能與可用性，提供靜態進入點。它無法改變從 VPC 內部發起、前往第三方 API 的「內對外」流量的來源 IP。"
57,"A company with several AWS accounts is using AWS Organizations and service control policies (SCPs). An administrator
created the following SCP and has attached it to an organizational unit (OU) that contains AWS account 1111-1111-1111:
Developers working in account 1111-1111-1111 complain that they cannot create Amazon S3 buckets. How should the
administrator address this problem?","A. Add s3:CreateBucket with “Allow” effect to the SCP.
B. Remove the account from the OU, and attach the SCP directly to account 1111-1111-1111.
C. Instruct the developers to add Amazon S3 permissions to their IAM entities.
D. Remove the SCP from account 1111-1111-1111.","In AWS Organizations, the final effective scope of permissions is determined by the intersection of ""Service Control Policy (SCP)"" and ""IAM Policy"".

1. **Why the answer is C:** The role of SCP is to define the ""maximum boundary (Guardrails)"" of permissions within an account. It does not itself grant any permissions. Even if a service is allowed by SCP, the IAM user or role (IAM entity) within the account must still have the corresponding IAM policy to perform the action. The most common reason why developers are unable to create an S3 bucket is that their own IAM entity has not been granted permission for `s3:CreateBucket`, although SCP is not blocking it.

2. **Why the other options are incorrect:**
   - **Option A Error:** SCP is only used to limit permissions. Even if Allow is included in the SCP, developers still cannot perform the action if they do not have Allow in their IAM policy.
   - **Option B Error:** Moving the SCP from the OU level to the account level only changes the location where the policy is applied, and does not change the basic logic of ""requiring an IAM policy to obtain permissions"".
   - **Option D Error:** Removing the SCP may remove some restrictions, but if the developer does not have IAM permissions in the first place, they will still be unable to create the bucket after removing the SCP.

In summary, for developers to be able to perform an action, they must ensure that: (1) the SCP does not prohibit the action, and (2) the IAM policy explicitly allows the action. The question context implies that SCP has been set up, so the next step should be to check and add IAM permissions.",C,C (89% community votes),一家擁有多個 AWS 帳戶的公司正在使用 AWS Organizations 和服務控制政策 (SCP)。管理員建立了以下 SCP，並將其連接到包含 AWS 帳戶 1111-1111-1111 的組織單元 (OU)。在帳戶 1111-1111-1111 中工作的開發人員抱怨他們無法建立 Amazon S3 儲存桶。管理員應該如何解決這個問題？,"A. 在 SCP 中新增具有「Allow」效果的 s3:CreateBucket 動作。
B. 將該帳戶從 OU 中移除，並將 SCP 直接連接到帳戶 1111-1111-1111。
C. 指導開發人員將 Amazon S3 許可新增至其 IAM 實體（使用者或角色）。
D. 從帳戶 1111-1111-1111 中移除該 SCP。","在 AWS Organizations 中，權限的最終生效範圍是由「服務控制政策 (SCP)」與「IAM 政策」的交集（Intersection）決定的。

1. **為什麼答案是 C：** SCP 的作用是定義一個帳戶內權限的「最大邊界（Guardrails）」，它本身並不授予任何權限。即使 SCP 允許了某項服務，該帳戶內的 IAM 使用者或角色（IAM 實體）仍必須擁有對應的 IAM 政策才能執行操作。開發人員無法建立 S3 儲存桶，最常見的原因是雖然 SCP 沒有阻擋，但他們自己的 IAM 實體尚未被授予 `s3:CreateBucket` 的許可。

2. **為什麼其他選項不正確：**
   - **選項 A 錯誤：** SCP 僅用於限制權限。即使在 SCP 中加入 Allow，如果開發人員的 IAM 政策中沒有 Allow，他們仍然無法執行該操作。
   - **選項 B 錯誤：** 將 SCP 從 OU 層級移至帳戶層級，只是改變了政策套用的位置，並不會改變「需要 IAM 政策才能獲得權限」的基本邏輯。
   - **選項 D 錯誤：** 移除 SCP 可能會移除某些限制，但如果開發人員原本就沒有 IAM 許可，移除 SCP 後他們依然無法建立儲存桶。

總結來說，要讓開發人員能夠執行操作，必須確保：(1) SCP 沒有禁止該操作，且 (2) IAM 政策明確允許該操作。題目情境暗示 SCP 已設定好，因此下一步應是檢查並新增 IAM 許可。"
58,"A company has a monolithic application that is critical to the company’s business. The company hosts the application on an
Amazon EC2 instance that runs Amazon Linux 2. The company’s application team receives a directive from the legal
department to back up the data from the instance’s encrypted Amazon Elastic Block Store (Amazon EBS) volume to an Amazon
S3 bucket. The application team does not have the administrative SSH key pair for the instance. The application must continue
to serve the users.
Which solution will meet these requirements?","A. Attach a role to the instance with permission to write to Amazon S3. Use the AWS Systems Manager Session Manager
option to gain access to the instance and run commands to copy data into Amazon S3.
B. Create an image of the instance with the reboot option turned on. Launch a new EC2 instance from the image. Attach a
role to the new instance with permission to write to Amazon S3. Run a command to copy data into Amazon S3.
C. Take a snapshot of the EBS volume by using Amazon Data Lifecycle Manager (Amazon DLM). Copy the data to Amazon
S3.
D. Create an image of the instance. Launch a new EC2 instance from the image. Attach a role to the new instance with
permission to write to Amazon S3. Run a command to copy data into Amazon S3.","The core challenges of this question are: 1. There is no SSH key pair; 2. The application must remain online (cannot be shut down); 3. Data needs to be backed up from encrypted EBS to S3.

**Why the answer is A:**
1. **Solving SSH key issues**: AWS Systems Manager (SSM) Session Manager allows administrators to directly access the operating system of an executing individual through a browser or AWS CLI without the need to manage SSH keys or open Port 22. This perfectly solves the dilemma of teams without SSH keys.
2. **Meet continuous service requirements**: Directly executing commands (such as `aws s3 cp` or `aws s3 sync`) on an existing execution instance does not require restarting the execution instance, so the application can continue to provide services to users.
3. **Permission Management**: By attaching an IAM Role to an EC2 execution instance, you can securely grant it permission to access S3. This is an AWS best practice.

**Why the other options are incorrect:**
* **Option B is incorrect**: The question clearly requires that the application must ""continue to provide services to users."" If the ""reboot"" option is enabled when creating an AMI, it will cause the individual execution to stop, violating business continuity requirements.
* **Option C is incorrect**: Amazon Data Lifecycle Manager (DLM) is a tool used to automate the management of EBS snapshots. Although snapshots are stored in the S3 backend, they are images stored at the block level and cannot be directly accessed or managed in the S3 bucket in the form of ""files"". This does not meet the common legal compliance requirements for backing up data to an S3 bucket.
* **Option D is incorrect**: Although you can choose No-reboot when creating an AMI, the process of starting a new execution instance from the AMI and copying the data is much more complicated than option A, and the data in the newly started execution instance may have a time difference with the currently running execution instance (Data consistency issue). In contrast, Option A is the most straightforward solution and most consistent with AWS best practices.",A,A (52% community votes),一家公司擁有一個對公司業務至關重要的單體式應用程式（monolithic application）。該公司將應用程式託管在執行 Amazon Linux 2 的 Amazon EC2 執行個體上。應用程式團隊收到法律部門的指令，要求將該執行個體加密的 Amazon Elastic Block Store (Amazon EBS) 磁碟卷宗中的資料備份到 Amazon S3 儲存桶。應用程式團隊沒有該執行個體的管理員 SSH 金鑰對。此外，應用程式必須持續為使用者提供服務。哪種解決方案能滿足這些要求？,"A. 為執行個體連接一個具有寫入 Amazon S3 權限的角色（IAM Role）。使用 AWS Systems Manager Session Manager 選項來取得執行個體的存取權，並執行指令將資料複製到 Amazon S3。
B. 在開啟重新啟動（reboot）選項的情況下建立該執行個體的映像檔（AMI）。從該映像檔啟動一個新的 EC2 執行個體。為新執行個體連接一個具有寫入 Amazon S3 權限的角色。執行指令將資料複製到 Amazon S3。
C. 使用 Amazon Data Lifecycle Manager (Amazon DLM) 建立 EBS 磁碟卷宗的快照。將資料複製到 Amazon S3。
D. 建立該執行個體的映像檔（AMI）。從該映像檔啟動一個新的 EC2 執行個體。為新執行個體連接一個具有寫入 Amazon S3 權限的角色。執行指令將資料複製到 Amazon S3。","這道題目的核心挑戰在於：1. 沒有 SSH 金鑰對；2. 應用程式必須保持在線（不能停機）；3. 需要將資料從加密的 EBS 備份到 S3。

**為什麼答案是 A：**
1. **解決 SSH 金鑰問題**：AWS Systems Manager (SSM) Session Manager 允許管理員透過瀏覽器或 AWS CLI 直接進入執行個體的作業系統，而不需要管理 SSH 金鑰或開啟 Port 22。這完美解決了團隊沒有 SSH 金鑰的困境。
2. **滿足持續服務要求**：在現有的執行個體上直接執行指令（如 `aws s3 cp` 或 `aws s3 sync`）不需要重啟執行個體，因此應用程式可以持續為使用者提供服務。
3. **權限管理**：透過附加 IAM Role 給 EC2 執行個體，可以安全地授予其存取 S3 的權限，這是 AWS 的最佳實踐。

**為什麼其他選項不正確：**
*   **選項 B 不正確**：題目明確要求應用程式必須「持續為使用者提供服務」。在建立 AMI 時若開啟「重新啟動（reboot）」選項，會導致執行個體停機，違反了業務連續性的要求。
*   **選項 C 不正確**：Amazon Data Lifecycle Manager (DLM) 是用來自動化管理 EBS 快照（Snapshots）的工具。雖然快照存放在 S3 後端，但它們是以區塊級別（Block-level）儲存的映像，無法直接以「檔案」形式在 S3 儲存桶中被存取或管理，這不符合將資料備份到 S3 儲存桶的常見法律合規要求。
*   **選項 D 不正確**：雖然建立 AMI 時可以選擇不重啟（No-reboot），但從 AMI 啟動新執行個體並複製資料的過程比選項 A 複雜得多，且新啟動的執行個體中的資料可能與當前運行中的執行個體存在時間差（Data consistency issue）。相比之下，選項 A 是最直接、最符合 AWS 最佳實踐的解決方案。"
59,"A solutions architect needs to copy data from an Amazon S3 bucket m an AWS account to a new S3 bucket in a new AWS
account. The solutions architect must implement a solution that uses the AWS CLI.
Which combination of steps will successfully copy the data? (Choose three.)","A. Create a bucket policy to allow the source bucket to list its contents and to put objects and set object ACLs in the
destination bucket. Attach the bucket policy to the destination bucket.
B. Create a bucket policy to allow a user in the destination account to list the source bucket’s contents and read the source
bucket’s objects. Attach the bucket policy to the source bucket.
C. Create an IAM policy in the source account. Configure the policy to allow a user in the source account to list contents
and get objects in the source bucket, and to list contents, put objects, and set object ACLs in the destination bucket. Attach
the policy to the user.
D. Create an IAM policy in the destination account. Configure the policy to allow a user in the destination account to list
contents and get objects in the source bucket, and to list contents, put objects, and set objectACLs in the destination
bucket. Attach the policy to the user.
E. Run the aws s3 sync command as a user in the source account. Specify the source and destination buckets to copy the
data.
F. Run the aws s3 sync command as a user in the destination account. Specify the source and destination buckets to copy
the data.","This is a typical **S3 Cross-Account Copy** scenario. In AWS, cross-account access to S3 resources requires configuring both the ""source-side resource-based policy"" and the ""destination-side identity-based policy"". Although the question requires three choices (the correct combination should be B, D, F), the following is a professional analysis of the core logic of B and D and the errors in other options:

1. **Why is B correct? (Authorization from source)**
    In cross-account access, the source account must explicitly ""trust"" the external account. By attaching a bucket policy (Bucket Policy) to the **source bucket**, authorize the IAM user of the destination account so that the user can read data across account boundaries. Without this step, users of the destination account will be Access Denied.

2. **Why is D correct? (Execution side authorization)**
    The IAM user (in the destination account) performing the copy operation must have permissions in both directions. The user's **IAM policy** must also contain:
    * Read access to the ""source bucket"" (`s3:ListBucket`, `s3:GetObject`).
    * Write access to the ""destination bucket"" (`s3:PutObject`, `s3:PutObjectAcl`).
    This ensures that the user has the authority to take data from one party and put it into another party.

3. **Why is F also necessary? (Executive identity)**
    Best practice is for aws s3 sync to be initiated by the user of the destination account. The advantage of this is that the object owner copied to the new bucket will automatically belong to the destination account, avoiding complex cross-account object ownership issues.

**Why the other options are incorrect:**
* **A Error**: The destination bucket policy is mainly used to restrict who can access it, but it does not give the user permission to read the ""another account"" source bucket.
* **C Error**: If an IAM policy is created in the source account and enforced by the source user, the destination bucket must also be configured with a complex policy to receive objects. More importantly, the owner of the copied objects will still be the source account, resulting in the destination account not being able to fully control these objects.
* **E Error**: Same as C, executing as the source account is not the best practice for cross-account replication, and may cause object ownership issues.",BD,BD (PDF answer),一位解決方案架構師需要將 Amazon S3 儲存桶中的數據從一個 AWS 帳戶複製到另一個新 AWS 帳戶中的新 S3 儲存桶。該架構師必須實施一個使用 AWS CLI 的解決方案。哪三個步驟的組合可以成功複製數據？（選擇三項。）,"A. 建立儲存桶策略，允許來源儲存桶列出其內容，並在目的地儲存桶中放置物件與設定物件 ACL。將此策略附加到目的地儲存桶。
B. 建立儲存桶策略，允許目的地帳戶中的使用者列出來源儲存桶的內容並讀取其物件。將此策略附加到來源儲存桶。
C. 在來源帳戶中建立 IAM 策略。設定該策略以允許來源帳戶中的使用者列出來源儲存桶的內容並獲取物件，以及在目的地儲存桶中列出內容、放置物件與設定物件 ACL。將此策略附加到該使用者。
D. 在目的地帳戶中建立 IAM 策略。設定該策略以允許目的地帳戶中的使用者列出來源儲存桶的內容並獲取物件，以及在目的地儲存桶中列出內容、放置物件與設定物件 ACL。將此策略附加到該使用者。
E. 以來源帳戶使用者的身份執行 `aws s3 sync` 命令。指定來源和目的地儲存桶以複製數據。
F. 以目的地帳戶使用者的身份執行 `aws s3 sync` 命令。指定來源和目的地儲存桶以複製數據。","這是一個典型的 **S3 跨帳戶複製 (Cross-Account Copy)** 場景。在 AWS 中，跨帳戶存取 S3 資源需要同時配置「來源端的資源基礎策略」與「目的地端的身份基礎策略」。雖然題目要求選擇三項（正確組合應為 B、D、F），以下針對 B 與 D 的核心邏輯以及其他選項的錯誤進行專業解析：

1.  **為什麼 B 是正確的？ (來源端授權)**
    在跨帳戶存取中，來源帳戶必須明確「信任」外部帳戶。透過在**來源儲存桶**附加儲存桶策略 (Bucket Policy)，授權給目的地帳戶的 IAM 使用者，該使用者才能跨越帳戶邊界讀取數據。沒有這一步，目的地帳戶的使用者會被 Access Denied。

2.  **為什麼 D 是正確的？ (執行端授權)**
    執行複製操作的 IAM 使用者（位於目的地帳戶）必須具備雙向權限。該使用者的 **IAM 策略**必須同時包含：
    *   對「來源儲存桶」的讀取權限 (`s3:ListBucket`, `s3:GetObject`)。
    *   對「目的地儲存桶」的寫入權限 (`s3:PutObject`, `s3:PutObjectAcl`)。
    這確保了該使用者有權從一方拿取數據並放入另一方。

3.  **為什麼 F 也是必要的？ (執行身份)**
    最佳實踐是由**目的地帳戶**的使用者發起 `aws s3 sync`。這樣做的好處是，複製到新儲存桶的物件擁有者 (Object Owner) 會自動歸屬於目的地帳戶，避免了複雜的跨帳戶物件所有權問題。

**其他選項為何不正確：**
*   **A 錯誤**：目的地儲存桶策略主要用於限制誰能存取它，但無法賦予使用者去讀取「另一個帳戶」來源儲存桶的權限。
*   **C 錯誤**：如果在來源帳戶建立 IAM 策略並由來源使用者執行，則目的地儲存桶也必須配置複雜的策略來接收物件。更重要的是，這樣複製過去的物件，其擁有者仍會是來源帳戶，導致目的地帳戶無法完全控制這些物件。
*   **E 錯誤**：同 C，以來源帳戶身份執行並非跨帳戶複製的最佳實踐，會產生物件所有權歸屬問題。"
60,"A company built an application based on AWS Lambda deployed in an AWS CloudFormation stack. The last production release
of the web application introduced an issue that resulted in an outage lasting several minutes. A solutions architect must adjust
the deployment process to support a canary release.
Which solution will meet these requirements?","A. Create an alias for every new deployed version of the Lambda function. Use the AWS CLI update-alias command with the
routing-config parameter to distribute the load.
B. Deploy the application into a new CloudFormation stack. Use an Amazon Route 53 weighted routing policy to distribute
the load.
C. Create a version for every new deployed Lambda function. Use the AWS CLI update-function-configuration command with
the routing-config parameter to distribute the load.
D. Configure AWS CodeDeploy and use CodeDeployDefault.OneAtATime in the Deployment configuration to distribute the
load.","The core requirement of this question is to implement Canary release (canary release) in the AWS Lambda environment to reduce deployment risks.

1. **Why the answer is A:**
AWS Lambda supports traffic shifting through ""Alias"". When you create an alias for your Lambda function, you can use the `routing-config` parameter to specify two different versions and assign the weight of traffic each receives (for example: 90% of the traffic to the old version, 10% of the traffic to the new version). This is the most straightforward, native, and cost-effective way to implement Lambda Canary publishing.

2. **Why the other options are incorrect:**
* **Option B is incorrect:** Although Route 53's weighted routing can distribute traffic, setting up a new CloudFormation stack is too cumbersome and complex to manage for Lambda function-level deployment, and Route 53's DNS cache may cause traffic switching to be less than instantaneous, making it unsuitable for micro-control of function versions.
* **Option C is incorrect:** The `update-function-configuration` command is used to modify the configuration of the Lambda function (such as memory, timeout, environment variables, etc.), and it does not have the `routing-config` parameter. The traffic transfer function is an attribute of ""Alias"", not ""Function Configuration"".
* **Option D is incorrect:** `CodeDeployDefault.OneAtATime` is a deployment strategy for EC2 or local servers that represents updating instances one by one. For Lambda, CodeDeploy can indeed implement canary deployment (for example, using `LambdaCanary10Percent5Minutes`), but `OneAtATime` is not Lambda's canary strategy, and in the Lambda environment, traffic switching is implemented through alias weights instead of replacing instances one by one.",A,A (98% community votes),一家公司在 AWS CloudFormation 堆疊中部署了基於 AWS Lambda 的應用程式。該 Web 應用程式的上一次生產環境發布引入了一個問題，導致系統停機數分鐘。解決方案架構師必須調整部署流程以支援 Canary 發布（金絲雀發布）。哪種解決方案能滿足這些要求？,"A. 為每個新部署的 Lambda 函數版本建立別名（Alias）。使用 AWS CLI 的 update-alias 命令並搭配 routing-config 參數來分配流量負載。
B. 將應用程式部署到新的 CloudFormation 堆疊中。使用 Amazon Route 53 的加權路由策略（Weighted routing policy）來分配流量負載。
C. 為每個新部署的 Lambda 函數建立版本。使用 AWS CLI 的 update-function-configuration 命令並搭配 routing-config 參數來分配流量負載。
D. 設定 AWS CodeDeploy 並在部署設定中使用 CodeDeployDefault.OneAtATime 來分配流量負載。","本題的核心需求是在 AWS Lambda 環境中實現 Canary 發布（金絲雀發布），以降低部署風險。

1. **為什麼答案是 A：**
AWS Lambda 支援透過「別名（Alias）」進行流量轉移（Traffic Shifting）。當你為 Lambda 函數建立別名時，可以使用 `routing-config` 參數來指定兩個不同的版本，並分配各自接收流量的權重（例如：90% 流量到舊版本，10% 流量到新版本）。這是實現 Lambda Canary 發布最直接且原生且符合成本效益的方法。

2. **為什麼其他選項不正確：**
* **選項 B 不正確：** 雖然 Route 53 的加權路由可以分配流量，但針對 Lambda 函數級別的部署，建立全新的 CloudFormation 堆疊過於笨重且管理複雜，且 Route 53 的 DNS 快取可能會導致流量切換不夠即時，不適合用於函數版本的微觀控制。
* **選項 C 不正確：** `update-function-configuration` 命令是用來修改 Lambda 函數的配置（如記憶體、逾時、環境變數等），它並不具備 `routing-config` 參數。流量轉移功能是屬於「別名（Alias）」的屬性，而非「函數配置」。
* **選項 D 不正確：** `CodeDeployDefault.OneAtATime` 是用於 EC2 或地端伺服器的部署策略，代表逐一更新實例。對於 Lambda，CodeDeploy 確實可以實現 Canary 部署（例如使用 `LambdaCanary10Percent5Minutes`），但 `OneAtATime` 並非 Lambda 的 Canary 策略，且在 Lambda 環境中，流量切換是透過別名權重實現的，而非逐一替換實例。"
61,"A finance company hosts a data lake in Amazon S3. The company receives financial data records over SFTP each night from
several third parties. The company runs its own SFTP server on an Amazon EC2 instance in a public subnet of a VPC. After the
files are uploaded, they are moved to the data lake by a cron job that runs on the same instance. The SFTP server is reachable
on DNS sftp.example.com through the use of Amazon Route 53.
What should a solutions architect do to improve the reliability and scalability of the SFTP solution?","A. Move the EC2 instance into an Auto Scaling group. Place the EC2 instance behind an Application Load Balancer (ALB).
Update the DNS record sftp.example.com in Route 53 to point to the ALB.
B. Migrate the SFTP server to AWS Transfer for SFTP. Update the DNS record sftp.example.com in Route 53 to point to the
server endpoint hostname.
C. Migrate the SFTP server to a file gateway in AWS Storage Gateway. Update the DNS record sftp.example.com in Route 53
to point to the file gateway endpoint.
D. Place the EC2 instance behind a Network Load Balancer (NLB). Update the DNS record sftp.example.com in Route 53 to
point to the NLB.","The best answer to this question is B, mainly because of AWS's ""responsibility transfer"" and ""fully managed service"" principles.

1. **Why choose B (AWS Transfer for SFTP)**:
   - **Fully Managed Service**: AWS Transfer Family (formerly AWS Transfer for SFTP) is a fully managed service from AWS designed to handle SFTP, FTPS, and FTP transfers. It automatically handles the scalability and high availability of the underlying architecture without the need to maintain EC2 execution instances.
   - **Native S3 integration**: This service can store uploaded files directly in Amazon S3, which eliminates the original need to run cron jobs on EC2 to move files, greatly simplifying the architecture and improving reliability.
   - **Simplified Management**: Easily achieve seamless migrations by pointing DNS to AWS Transfer's endpoints.

2. **Why the other options are incorrect**:
   - **Option A is incorrect**: Application Load Balancer (ALB) is a layer 7 load balancer that primarily supports HTTP/HTTPS protocols. SFTP is based on the SSH protocol (Layer 4 TCP), and ALB does not support the SFTP protocol.
   - **Option C is incorrect**: The File Gateway of AWS Storage Gateway is mainly used to allow local applications to access S3 cloud storage through NFS or SMB protocols. Although it now also supports the SFTP interface, it was originally designed as a hybrid cloud storage bridge, not as a highly scalable public network SFTP server solution for multiple third parties.
   - **Option D is incorrect**: Although Network Load Balancer (NLB) supports the TCP protocol (which can be used for SFTP), this approach still requires the architect to manage the EC2 instances, operating system patching, SFTP software installation, and cron jobs responsible for moving files. This is far inferior to the fully managed service of option B in terms of reliability and operational efficiency.",B,B (100% community votes),一家金融公司在 Amazon S3 中託管了一個數據湖。該公司每晚透過 SFTP 從多家第三方接收財務數據記錄。目前，該公司在 VPC 公有子網中的 Amazon EC2 執行個體上運行自己的 SFTP 伺服器。文件上傳後，由運行在同一執行個體上的 cron 作業將其移動到數據湖。該 SFTP 伺服器透過 Amazon Route 53 的 DNS 名稱 sftp.example.com 進行存取。解決方案架構師應該採取什麼行動來提高此 SFTP 解決方案的可靠性和擴展性？,"A. 將 EC2 執行個體移至 Auto Scaling 群組中。將 EC2 執行個體置於 Application Load Balancer (ALB) 後方。更新 Route 53 中的 DNS 記錄 sftp.example.com 以指向 ALB。
B. 將 SFTP 伺服器遷移至 AWS Transfer for SFTP。更新 Route 53 中的 DNS 記錄 sftp.example.com 以指向伺服器端點主機名稱。
C. 將 SFTP 伺服器遷移至 AWS Storage Gateway 中的檔案閘道 (File Gateway)。更新 Route 53 中的 DNS 記錄 sftp.example.com 以指向檔案閘道端點。
D. 將 EC2 執行個體置於 Network Load Balancer (NLB) 後方。更新 Route 53 中的 DNS 記錄 sftp.example.com 以指向 NLB。","本題的最佳答案是 B，主要原因在於 AWS 的「責任轉移」與「全託管服務」原則。

1. **為什麼選擇 B (AWS Transfer for SFTP)**：
   - **全託管服務**：AWS Transfer Family (原 AWS Transfer for SFTP) 是 AWS 提供的全託管服務，專門用於處理 SFTP、FTPS 和 FTP 傳輸。它會自動處理底層架構的擴展性 (Scalability) 與高可用性 (High Availability)，無需維護 EC2 執行個體。
   - **原生整合 S3**：該服務可以直接將上傳的文件存儲在 Amazon S3 中，這消除了原本在 EC2 上運行 cron 作業來搬移文件的需求，大幅簡化了架構並提高了可靠性。
   - **簡化管理**：透過將 DNS 指向 AWS Transfer 的端點，可以輕鬆實現無縫遷移。

2. **為什麼其他選項不正確**：
   - **選項 A 不正確**：Application Load Balancer (ALB) 是第 7 層負載平衡器，主要支援 HTTP/HTTPS 協定。SFTP 基於 SSH 協定（第 4 層 TCP），ALB 並不支援 SFTP 協定。
   - **選項 C 不正確**：AWS Storage Gateway 的檔案閘道 (File Gateway) 主要用於讓地端應用程式透過 NFS 或 SMB 協定存取 S3 雲端存儲。雖然它現在也支援 SFTP 介面，但其設計初衷是作為混合雲存儲橋樑，而非作為面向多個第三方、具備高擴展性的公網 SFTP 伺服器解決方案。
   - **選項 D 不正確**：雖然 Network Load Balancer (NLB) 支援 TCP 協定（可用於 SFTP），但這種做法仍要求架構師自行管理 EC2 執行個體、作業系統修補、SFTP 軟體安裝以及負責搬移文件的 cron 作業。這在可靠性和運維效率上遠不如 B 選項的全託管服務。"
62,"A company wants to migrate an application to Amazon EC2 from VMware Infrastructure that runs in an on-premises data
center. A solutions architect must preserve the software and configuration settings during the migration.
What should the solutions architect do to meet these requirements?","A. Configure the AWS DataSync agent to start replicating the data store to Amazon FSx for Windows File Server. Use the
SMB share to host the VMware data store. Use VM Import/Export to move the VMs to Amazon EC2.
B. Use the VMware vSphere client to export the application as an image in Open Virtualization Format (OVF) format. Create
an Amazon S3 bucket to store the image in the destination AWS Region. Create and apply an IAM role for VM Import. Use
the AWS CLI to run the EC2 import command.
C. Configure AWS Storage Gateway for files service to export a Common Internet File System (CIFS) share. Create a backup
copy to the shared folder. Sign in to the AWS Management Console and create an AMI from the backup copy. Launch an
EC2 instance that is based on the AMI.
D. Create a managed-instance activation for a hybrid environment in AWS Systems Manager. Download and install Systems
Manager Agent on the on-premises VM. Register the VM with Systems Manager to be a managed instance. Use AWS
Backup to create a snapshot of the VM and create an AMI. Launch an EC2 instance that is based on the AMI.","This question examines how to migrate an on-premises virtual machine (VM) to AWS while retaining its complete operating system and software configuration.

**Why the answer is B:**
AWS **VM Import/Export** is a service designed to migrate existing virtual machine images from on-premises environments to Amazon EC2 execution instances. Its standard operating procedures are as follows:
1. **Export image file:** Export from VMware vSphere to industry standard format (such as OVF, OVA or VMDK).
2. **Upload to S3:** Store the image file in an Amazon S3 bucket as a transition.
3. **Set permissions:** Create a dedicated IAM role named `vmimport` to authorize the service to access S3 and create EC2 resources.
4. **Execute the import:** Use an AWS CLI command (such as `aws ec2 import-image`) to convert the image file in S3 to an Amazon Machine Image (AMI), and then launch the EC2 instance from the AMI.
This method can completely retain the original software and configuration settings and meet the requirements of the question.

**Why the other options are incorrect:**
* **Option A:** AWS DataSync is primarily intended for migrating file system or object data (such as to S3, EFS, or FSx) rather than converting an entire virtual machine image into an executable EC2 instance. Additionally, FSx is not a standard source for VM Import.
* **Option C:** AWS Storage Gateway (File Gateway) is used to provide local applications with access to cloud storage space. Although it is possible to store backups on a CIFS share, the AWS Management Console cannot directly convert ""backup files"" stored on CIFS/S3 directly to AMIs.
* **Option D:** The managed instances feature of AWS Systems Manager (SSM) is for managing, patching, or configuring local servers, not for migration. AWS Backup currently cannot directly take snapshots of virtual machines in local non-AWS environments and directly generate EC2 AMIs.",B,B (100% community votes),一家公司希望將應用程式從運行於地端資料中心的 VMware 基礎架構遷移到 Amazon EC2。解決方案架構師必須在遷移過程中保留軟體和組態設定。為滿足這些要求，解決方案架構師應該怎麼做？,"A. 設定 AWS DataSync 代理程式，開始將資料存放區複寫到 Amazon FSx for Windows File Server。使用 SMB 共用來裝載 VMware 資料存放區。使用 VM Import/Export 將虛擬機器 (VM) 移至 Amazon EC2。
B. 使用 VMware vSphere 用戶端將應用程式匯出為開放虛擬化格式 (OVF) 的映像檔。在目標 AWS 區域建立一個 Amazon S3 儲存桶來存放該映像檔。建立並套用用於 VM Import 的 IAM 角色。使用 AWS CLI 執行 EC2 匯入命令。
C. 設定 AWS Storage Gateway 檔案服務以匯出通用網際網路檔案系統 (CIFS) 共用。將備份副本建立到該共用資料夾。登入 AWS 管理主控台並從該備份副本建立 AMI。啟動一個基於該 AMI 的 EC2 執行個體。
D. 在 AWS Systems Manager 中為混合環境建立受管執行個體啟用 (managed-instance activation)。在地端虛擬機器上下載並安裝 Systems Manager 代理程式。將該虛擬機器註冊到 Systems Manager 以成為受管執行個體。使用 AWS Backup 建立虛擬機器的快照並建立 AMI。啟動一個基於該 AMI 的 EC2 執行個體。","這題考查的是如何將地端虛擬機器 (VM) 遷移至 AWS 並保留其完整的作業系統與軟體組態。

**為什麼答案是 B：**
AWS **VM Import/Export** 是一項專門用於將現有的虛擬機器映像從地端環境遷移到 Amazon EC2 執行個體的服務。其標準作業流程如下：
1. **匯出映像檔：** 從 VMware vSphere 匯出為業界標準格式（如 OVF、OVA 或 VMDK）。
2. **上傳至 S3：** 將映像檔存放在 Amazon S3 儲存桶中作為過渡。
3. **設定權限：** 建立名為 `vmimport` 的專用 IAM 角色，授權服務存取 S3 並建立 EC2 資源。
4. **執行匯入：** 使用 AWS CLI 命令（如 `aws ec2 import-image`）將 S3 中的映像檔轉換為 Amazon 機器映像 (AMI)，隨後即可從該 AMI 啟動 EC2 執行個體。
此方法能完整保留原有的軟體與組態設定，符合題目需求。

**為什麼其他選項不正確：**
*   **選項 A：** AWS DataSync 主要用於遷移檔案系統或物件資料（如遷移至 S3、EFS 或 FSx），而非用於將整個虛擬機器映像轉換為可執行的 EC2 執行個體。此外，FSx 並非 VM Import 的標準來源。
*   **選項 C：** AWS Storage Gateway (File Gateway) 用於提供地端應用程式存取雲端儲存空間。雖然可以將備份存放在 CIFS 共用中，但 AWS 管理主控台無法直接將存放在 CIFS/S3 上的「備份檔案」直接轉換為 AMI。
*   **選項 D：** AWS Systems Manager (SSM) 的受管執行個體功能是用於管理、修補或設定地端伺服器，而非用於遷移。AWS Backup 目前無法直接對地端非 AWS 環境的虛擬機器進行快照並直接產出 EC2 AMI。"
63,"A video processing company has an application that downloads images from an Amazon S3 bucket, processes the images,
stores a transformed image in a second S3 bucket, and updates metadata about the image in an Amazon DynamoDB table. The
application is written in Node.js and runs by using an AWS Lambda function. The Lambda function is invoked when a new
image is uploaded to Amazon S3.
The application ran without incident for a while. However, the size of the images has grown significantly. The Lambda function
is now failing frequently with timeout errors. The function timeout is set to its maximum value. A solutions architect needs to
refactor the application’s architecture to prevent invocation failures. The company does not want to manage the underlying
infrastructure.
Which combination of steps should the solutions architect take to meet these requirements? (Choose two.)","A. Modify the application deployment by building a Docker image that contains the application code. Publish the image to
Amazon Elastic Container Registry (Amazon ECR).
B. Create a new Amazon Elastic Container Service (Amazon ECS) task definition with a compatibility type of AWS Fargate.
Configure the task definition to use the new image in Amazon Elastic Container Registry (Amazon ECR). Adjust the Lambda
function to invoke an ECS task by using the ECS task definition when a new file arrives in Amazon S3.
C. Create an AWS Step Functions state machine with a Parallel state to invoke the Lambda function. Increase the
provisioned concurrency of the Lambda function.
D. Create a new Amazon Elastic Container Service (Amazon ECS) task definition with a compatibility type of Amazon EC2.
Configure the task definition to use the new image in Amazon Elastic Container Registry (Amazon ECR). Adjust the Lambda
function to invoke an ECS task by using the ECS task definition when a new file arrives in Amazon S3.
E. Modify the application to store images on Amazon Elastic File System (Amazon EFS) and to store metadata on an
Amazon RDS DB instance. Adjust the Lambda function to mount the EFS file share.","The core challenge of this question lies in the 15-minute execution time limit (Timeout) of AWS Lambda. When the time required to process large images exceeds this limit, the workload must be migrated to a compute service that is not subject to this time limit.

1. **Why choose A vs. B:**
   - **Resolving timeout issues:** Amazon ECS tasks do not have a hard 15-minute execution limit like Lambda, making them ideal for long-running processing tasks.
   - **Meet the ""no management infrastructure"" requirement:** Option B specifies the use of **AWS Fargate**. Fargate is a serverless container computing engine. Users do not need to manage underlying EC2 execution entities, patches or server deployments, which fully meets the requirements of the problem.
   - **Architecture Refactoring:** Option A: Encapsulate the original Node.js code into a Docker image file and upload it to ECR. This is a standard step for migrating to a containerized environment (ECS). Finally, Lambda is used as a trigger to call the `RunTask` API to start the ECS Fargate task when the S3 upload event occurs.

2. **Why the other options are incorrect:**
   - **Option C is incorrect:** Although AWS Step Functions can orchestrate workflows, Step Functions cannot resolve timeouts if the underlying Lambda function itself takes longer than 15 minutes to process large files. In addition, reserved parallel processing capacity (Provisioned Concurrency) is used to solve the cold start (Cold Start) problem rather than extending the execution time limit.
   - **Option D is incorrect:** Although ECS with the EC2 startup type can solve the timeout problem, **EC2 requires users to manage the underlying infrastructure themselves** (such as performing individual maintenance, scaling, and updates), which violates the restriction in the question that ""the company does not want to manage the underlying infrastructure.""
   - **Option E is incorrect:** Changing the storage medium to EFS or RDS does not resolve the execution time constraints of the Lambda function itself. The problem is that the ""process"" is taking too long, not insufficient storage space or database performance issues.",AB,AB (PDF answer),一家影片處理公司有一個應用程式，會從 Amazon S3 儲存桶下載圖片、處理圖片、將轉換後的圖片儲存到第二個 S3 儲存桶，並更新 Amazon DynamoDB 資料表中的圖片中繼資料。該應用程式使用 Node.js 編寫，並透過 AWS Lambda 函數運行。當新圖片上傳到 Amazon S3 時，會觸發 Lambda 函數。該應用程式運行了一段時間沒有問題，然而，隨著圖片的大小顯著增加，Lambda 函數現在經常因逾時錯誤（timeout errors）而失敗。函數逾時已設定為最大值。解決方案架構師需要重構應用程式架構以防止調用失敗，且公司不想管理底層基礎設施。請問解決方案架構師應該採取哪兩個步驟的組合來滿足這些要求？（選擇兩項）,"A. 透過建立包含應用程式程式碼的 Docker 映像檔來修改應用程式部署。將映像檔發布到 Amazon Elastic Container Registry (Amazon ECR)。
B. 建立一個啟動類型為 AWS Fargate 的新 Amazon Elastic Container Service (Amazon ECS) 任務定義。設定該任務定義使用 Amazon ECR 中的新映像檔。調整 Lambda 函數，使其在 Amazon S3 有新檔案到達時，透過該 ECS 任務定義來啟動 ECS 任務。
C. 建立一個具有平行（Parallel）狀態的 AWS Step Functions 狀態機來調用 Lambda 函數。增加 Lambda 函數的預留並行處理能力（provisioned concurrency）。
D. 建立一個啟動類型為 Amazon EC2 的新 Amazon Elastic Container Service (Amazon ECS) 任務定義。設定該任務定義使用 Amazon ECR 中的新映像檔。調整 Lambda 函數，使其在 Amazon S3 有新檔案到達時，透過該 ECS 任務定義來啟動 ECS 任務。
E. 修改應用程式將圖片儲存在 Amazon Elastic File System (Amazon EFS)，並將中繼資料儲存在 Amazon RDS 資料庫執行個體。調整 Lambda 函數以掛載 EFS 檔案共用。","本題的核心挑戰在於 **AWS Lambda 的 15 分鐘執行時間限制（Timeout）**。當處理大型圖片所需的時間超過此限制時，必須將工作負載遷移至不受此時間限制的運算服務。

1. **為什麼選擇 A 與 B：**
   - **解決逾時問題：** Amazon ECS 任務沒有像 Lambda 那樣的 15 分鐘硬性執行限制，非常適合長時間運行的處理任務。
   - **符合「不管理基礎設施」需求：** 選項 B 指定使用 **AWS Fargate**。Fargate 是一種無伺服器（Serverless）的容器運算引擎，使用者無需管理底層的 EC2 執行個體、修補程式或伺服器佈署，完全符合題目要求。
   - **架構重構：** 選項 A 將原有的 Node.js 程式碼封裝成 Docker 映像檔並上傳至 ECR，這是遷移至容器化環境（ECS）的標準步驟。最後透過 Lambda 作為觸發器（Trigger），在 S3 上傳事件發生時調用 `RunTask` API 來啟動 ECS Fargate 任務。

2. **為什麼其他選項不正確：**
   - **選項 C 不正確：** AWS Step Functions 雖然可以編排工作流，但如果底層的 Lambda 函數本身因處理大型檔案而超過 15 分鐘，Step Functions 也無法解決逾時問題。此外，預留並行處理能力（Provisioned Concurrency）是用來解決冷啟動（Cold Start）問題，而非延長執行時間限制。
   - **選項 D 不正確：** 雖然 ECS 搭配 EC2 啟動類型可以解決逾時問題，但 **EC2 要求使用者自行管理底層基礎設施**（如執行個體的維護、縮放與更新），這違反了題目中「公司不想管理底層基礎設施」的限制。
   - **選項 E 不正確：** 將儲存媒介更改為 EFS 或 RDS 並不能解決 Lambda 函數本身的執行時間限制。問題出在「處理過程」太長，而非儲存空間不足或資料庫效能問題。"
64,"A company has an organization in AWS Organizations. The company is using AWS Control Tower to deploy a landing zone for
the organization. The company wants to implement governance and policy enforcement. The company must implement a policy
that will detect Amazon RDS DB instances that are not encrypted at rest in the company’s production OU.
Which solution will meet this requirement?","A. Turn on mandatory guardrails in AWS Control Tower. Apply the mandatory guardrails to the production OU.
B. Enable the appropriate guardrail from the list of strongly recommended guardrails in AWS Control Tower. Apply the
guardrail to the production OU.
C. Use AWS Config to create a new mandatory guardrail. Apply the rule to all accounts in the production OU.
D. Create a custom SCP in AWS Control Tower. Apply the SCP to the production OU.","The core requirement of this question is to ""detect"" unencrypted RDS execution individuals in the production environment. In AWS Control Tower, Guardrails (now called Controls) are predefined governance rules that are divided into three categories: mandatory, strongly recommended, and optional.

1. **Why B:** AWS Control Tower provides a set of pre-configured Strongly Recommended Guardrails, including detective guardrails specifically designed to detect whether RDS encryption at rest is enabled (for example: `Detect whether storage encryption is enabled for Amazon RDS DB instances`). By enabling this guardrail and applying it to the production OU, companies can easily meet compliance detection requirements.

2. **Why A is incorrect:** Mandatory Guardrails are enabled by default when establishing a landing zone, and are mainly used to ensure the operation of Control Tower itself (for example, preventing the deletion of log archives). Detecting RDS encryption does not fall into the ""mandatory"" category, but into the ""strongly recommended"" category.

3. **Why C is incorrect:** Although the bottom layer of Control Tower's detective guardrails does use AWS Config rules to operate, the ""mandatory guardrails"" are predefined by AWS, and users cannot create a ""new mandatory guardrail"" through AWS Config. The description of this option is incorrect under Control Tower's architectural logic.

4. **Why D is incorrect:** Service Control Policy (SCP) is a ""preventive"" control. Its function is to ""forbid"" certain operations (such as prohibiting the creation of unencrypted RDS), rather than ""detect"" the status of existing resources. The question clearly requires ""Detecting"" existing non-compliant resources, so detection guardrails should be used instead of SCPs.",B,B (93% community votes),一家公司在 AWS Organizations 中擁有一個組織。該公司正在使用 AWS Control Tower 為該組織部署落地區 (Landing Zone)。該公司希望實施治理和政策執行。公司必須實施一項政策，用以偵測其生產組織單位 (Production OU) 中未進行靜態加密 (Encrypted at rest) 的 Amazon RDS 資料庫執行個體。哪種解決方案能滿足此要求？,"A. 在 AWS Control Tower 中開啟強制性護欄 (Mandatory guardrails)。將強制性護欄套用至生產 OU。
B. 從 AWS Control Tower 的強烈建議護欄 (Strongly recommended guardrails) 清單中啟用適當的護欄。將該護欄套用至生產 OU。
C. 使用 AWS Config 建立一個新的強制性護欄。將該規則套用至生產 OU 中的所有帳戶。
D. 在 AWS Control Tower 中建立自訂服務控制政策 (SCP)。將該 SCP 套用至生產 OU。","本題的核心需求是「偵測」(Detect) 生產環境中未加密的 RDS 執行個體。在 AWS Control Tower 中，護欄 (Guardrails，現稱為 Controls) 是預先定義好的治理規則，分為強制性、強烈建議與選用三種類別。

1. **為什麼選擇 B：** AWS Control Tower 提供了一系列預先設定好的「強烈建議護欄」(Strongly Recommended Guardrails)，其中包含專門用於偵測 RDS 是否啟用靜態加密的偵測性護欄（例如：`Detect whether storage encryption is enabled for Amazon RDS DB instances`）。透過啟用此護欄並將其套用至生產 OU，公司可以輕鬆達成合規性偵測的要求。

2. **為什麼 A 不正確：** 強制性護欄 (Mandatory Guardrails) 是在建立落地區時預設啟用的，主要用於確保 Control Tower 自身的運作（例如防止刪除日誌封存檔）。偵測 RDS 加密並非屬於「強制性」類別，而是屬於「強烈建議」類別。

3. **為什麼 C 不正確：** 雖然 Control Tower 的偵測性護欄底層確實是使用 AWS Config 規則來運作，但「強制性護欄」是由 AWS 預先定義的，使用者無法透過 AWS Config 自行建立一個「新的強制性護欄」。此選項的描述在 Control Tower 的架構邏輯下是不正確的。

4. **為什麼 D 不正確：** 服務控制政策 (SCP) 屬於「預防性」(Preventive) 控制，其作用是「禁止」某些操作（例如禁止建立未加密的 RDS），而非「偵測」已存在的資源狀態。題目明確要求「偵測」(Detect) 現有的不合規資源，因此應使用偵測性護欄而非 SCP。"
65,"A startup company hosts a fleet of Amazon EC2 instances in private subnets using the latest Amazon Linux 2 AMI. The
company’s engineers rely heavily on SSH access to the instances for troubleshooting.
The company’s existing architecture includes the following:
• A VPC with private and public subnets, and a NAT gateway.
• Site-to-Site VPN for connectivity with the on-premises environment.
• EC2 security groups with direct SSH access from the on-premises environment.
The company needs to increase security controls around SSH access and provide auditing of commands run by the engineers.
Which strategy should a solutions architect use?","A. Install and configure EC2 Instance Connect on the fleet of EC2 instances. Remove all security group rules attached to
EC2 instances that allow inbound TCP on port 22. Advise the engineers to remotely access the instances by using the EC2
Instance Connect CLI.
B. Update the EC2 security groups to only allow inbound TCP on port 22 to the IP addresses of the engineer’s devices.
Install the Amazon CloudWatch agent on all EC2 instances and send operating system audit logs to CloudWatch Logs.
C. Update the EC2 security groups to only allow inbound TCP on port 22 to the IP addresses of the engineer’s devices.
Enable AWS Config for EC2 security group resource changes. Enable AWS Firewall Manager and apply a security group
policy that automatically remediates changes to rules.
D. Create an IAM role with the AmazonSSMManagedInstanceCore managed policy attached. Attach the IAM role to all the
EC2 instances. Remove all security group rules attached to the EC2 instances that allow inbound TCP on port 22. Have the
engineers install the AWS Systems Manager Session Manager plugin for their devices and remotely access the instances
by using the start-session API call from Systems Manager.","The correct answer to this question is **D**.

**Why choose D:**
1. **Maximized Security:** AWS Systems Manager (SSM) Session Manager allows users to manage instances without opening security group port 22 (SSH). This eliminates potential attack vectors and eliminates the need to maintain a bastion host.
2. **Authentication and Authorization:** Through IAM roles and policies (`AmazonSSMManagedInstanceCore`), you can precisely control who can access which instances, which is more secure and easier to manage than managing SSH keys or IP whitelists.
3. **Command audit function:** Session Manager natively supports logging all session activities (including every command entered by engineers and its output) to Amazon CloudWatch Logs or Amazon S3. This fully meets the requirement of ""providing the audit function for engineers to execute instructions"" in the title.
4. **Environment compatibility:** Amazon Linux 2 has SSM Agent pre-installed, and the question mentions a NAT gateway, which ensures that execution individuals in the private subnet can communicate with the SSM service endpoint.

**Why the other options are incorrect:**
* **Option A is incorrect:** While EC2 Instance Connect simplifies SSH key management, it **still requires** port 22 to be opened in the security group. Additionally, it does not natively provide command-level audit logging as detailed as Session Manager.
* **Option B is incorrect:** Although limiting the IP to engineer devices narrows the scope, port 22 still needs to be opened. In addition, the configuration of sending operating system logs through CloudWatch Agent to achieve ""command auditing"" is very cumbersome and is not as straightforward and complete as the built-in functions of Session Manager.
* **Option C is incorrect:** This option focuses on security group compliance and automatic remediation, does not address the need for ""command auditing"" at all, and still retains the risk of port 22.",D,D (91% community votes),一家新創公司在私有子網路中託管了一群使用最新 Amazon Linux 2 AMI 的 Amazon EC2 執行個體。該公司的工程師高度依賴 SSH 存取執行個體來進行故障排除。該公司現有的架構包括：一個包含私有與公有子網路的 VPC，以及一個 NAT 閘道；用於與地端環境連線的 Site-to-Site VPN；以及允許從地端環境直接進行 SSH 存取的 EC2 安全群組。該公司需要加強 SSH 存取的安全性控制，並提供工程師執行指令的稽核功能。解決方案架構師應該使用哪種策略？,"A. 在 EC2 執行個體群中安裝並設定 EC2 Instance Connect。移除所有附加到 EC2 執行個體且允許連接埠 22 入站 TCP 的安全群組規則。建議工程師使用 EC2 Instance Connect CLI 遠端存取執行個體。
B. 更新 EC2 安全群組，僅允許連接埠 22 的入站 TCP 存取工程師裝置的 IP 位址。在所有 EC2 執行個體上安裝 Amazon CloudWatch 代理程式，並將作業系統稽核日誌傳送到 CloudWatch Logs。
C. 更新 EC2 安全群組，僅允許連接埠 22 的入站 TCP 存取工程師裝置的 IP 位址。針對 EC2 安全群組資源變更啟用 AWS Config。啟用 AWS Firewall Manager 並套用安全群組策略，以自動修復規則變更。
D. 建立一個附加了 AmazonSSMManagedInstanceCore 受管政策的 IAM 角色。將該 IAM 角色連接到所有 EC2 執行個體。移除所有附加到 EC2 執行個體且允許連接埠 22 入站 TCP 的安全群組規則。讓工程師在他們的裝置上安裝 AWS Systems Manager Session Manager 外掛程式，並透過 Systems Manager 的 start-session API 呼叫來遠端存取執行個體。","這題的正確答案是 **D**。

**為什麼選擇 D：**
1. **安全性極大化：** AWS Systems Manager (SSM) Session Manager 允許使用者在不開啟安全群組連接埠 22 (SSH) 的情況下管理執行個體。這消除了潛在的攻擊向量，且不需要維護堡壘機 (Bastion Host)。
2. **身分驗證與授權：** 透過 IAM 角色與政策 (`AmazonSSMManagedInstanceCore`)，可以精確控制誰能存取哪些執行個體，這比管理 SSH 金鑰或 IP 白名單更安全且易於管理。
3. **指令稽核功能：** Session Manager 原生支援將所有會話活動（包括工程師輸入的每一個指令及其輸出）記錄到 Amazon CloudWatch Logs 或 Amazon S3。這完全滿足了題目中「提供工程師執行指令的稽核功能」的要求。
4. **環境相容性：** Amazon Linux 2 已預裝 SSM Agent，且題目提到有 NAT 閘道，這確保了私有子網路中的執行個體可以與 SSM 服務端點通訊。

**為什麼其他選項不正確：**
*   **選項 A 不正確：** EC2 Instance Connect 雖然簡化了 SSH 金鑰管理，但它**仍然需要**在安全群組中開啟連接埠 22。此外，它本身並不提供像 Session Manager 那樣詳細的指令級稽核日誌。
*   **選項 B 不正確：** 雖然將 IP 限制在工程師裝置可以縮小範圍，但仍需開啟連接埠 22。此外，透過 CloudWatch Agent 傳送作業系統日誌來達成「指令稽核」在設定上非常繁瑣，不如 Session Manager 的內建功能直接且完整。
*   **選項 C 不正確：** 此選項側重於安全群組的合規性與自動修復，完全沒有解決「指令稽核」的需求，且依然保留了連接埠 22 的風險。"
66,"A company that uses AWS Organizations allows developers to experiment on AWS. As part of the landing zone that the
company has deployed, developers use their company email address to request an account. The company wants to ensure that
developers are not launching costly services or running services unnecessarily. The company must give developers a fixed
monthly budget to limit their AWS costs.
Which combination of steps will meet these requirements? (Choose three.)","A. Create an SCP to set a fixed monthly account usage limit. Apply the SCP to the developer accounts.
B. Use AWS Budgets to create a fixed monthly budget for each developer’s account as part of the account creation process.
C. Create an SCP to deny access to costly services and components. Apply the SCP to the developer accounts.
D. Create an IAM policy to deny access to costly services and components. Apply the IAM policy to the developer accounts.
E. Create an AWS Budgets alert action to terminate services when the budgeted amount is reached. Configure the action to
terminate all services.
F. Create an AWS Budgets alert action to send an Amazon Simple Notification Service (Amazon SNS) notification when the
budgeted amount is reached. Invoke an AWS Lambda function to terminate all services.","This is a typical question about AWS cost management and organizational governance (Governance). Although the question requires ""select three"", according to the correct answer **BC** you provided, these two constitute the core pillars of cost control (budget monitoring and preventive guardrails). To fully satisfy the ""Choose Three"" requirement, usually the third correct option would be **F**. The following is a detailed analysis:

1. **Why is B correct? **
   - **AWS Budgets** is a tool designed to track and limit costs. The question requires ""Give developers a fixed monthly budget"", and option B directly meets this requirement. By automating budget creation as part of the account creation process, you can ensure each new development environment is monitored.

2. **Why is C correct? **
   - **SCP (Service Control Policy)** is a core feature of AWS Organizations that defines permission boundaries for organizational units (OUs) or accounts.
   - The question mentions that to ensure that developers ""will not activate high-cost services"", SCP can directly ""deny"" access to specific high-cost services (such as GPU instances P3/P4 or large database instances) at the account level. Even if the developer has administrator rights, there is no way to bypass SCP's restrictions.

3. **Why is F usually the third answer (supplementary)? **
   - The question requires preventing ""unnecessary execution of services"". When the budget reaches the upper limit, triggering SNS and calling Lambda through **AWS Budgets** is a common automated repair mechanism that can be used to stop or terminate all running services in the account to prevent further expansion of costs.

4. **Why are the other options incorrect? **
   - **A is incorrect**: SCP can only control ""API permissions"" (for example: whether the instance can be launched), and **cannot** directly set the ""amount limit"". SCP does not have the capability to sense financial budgets and automatically block requests based on amounts.
   - **D Incorrect**: Although IAM policies can restrict permissions, using **SCP** is more enforceable and easier to manage uniformly than IAM policies in an AWS Organizations environment. Developers with account administrator permissions can modify IAM policies themselves, but cannot modify SCPs issued by organization-managed accounts.
   - **E Incorrect**: Although AWS Budgets now supports some ""Budget Actions"", directly setting the built-in action of ""Terminate All Services"" is extremely risky and inflexible. In practice and certification exams, **F (Lambda)** is usually preferred for more sophisticated automation.",BC,BC (PDF answer),一家使用 AWS Organizations 的公司允許開發人員在 AWS 上進行實驗。作為公司部署的登陸區（landing zone）的一部分，開發人員使用其公司電子郵件地址申請帳戶。公司希望確保開發人員不會啟動高成本的服務或不必要地執行服務。公司必須為開發人員提供固定的每月預算，以限制其 AWS 成本。哪種步驟組合將滿足這些要求？（選擇三項。）,"A. 建立一個 SCP 來設定固定的每月帳戶使用限額。將該 SCP 套用到開發人員帳戶。
B. 使用 AWS Budgets 為每個開發人員帳戶建立固定每月預算，作為帳戶建立流程的一部分。
C. 建立一個 SCP 以拒絕存取高成本的服務和組件。將該 SCP 套用到開發人員帳戶。
D. 建立一個 IAM 政策以拒絕存取高成本的服務和組件。將該 IAM 政策套用到開發人員帳戶。
E. 建立一個 AWS Budgets 警示動作，在達到預算金額時終止服務。設定該動作以終止所有服務。
F. 建立一個 AWS Budgets 警示動作，在達到預算金額時發送 Amazon Simple Notification Service (Amazon SNS) 通知。調用 AWS Lambda 函數以終止所有服務。","這是一道關於 AWS 成本管理與組織治理（Governance）的典型題目。雖然題目要求「選擇三項」，但根據您提供的正確答案 **BC**，這兩項構成了成本控制的核心支柱（預算監控與預防性護欄）。若要完整滿足「選擇三項」的要求，通常第三個正確選項會是 **F**。以下是詳細解析：

1. **為什麼 B 是正確的？**
   - **AWS Budgets** 是專門用於追蹤與限制成本的工具。題目要求「給予開發人員固定的每月預算」，B 選項直接符合此需求。透過在帳戶建立流程中自動化建立預算，可以確保每個新開發環境都受到監控。

2. **為什麼 C 是正確的？**
   - **SCP (Service Control Policy)** 是 AWS Organizations 的核心功能，用於定義組織單元 (OU) 或帳戶的權限邊界。
   - 題目提到要確保開發人員「不會啟動高成本服務」，SCP 可以在帳戶層級直接「拒絕 (Deny)」特定高成本服務（例如 GPU 實例 P3/P4 或大型資料庫實例）的存取權。即使開發人員擁有管理員權限，也無法繞過 SCP 的限制。

3. **為什麼 F 通常是第三個答案（補充）？**
   - 題目要求防止「不必要地執行服務」。當預算達到上限時，透過 **AWS Budgets 觸發 SNS 並調用 Lambda** 是一種常見的自動化修復機制，可以用來停止或終止該帳戶內的所有執行中服務，以防止成本進一步擴大。

4. **為什麼其他選項不正確？**
   - **A 不正確**：SCP 只能控制「API 權限」（例如：能否啟動實例），**無法**直接設定「金額限額」。SCP 不具備感知財務預算並根據金額自動阻斷請求的功能。
   - **D 不正確**：雖然 IAM 政策可以限制權限，但在 AWS Organizations 環境下，使用 **SCP** 比 IAM 政策更具強制性且更易於統一管理。開發人員若擁有帳戶管理員權限，可以自行修改 IAM 政策，但無法修改由組織管理帳戶下達的 SCP。
   - **E 不正確**：雖然 AWS Budgets 現在支援某些「警示動作 (Budget Actions)」，但直接設定「終止所有服務」的內建動作風險極高且不夠靈活，實務上與認證考試中通常偏好使用 **F (Lambda)** 來進行更精細的自動化處理。"
67,"A company has applications in an AWS account that is named Source. The account is in an organization in AWS Organizations.
One of the applications uses AWS Lambda functions and stores inventory data in an Amazon Aurora database. The application
deploys the Lambda functions by using a deployment package. The company has configured automated backups for Aurora.
The company wants to migrate the Lambda functions and the Aurora database to a new AWS account that is named Target.
The application processes critical data, so the company must minimize downtime.
Which solution will meet these requirements?","A. Download the Lambda function deployment package from the Source account. Use the deployment package and create
new Lambda functions in the Target account. Share the automated Aurora DB cluster snapshot with the Target account.
B. Download the Lambda function deployment package from the Source account. Use the deployment package and create
new Lambda functions in the Target account. Share the Aurora DB cluster with the Target account by using AWS Resource
Access Manager {AWS RAM). Grant the Target account permission to clone the Aurora DB cluster.
C. Use AWS Resource Access Manager (AWS RAM) to share the Lambda functions and the Aurora DB cluster with the Target
account. Grant the Target account permission to clone the Aurora DB cluster.
D. Use AWS Resource Access Manager (AWS RAM) to share the Lambda functions with the Target account. Share the
automated Aurora DB cluster snapshot with the Target account.","The core requirements of this question are ""cross-account migration"" and ""minimizing downtime"".

1. **Why choose B:**
   - **Lambda Migration:** Lambda functions themselves cannot be shared directly through AWS Resource Access Manager (RAM). The most standard and efficient method is to obtain the original deployment package (.zip or code) and re-create the function in the target account.
   - **Aurora Migration and Minimizing Downtime:** This is the key to this question. Although sharing a snapshot and restoring it is one method, restoring the snapshot requires reading data from S3 and creating a new storage disk volume, which takes a long time. **Aurora Database Cloning** uses ""copy-on-write"" technology to create clone clusters extremely quickly without copying the entire data set. By sharing the cluster of the Source account to the Target account through AWS RAM and executing Clone in the Target account, the database migration can be completed as quickly as possible and meet the requirements of minimizing downtime.

2. **Why the other options are incorrect:**
   - **Option A:** Share automatic snapshots and restore. The time to restore a snapshot depends on the size of the database. It is usually much slower than database replication (Cloning) and cannot meet the optimal solution of ""minimizing downtime"".
   - **Option C:** The error is that the Lambda function cannot be shared through AWS RAM. Lambda functions are not included in the resource list supported by RAM.
   - **Option D:** Made two mistakes at the same time: Lambda cannot be shared via RAM, and shared snapshots are not migrated as quickly as database replication.

In summary, leveraging **AWS RAM for cross-account Aurora Cloning** is an advanced technique recommended by AWS for quickly migrating databases across accounts to reduce downtime.",B,B (97% community votes),一家公司在名為 Source 的 AWS 帳戶中擁有應用程式。該帳戶位於 AWS Organizations 的一個組織中。其中一個應用程式使用 AWS Lambda 函式，並將庫存數據存儲在 Amazon Aurora 資料庫中。該應用程式使用部署套件（deployment package）來部署 Lambda 函式。公司已為 Aurora 配置了自動備份。公司希望將 Lambda 函式和 Aurora 資料庫遷移到名為 Target 的新 AWS 帳戶。由於該應用程式處理關鍵數據，公司必須將停機時間降至最低。哪種解決方案能滿足這些要求？,"A. 從 Source 帳戶下載 Lambda 函式部署套件。使用該部署套件在 Target 帳戶中建立新的 Lambda 函式。將 Aurora 資料庫叢集的自動快照（automated snapshot）分享給 Target 帳戶。
B. 從 Source 帳戶下載 Lambda 函式部署套件。使用該部署套件在 Target 帳戶中建立新的 Lambda 函式。使用 AWS Resource Access Manager (AWS RAM) 將 Aurora 資料庫叢集分享給 Target 帳戶。授予 Target 帳戶複製（clone）該 Aurora 資料庫叢集的權限。
C. 使用 AWS Resource Access Manager (AWS RAM) 將 Lambda 函式和 Aurora 資料庫叢集分享給 Target 帳戶。授予 Target 帳戶複製該 Aurora 資料庫叢集的權限。
D. 使用 AWS Resource Access Manager (AWS RAM) 將 Lambda 函式分享給 Target 帳戶。將 Aurora 資料庫叢集的自動快照分享給 Target 帳戶。","本題的核心要求是「跨帳戶遷移」且「最小化停機時間」。

1. **為什麼選擇 B：**
   - **Lambda 遷移：** Lambda 函式本身無法透過 AWS Resource Access Manager (RAM) 直接分享。最標準且有效的方法是獲取原始的部署套件（.zip 或程式碼），並在目標帳戶中重新建立函式。
   - **Aurora 遷移與最小化停機時間：** 這是本題的關鍵。雖然分享快照（Snapshot）並還原是一種方法，但還原快照需要從 S3 讀取數據並建立新的儲存磁碟卷，耗時較長。**Aurora 資料庫複製（Database Cloning）** 使用「寫入時複製」（copy-on-write）技術，建立克隆叢集的速度極快，且不需複製整個數據集。透過 AWS RAM 將 Source 帳戶的叢集分享給 Target 帳戶，並在 Target 帳戶中執行 Clone，可以最快速度完成資料庫遷移，符合最小化停機時間的要求。

2. **為什麼其他選項不正確：**
   - **選項 A：** 分享自動快照並還原。還原快照的時間取決於資料庫的大小，通常比資料庫複製（Cloning）慢得多，無法滿足「最小化停機時間」的最優解。
   - **選項 C：** 錯誤在於 Lambda 函式無法透過 AWS RAM 進行分享。RAM 支援的資源清單中並不包含 Lambda 函式。
   - **選項 D：** 同時犯了兩個錯誤：Lambda 無法透過 RAM 分享，且分享快照的遷移速度不如資料庫複製。

總結來說，利用 **AWS RAM 進行跨帳戶 Aurora Cloning** 是 AWS 推薦用於跨帳戶快速遷移資料庫以減少停機時間的高級技巧。"
68,"A company runs a Python script on an Amazon EC2 instance to process data. The script runs every 10 minutes. The script
ingests files from an Amazon S3 bucket and processes the files. On average, the script takes approximately 5 minutes to
process each file The script will not reprocess a file that the script has already processed.
The company reviewed Amazon CloudWatch metrics and noticed that the EC2 instance is idle for approximately 40% of the
time because of the file processing speed. The company wants to make the workload highly available and scalable. The
company also wants to reduce long-term management overhead.
Which solution will meet these requirements MOST cost-effectively?","A. Migrate the data processing script to an AWS Lambda function. Use an S3 event notification to invoke the Lambda
function to process the objects when the company uploads the objects.
B. Create an Amazon Simple Queue Service (Amazon SQS) queue. Configure Amazon S3 to send event notifications to the
SQS queue. Create an EC2 Auto Scaling group with a minimum size of one instance. Update the data processing script to
poll the SQS queue. Process the S3 objects that the SQS message identifies.
C. Migrate the data processing script to a container image. Run the data processing container on an EC2 instance.
Configure the container to poll the S3 bucket for new objects and to process the resulting objects.
D. Migrate the data processing script to a container image that runs on Amazon Elastic Container Service (Amazon ECS) on
AWS Fargate. Create an AWS Lambda function that calls the Fargate RunTaskAPI operation when the container processes
the file. Use an S3 event notification to invoke the Lambda function.","The core requirements of this question are ""high availability"", ""scalability"", ""reducing management overhead"" and ""most cost-effective"".

1. **Why choose A:**
   - **Reduce management overhead:** AWS Lambda is a serverless service. Users do not need to manage the underlying operating system or execution individuals, which fully meets the requirements of reducing long-term management overhead.
   - **Cost Effectiveness:** Lambda is pay-as-you-go and is only charged when executed. The question mentioned that EC2 has 40% idle time, and switching to Lambda can completely eliminate the idle cost.
   - **High availability and scalability:** Lambda has built-in high availability and can automatically scale out based on events uploaded to S3.
   - **Feasibility:** Script processing time is about 5 minutes, which is below Lambda's 15-minute execution timeout limit, making it ideal for migration.

2. **Why the other options are incorrect:**
   - **Option B:** Even though SQS and Auto Scaling are used, EC2 instances still need to be managed (high management overhead). In addition, setting the minimum capacity to 1 execution instance means that when there is no file processing, the cost of the execution instance still needs to be paid, which is not in line with the most cost-effective principle.
   - **Option C:** Executing containers on EC2 still requires the management of EC2 execution individuals, and adopts the ""Polling"" method instead of ""Event-driven"", which is less efficient and cannot solve the problem of idle costs.
   - **Option D:** While Fargate is also serverless, this architecture is too complex for a simple Python script (requires maintaining container images, ECS configuration, and additional Lambda triggers). In comparison, executing the script directly in Lambda is simpler and cheaper.",A,A (70% community votes),一家公司在 Amazon EC2 執行個體上執行 Python 腳本來處理數據。該腳本每 10 分鐘執行一次。腳本從 Amazon S3 儲存桶中擷取檔案並進行處理。平均而言，腳本處理每個檔案大約需要 5 分鐘。腳本不會重複處理已經處理過的檔案。該公司審查了 Amazon CloudWatch 指標，發現由於檔案處理速度的原因，EC2 執行個體大約有 40% 的時間處於閒置狀態。該公司希望使工作負載具備高可用性與可擴展性。該公司還希望減少長期管理開銷。哪種解決方案能以最具成本效益的方式滿足這些要求？,"A. 將數據處理腳本遷移到 AWS Lambda 函數。使用 S3 事件通知，在公司上傳物件時調用 Lambda 函數來處理物件。
B. 建立一個 Amazon Simple Queue Service (Amazon SQS) 佇列。設定 Amazon S3 將事件通知傳送到 SQS 佇列。建立一個最小容量為一個執行個體的 EC2 Auto Scaling 群組。更新數據處理腳本以輪詢 SQS 佇列。處理 SQS 訊息所識別的 S3 物件。
C. 將數據處理腳本遷移到容器映像。在 EC2 執行個體上執行數據處理容器。設定容器輪詢 S3 儲存桶以獲取新物件並處理產生的物件。
D. 將數據處理腳本遷移到在 AWS Fargate 上的 Amazon Elastic Container Service (Amazon ECS) 執行的容器映像。建立一個 AWS Lambda 函數，在容器處理檔案時呼叫 Fargate RunTask API 操作。使用 S3 事件通知來調用 Lambda 函數。","本題的核心需求是「高可用性」、「可擴展性」、「減少管理開銷」以及「最具成本效益」。

1. **為何選擇 A：**
   - **減少管理開銷：** AWS Lambda 是無伺服器（Serverless）服務，使用者不需要管理底層作業系統或執行個體，完全符合減少長期管理開銷的要求。
   - **成本效益：** Lambda 採按量計費，僅在執行時收費。題目提到 EC2 有 40% 的閒置時間，改用 Lambda 可以完全消除閒置成本。
   - **高可用性與擴展性：** Lambda 內建高可用性，且能根據 S3 上傳的事件自動橫向擴展。
   - **可行性：** 腳本處理時間約 5 分鐘，低於 Lambda 的 15 分鐘執行逾時限制，因此非常適合遷移。

2. **為何其他選項不正確：**
   - **選項 B：** 雖然使用了 SQS 和 Auto Scaling，但仍需管理 EC2 執行個體（管理開銷高）。此外，設定最小容量為 1 個執行個體意味著當沒有檔案處理時，仍需支付該執行個體的費用，不符合最具成本效益的原則。
   - **選項 C：** 在 EC2 上執行容器仍需管理 EC2 執行個體，且採用「輪詢（Polling）」方式而非「事件驅動（Event-driven）」，效率較低且無法解決閒置成本問題。
   - **選項 D：** 雖然 Fargate 也是無伺服器架構，但對於一個簡單的 Python 腳本來說，這種架構過於複雜（需要維護容器映像、ECS 配置以及額外的 Lambda 觸發器）。相比之下，直接在 Lambda 執行腳本更為簡潔且成本更低。"
69,"A financial services company in North America plans to release a new online web application to its customers on AWS. The
company will launch the application in the us-east-1 Region on Amazon EC2 instances. The application must be highly
available and must dynamically scale to meet user traffic. The company also wants to implement a disaster recovery
environment for the application in the us-west-1 Region by using active-passive failover.
Which solution will meet these requirements?","A. Create a VPC in us-east-1 and a VPC in us-west-1. Configure VPC peering. In the us-east-1 VPC, create an Application
Load Balancer (ALB) that extends across multiple Availability Zones in both VPCs. Create an Auto Scaling group that
deploys the EC2 instances across the multiple Availability Zones in both VPCs. Place the Auto Scaling group behind the
ALB.
B. Create a VPC in us-east-1 and a VPC in us-west-1. In the us-east-1 VPC, create an Application Load Balancer (ALB) that
extends across multiple Availability Zones in that VPC. Create an Auto Scaling group that deploys the EC2 instances across
the multiple Availability Zones in the us-east-1 VPC. Place the Auto Scaling group behind the ALSet up the same
configuration in the us-west-1 VPC. Create an Amazon Route 53 hosted zone. Create separate records for each ALEnable
health checks to ensure high availability between Regions.
C. Create a VPC in us-east-1 and a VPC in us-west-1. In the us-east-1 VPC, create an Application Load Balancer (ALB) that
extends across multiple Availability Zones in that VPCreate an Auto Scaling group that deploys the EC2 instances across
the multiple Availability Zones in the us-east-1 VPPlace the Auto Scaling group behind the ALB. Set up the same
configuration in the us-west-1 VPCreate an Amazon Route 53 hosted zone. Create separate records for each ALB. Enable
health checks and configure a failover routing policy for each record.
D. Create a VPC in us-east-1 and a VPC in us-west-1. Configure VPC peering. In the us-east-1 VPC, create an Application
Load Balancer (ALB) that extends across multiple Availability Zones in both VPCs. Create an Auto Scaling group that
deploys the EC2 instances across the multiple Availability Zones in both VPCs. Place the Auto Scaling group behind the
ALB. Create an Amazon Route 53 hosted zone. Create a record for the ALB.","The core requirement of this question is to achieve ""cross-region (Multi-Region)"" ""high availability and dynamic expansion"" and a specific ""master-slave fault-tolerant transfer (Active-Passive Failover)"" disaster recovery architecture.

1. **Why choose C:**
   - **Regional Independence**: Application Load Balancer (ALB) and Auto Scaling group (ASG) are both ""regional"" services. A correct cross-region architecture must deploy a complete stack (VPC, ALB, ASG) in two regions (us-east-1 and us-west-1).
   - **Dynamic Scaling and High Availability**: Using ALB with ASG in each region can ensure that the application automatically increases and decreases EC2 execution instances according to traffic, and spreads risks across multiple availability zones (AZ).
   - **Master-slave fault-tolerant transfer**: This is the key to this question. Amazon Route 53's ""Failover Routing Policy"" is specifically designed for master-slave architecture. You need to configure a ""Primary"" record pointing to us-east-1, and a ""Secondary"" record pointing to us-west-1. In conjunction with ""Health Checks"", when Route 53 detects that the primary region is unavailable, it will automatically direct traffic to the slave region.

2. **Why the other options are wrong:**
   - **Option A and D error**: These two options mention ""Create an ALB spanning two VPCs/Regions"". This is technically impossible because ALBs are regional resources and cannot span different AWS Regions. In addition, ASG cannot manage execution individuals across regions.
   - **Option B error**: Although B creates the correct zone resource, it only mentions ""create individual records"" and ""enable health checks"", but does not specify a ""routing policy"". To achieve the master-slave (Active-Passive) switching required by the question, the **Failover routing policy** of Route 53 must be explicitly configured. If no policy is specified, Route 53 has no way of knowing which is the primary environment and which is the backup environment.

Summary: Option C fully covers the requirements for regional decoupling, automatic scaling, and utilizing the Route 53 Failover policy to achieve disaster recovery, and is a standard AWS best practice architecture.",C,C (100% community votes),一家位於北美的金融服務公司計劃在 AWS 上向其客戶發布一個新的線上網頁應用程式。該公司將在 us-east-1 區域的 Amazon EC2 執行個體上啟動該應用程式。該應用程式必須具備高可用性，並且必須能夠動態擴展以滿足使用者流量。該公司還希望透過使用主從式容錯移轉（active-passive failover），在 us-west-1 區域為該應用程式實作災難復原（DR）環境。哪種解決方案能滿足這些要求？,"A. 在 us-east-1 和 us-west-1 分別建立一個 VPC。設定 VPC 對等連接（VPC peering）。在 us-east-1 的 VPC 中，建立一個跨越兩個 VPC 中多個可用區域（AZ）的 Application Load Balancer (ALB)。建立一個 Auto Scaling 群組，將 EC2 執行個體部署在兩個 VPC 的多個可用區域中。將 Auto Scaling 群組放在 ALB 後面。
B. 在 us-east-1 和 us-west-1 分別建立一個 VPC。在 us-east-1 的 VPC 中，建立一個跨越該 VPC 內多個可用區域的 ALB。建立一個 Auto Scaling 群組，將 EC2 執行個體部署在 us-east-1 VPC 的多個可用區域中。將 Auto Scaling 群組放在 ALB 後面。在 us-west-1 VPC 中進行相同的配置。建立一個 Amazon Route 53 託管區域。為每個 ALB 建立個別的紀錄。啟用健康檢查以確保區域之間的高可用性。
C. 在 us-east-1 和 us-west-1 分別建立一個 VPC。在 us-east-1 的 VPC 中，建立一個跨越該 VPC 內多個可用區域的 ALB。建立一個 Auto Scaling 群組，將 EC2 執行個體部署在 us-east-1 VPC 的多個可用區域中。將 Auto Scaling 群組放在 ALB 後面。在 us-west-1 VPC 中進行相同的配置。建立一個 Amazon Route 53 託管區域。為每個 ALB 建立個別的紀錄。啟用健康檢查並為每條紀錄配置容錯移轉（failover）路由策略。
D. 在 us-east-1 和 us-west-1 分別建立一個 VPC。設定 VPC 對等連接（VPC peering）。在 us-east-1 的 VPC 中，建立一個跨越兩個 VPC 中多個可用區域的 ALB。建立一個 Auto Scaling 群組，將 EC2 執行個體部署在兩個 VPC 的多個可用區域中。將 Auto Scaling 群組放在 ALB 後面。建立一個 Amazon Route 53 託管區域。為該 ALB 建立一條紀錄。","這道題目的核心需求是實現「跨區域（Multi-Region）」的「高可用性與動態擴展」，以及特定的「主從式容錯移轉（Active-Passive Failover）」災難復原架構。

1. **為什麼選擇 C：**
   - **區域獨立性**：Application Load Balancer (ALB) 和 Auto Scaling group (ASG) 都是「區域性（Regional）」服務。正確的跨區域架構必須在兩個區域（us-east-1 和 us-west-1）分別部署一套完整的堆疊（VPC, ALB, ASG）。
   - **動態擴展與高可用性**：在每個區域內使用 ALB 搭配 ASG，可以確保應用程式根據流量自動增減 EC2 執行個體，並在多個可用區域（AZ）間分散風險。
   - **主從式容錯移轉**：這是本題的關鍵。Amazon Route 53 的「容錯移轉路由策略（Failover Routing Policy）」專門用於主從架構。你需要配置一條「主（Primary）」紀錄指向 us-east-1，以及一條「從（Secondary）」紀錄指向 us-west-1。配合「健康檢查（Health Checks）」，當 Route 53 偵測到主區域不可用時，會自動將流量導向從屬區域。

2. **為什麼其他選項錯誤：**
   - **選項 A 與 D 錯誤**：這兩個選項提到「建立一個跨越兩個 VPC/區域的 ALB」。這在技術上是不可能的，因為 ALB 是區域性資源，無法跨越不同的 AWS 區域（Regions）。此外，ASG 也無法跨區域管理執行個體。
   - **選項 B 錯誤**：雖然 B 建立了正確的區域資源，但它僅提到「建立個別紀錄」並「啟用健康檢查」，卻沒有指定「路由策略」。若要實現題目要求的主從式（Active-Passive）切換，必須明確配置 Route 53 的 **Failover 路由策略**。如果沒有指定策略，Route 53 無法得知哪一個是主環境、哪一個是備援環境。

總結：選項 C 完整涵蓋了區域解耦、自動擴展以及利用 Route 53 Failover 策略達成災難復原的要求，是標準的 AWS 最佳實踐架構。"
70,"A company has an environment that has a single AWS account. A solutions architect is reviewing the environment to
recommend what the company could improve specifically in terms of access to the AWS Management Console. The company’s
IT support workers currently access the console for administrative tasks, authenticating with named IAM users that have been
mapped to their job role.
The IT support workers no longer want to maintain both their Active Directory and IAM user accounts. They want to be able to
access the console by using their existing Active Directory credentials. The solutions architect is using AWS IAM Identity Center
(AWS Single Sign-On) to implement this functionality.
Which solution will meet these requirements MOST cost-effectively?","A. Create an organization in AWS Organizations. Turn on the IAM Identity Center feature in Organizations. Create and
configure a directory in AWS Directory Service for Microsoft Active Directory (AWS Managed Microsoft AD) with a two-way
trust to the company’s on-premises Active Directory. Configure IAM Identity Center and set the AWS Managed Microsoft AD
directory as the identity source. Create permission sets and map them to the existing groups within the AWS Managed
Microsoft AD directory.
B. Create an organization in AWS Organizations. Turn on the IAM Identity Center feature in Organizations. Create and
configure an AD Connector to connect to the company’s on-premises Active Directory. Configure IAM Identity Center and
select the AD Connector as the identity source. Create permission sets and map them to the existing groups within the
company’s Active Directory.
C. Create an organization in AWS Organizations. Turn on all features for the organization. Create and configure a directory
in AWS Directory Service for Microsoft Active Directory (AWS Managed Microsoft AD) with a two-way trust to the company’s
on-premises Active Directory. Configure IAM Identity Center and select the AWS Managed Microsoft AD directory as the
identity source. Create permission sets and map them to the existing groups within the AWS Managed Microsoft AD
directory.
D. Create an organization in AWS Organizations. Turn on all features for the organization. Create and configure an AD
Connector to connect to the company’s on-premises Active Directory. Configure IAM Identity Center and set the AD
Connector as the identity source. Create permission sets and map them to the existing groups within the company’s Active
Directory.","The core requirement of this question is to integrate local Active Directory (AD) with AWS IAM Identity Center, emphasizing ""cost-effectiveness"".

1. **Why choose D:**
   - **Cost Effectiveness:** AD Connector is a directory gateway (Proxy) that forwards verification requests to local AD. It does not store data itself, and the cost is much lower than AWS Managed Microsoft AD. AD Connector is the most cost-effective option for situations where you only need employees to access the AWS console using existing AD authentication.
   - **AWS Organizations Requirements:** To enable IAM Identity Center, you must first set up AWS Organizations. Although IAM Identity Center can be used within a single account, the standard specification is that the organization must be set to ""enable all features"" (All features), not just Consolidated billing (Consolidated billing).
   - **Identity Source:** Through AD Connector, IAM Identity Center can directly read users and groups of local AD and map them to AWS permission sets.

2. **Why the other options are incorrect:**
   - **Options A and C:** These two options recommend using AWS Managed Microsoft AD and establishing a ""two-way trust relationship"". This is typically used in complex scenarios that require running AD-dependent applications or EC2 domain joining in the AWS cloud. The running cost (hourly cost) of Managed AD is significantly higher than that of AD Connector, which does not meet the ""highest cost-effectiveness"" requirement of the question.
   - **Option B:** Although the AD Connector is used, the description ""Enable IAM Identity Center functionality in Organizations"" is more general. In the architectural design of AWS, the prerequisite for enabling IAM Identity Center is that Organizations must be in ""All features"" mode. Option D explicitly mentions this, and among the AWS certification exams, the option with the most complete description and prerequisites is preferred.

In summary, **AD Connector + Organizations (All features)** is the most streamlined and cheap architecture to integrate local AD into IAM Identity Center.",D,D (82% community votes),一家公司擁有一個單一 AWS 帳戶的環境。解決方案架構師正在審查該環境，以針對 AWS 管理主控台（AWS Management Console）的存取方式提出改進建議。該公司的 IT 支援人員目前透過已對應至其工作職能的具名 IAM 使用者進行身分驗證，以存取主控台執行管理任務。IT 支援人員不再希望同時維護其 Active Directory 和 IAM 使用者帳戶。他們希望能夠使用現有的 Active Directory 認證來存取主控台。解決方案架構師正使用 AWS IAM Identity Center (AWS Single Sign-On) 來實作此功能。哪種解決方案能以最高成本效益（Most cost-effectively）的方式滿足這些要求？,"A. 在 AWS Organizations 中建立一個組織。在 Organizations 中啟用 IAM Identity Center 功能。在 AWS Directory Service 中建立並設定一個 Microsoft Active Directory (AWS Managed Microsoft AD)，並與公司的地端 Active Directory 建立雙向信任關係。設定 IAM Identity Center 並將 AWS Managed Microsoft AD 目錄設為身分來源。建立權限集（permission sets）並將其對應至 AWS Managed Microsoft AD 目錄中的現有群組。
B. 在 AWS Organizations 中建立一個組織。在 Organizations 中啟用 IAM Identity Center 功能。建立並設定一個 AD Connector 以連接到公司的地端 Active Directory。設定 IAM Identity Center 並選擇 AD Connector 作為身分來源。建立權限集並將其對應至公司 Active Directory 中的現有群組。
C. 在 AWS Organizations 中建立一個組織。為該組織啟用「所有功能」（all features）。在 AWS Directory Service 中建立並設定一個 Microsoft Active Directory (AWS Managed Microsoft AD)，並與公司的地端 Active Directory 建立雙向信任關係。設定 IAM Identity Center 並選擇 AWS Managed Microsoft AD 目錄作為身分來源。建立權限集並將其對應至 AWS Managed Microsoft AD 目錄中的現有群組。
D. 在 AWS Organizations 中建立一個組織。為該組織啟用「所有功能」（all features）。建立並設定一個 AD Connector 以連接到公司的地端 Active Directory。設定 IAM Identity Center 並將 AD Connector 設為身分來源。建立權限集並將其對應至公司 Active Directory 中的現有群組。","本題的核心需求是將地端 Active Directory (AD) 與 AWS IAM Identity Center 整合，並強調「成本效益」。

1. **為什麼選擇 D：**
   - **成本效益：** AD Connector 是一個目錄閘道（Proxy），它將驗證請求轉發到地端 AD，本身不儲存資料，費用遠低於 AWS Managed Microsoft AD。對於僅需讓員工使用現有 AD 認證存取 AWS 主控台的情境，AD Connector 是最經濟的選擇。
   - **AWS Organizations 需求：** 要啟用 IAM Identity Center，必須先建立 AWS Organizations。雖然 IAM Identity Center 可以在單一帳戶中使用，但標準規範是必須將組織設定為「啟用所有功能」（All features），而非僅限於合併帳單（Consolidated billing）。
   - **身分來源：** 透過 AD Connector，IAM Identity Center 可以直接讀取地端 AD 的使用者與群組，並將其對應至 AWS 權限集。

2. **為什麼其他選項不正確：**
   - **選項 A 與 C：** 這兩個選項建議使用 AWS Managed Microsoft AD 並建立「雙向信任關係」。這通常用於需要在 AWS 雲端中運行依賴 AD 的應用程式或 EC2 加入網域的複雜場景。Managed AD 的運行成本（每小時費用）顯著高於 AD Connector，不符合題目要求的「最高成本效益」。
   - **選項 B：** 雖然使用了 AD Connector，但其描述「在 Organizations 中啟用 IAM Identity Center 功能」較為籠統。在 AWS 的架構設計中，啟用 IAM Identity Center 的前提是 Organizations 必須處於「所有功能（All features）」模式。選項 D 明確提到了這一點，在 AWS 認證考試中，描述最完整且符合先決條件的選項為優選。

總結來說，**AD Connector + Organizations (All features)** 是實現地端 AD 整合至 IAM Identity Center 最精簡且便宜的架構。"
71,"A video streaming company recently launched a mobile app for video sharing. The app uploads various files to an Amazon S3
bucket in the us-east-1 Region. The files range in size from 1 GB to 10 GB.
Users who access the app from Australia have experienced uploads that take long periods of time. Sometimes the files fail to
completely upload for these users. A solutions architect must improve the app’s performance for these uploads.
Which solutions will meet these requirements? (Choose two.)","A. Enable S3 Transfer Acceleration on the S3 bucket. Configure the app to use the Transfer Acceleration endpoint for
uploads.
B. Configure an S3 bucket in each Region to receive the uploads. Use S3 Cross-Region Replication to copy the files to the
distribution S3 bucket.
C. Set up Amazon Route 53 with latency-based routing to route the uploads to the nearest S3 bucket Region.
D. Configure the app to break the video files into chunks. Use a multipart upload to transfer files to Amazon S3.
E. Modify the app to add random prefixes to the files before uploading.","The core challenge of this question is to solve the problems of ""long-distance transmission delay"" and ""large file upload stability"".

1. Why Choose A: S3 Transfer Acceleration (TA) leverages Amazon CloudFront’s global Edge Locations. When an Australian user uploads a file, the data first enters the nearest edge node and is then transferred to the S3 bucket on us-east-1 via AWS's optimized private backbone network. This can effectively reduce the number of jumps and delays in public network transmission, and significantly improve the speed of long-distance uploads.

2. Why choose D: The question mentioned that the file size is 1 GB to 10 GB, and sometimes the upload fails. According to AWS best practices, it is strongly recommended to use ""Multipart upload"" for files larger than 100 MB. This can achieve: (1) Parallel upload to improve throughput; (2) Better fault tolerance. If one of the segmented uploads fails, you only need to re-upload the segment instead of re-uploading the entire 10 GB file. This directly solves the pain point of ""upload failure"" in the question.

Why the other options are wrong:
- Option B: Establishing storage buckets in each region and using cross-region replication will significantly increase the complexity and cost of the architecture, and cannot directly solve the problem of first-mile transmission optimization from the user end to the local storage bucket.
- Option C: Route 53 Delayed routing is typically used to direct traffic to endpoints in different regions (such as EC2 or ALB). S3 bucket names are globally unique and located in a specific region, and Route 53 alone cannot solve the physical delays of long-distance transmission to buckets in a specific region.
- Option E: Adding a random prefix to the archive is to overcome S3's index partitioning limitations (TPS limitations) at very high concurrent requests (thousands of requests per second). The bottleneck in this question is network latency and large file stability, not the request rate limit of the S3 bucket itself.",AD,AD (PDF answer),一家影片串流公司最近推出了一款用於影片分享的行動應用程式。該程式將各種檔案上傳到位於 us-east-1 區域的 Amazon S3 儲存桶。檔案大小介於 1 GB 到 10 GB 之間。從澳洲存取該應用程式的使用者遇到了上傳時間過長的問題。有時，這些使用者的檔案無法完成上傳。解決方案架構師必須提高該應用程式在上傳時的效能。哪些解決方案能滿足這些要求？（選擇兩項。）,"A. 在 S3 儲存桶上啟用 S3 Transfer Acceleration。設定應用程式使用 Transfer Acceleration 端點進行上傳。
B. 在每個區域配置一個 S3 儲存桶來接收上傳。使用 S3 跨區域複製 (Cross-Region Replication) 將檔案複製到分發用的 S3 儲存桶。
C. 設定具有延遲型路由 (Latency-based routing) 的 Amazon Route 53，將上傳引導至最近的 S3 儲存桶區域。
D. 設定應用程式將影片檔案分割成多個區塊。使用分段上傳 (Multipart upload) 將檔案傳輸到 Amazon S3。
E. 修改應用程式，在上傳前為檔案添加隨機前綴。","本題的核心挑戰在於解決「長距離傳輸延遲」以及「大檔案上傳穩定性」的問題。

1. 為什麼選擇 A：S3 Transfer Acceleration (TA) 利用 Amazon CloudFront 的全球邊緣節點 (Edge Locations)。當澳洲使用者上傳檔案時，資料會先進入最近的邊緣節點，然後透過 AWS 優化過的私人骨幹網路傳輸到 us-east-1 的 S3 儲存桶。這能有效減少公網傳輸的跳轉次數與延遲，顯著提升長距離上傳的速度。

2. 為什麼選擇 D：題目提到檔案大小為 1 GB 到 10 GB，且有時會上傳失敗。根據 AWS 最佳實踐，對於超過 100 MB 的檔案，強烈建議使用「分段上傳 (Multipart upload)」。這可以實現：(1) 並行上傳以提高吞吐量；(2) 更好的容錯能力，若其中一個分段上傳失敗，只需重新上傳該分段，而不需要重新上傳整個 10 GB 的檔案，這直接解決了題目中「上傳失敗」的痛點。

其他選項為何錯誤：
- 選項 B：在每個區域建立儲存桶並使用跨區域複製會大幅增加架構複雜度與成本，且無法直接解決從使用者端到當地儲存桶的第一哩路傳輸優化問題。
- 選項 C：Route 53 延遲型路由通常用於將流量導向不同區域的端點（如 EC2 或 ALB）。S3 儲存桶名稱是全球唯一的且位於特定區域，單純靠 Route 53 無法解決遠距離傳輸至特定區域儲存桶的物理延遲。
- 選項 E：為檔案添加隨機前綴是為了克服 S3 在極高併發請求（每秒數千次請求）時的索引分區限制（TPS 限制）。本題的瓶頸在於網路延遲和大檔案穩定性，而非 S3 儲存桶本身的請求速率限制。"
72,"An application is using an Amazon RDS for MySQL Multi-AZ DB instance in the us-east-1 Region. After a failover test, the
application lost the connections to the database and could not re-establish the connections. After a restart of the application,
the application re-established the connections.
A solutions architect must implement a solution so that the application can re-establish connections to the database without
requiring a restart.
Which solution will meet these requirements?","A. Create an Amazon Aurora MySQL Serverless v1 DB instance. Migrate the RDS DB instance to the Aurora Serverless v1 DB
instance. Update the connection settings in the application to point to the Aurora reader endpoint.
B. Create an RDS proxy. Configure the existing RDS endpoint as a target. Update the connection settings in the application
to point to the RDS proxy endpoint.
C. Create a two-node Amazon Aurora MySQL DB cluster. Migrate the RDS DB instance to the Aurora DB cluster. Create an
RDS proxy. Configure the existing RDS endpoint as a target. Update the connection settings in the application to point to
the RDS proxy endpoint.
D. Create an Amazon S3 bucket. Export the database to Amazon S3 by using AWS Database Migration Service (AWS DMS).
Configure Amazon Athena to use the S3 bucket as a data store. Install the latest Open Database Connectivity (ODBC) driver
for the application. Update the connection settings in the application to point to the Athena endpoint","The core problem of this problem is that **DNS Caching** occurs on the application side or the connection pool cannot correctly handle the connection interruption after RDS fault-tolerance migration. In an RDS Multi-AZ environment, when a failover occurs, RDS changes the underlying IP address, but its DNS name remains the same. If the application or its running environment (such as the Java JVM) caches the old IP, it will cause the connection to be unable to connect until the cache is cleared by restarting the application.

**Why the answer is B:**
Amazon RDS Proxy is a managed database proxy service designed to solve this problem.
1. **Connection maintenance and automatic routing**: RDS Proxy is located between the application and the database, and it can automatically handle fault-tolerant migration of the database. When an RDS switch occurs, the Proxy automatically directs traffic to the new master instance, and the connection between the application and the Proxy can remain disconnected or quickly re-established without relying on application-side DNS resolution updates.
2. **Reduce switching time**: Using RDS Proxy can reduce MySQL's fault-tolerant migration switching time by up to 60%.
3. **Minimal changes**: Just create a Proxy and change the application's connection string, without migrating the database structure.

**Other options error reasons:**
* **Option A Error**: Aurora Serverless v1 is primarily intended for intermittent workloads, and pointing to the ""reader endpoint"" will cause the application to be unable to perform write operations. Additionally, it does not directly address the issue of application-side DNS caching that requires a reboot.
* **Option C Error**: Although Aurora with RDS Proxy is a viable architecture, this option is described incorrectly. It mentions ""configure an existing RDS endpoint as the target"" and if you have migrated to an Aurora cluster, the target should be the Aurora cluster and not the old RDS endpoint. Additionally, this adds unnecessary migration complexity compared to B.
* **Option D Error**: Amazon Athena is an interactive query service for analyzing S3 static data and is not a replacement for relational databases (OLTP). Migrating MySQL to Athena will result in application functionality failure and a significant decrease in performance, which is completely inconsistent with the scenario requirements.",B,B (100% community votes),一個應用程式正在 us-east-1 區域使用 Amazon RDS for MySQL 多可用區 (Multi-AZ) 資料庫執行個體。在進行容錯移轉 (failover) 測試後，應用程式失去了與資料庫的連線，且無法重新建立連線。在重新啟動應用程式後，應用程式才重新建立了連線。解決方案架構師必須實作一個解決方案，讓應用程式無需重新啟動即可重新建立與資料庫的連線。哪種解決方案能滿足這些需求？,"A. 建立一個 Amazon Aurora MySQL Serverless v1 資料庫執行個體。將 RDS 資料庫執行個體遷移至 Aurora Serverless v1 資料庫執行個體。更新應用程式中的連線設定，使其指向 Aurora 讀取器端點 (reader endpoint)。
B. 建立一個 RDS 代理伺服器 (RDS Proxy)。將現有的 RDS 端點配置為目標。更新應用程式中的連線設定，使其指向 RDS Proxy 端點。
C. 建立一個包含兩個節點的 Amazon Aurora MySQL 資料庫叢集。將 RDS 資料庫執行個體遷移至 Aurora 資料庫叢集。建立一個 RDS Proxy。將現有的 RDS 端點配置為目標。更新應用程式中的連線設定，使其指向 RDS Proxy 端點。
D. 建立一個 Amazon S3 儲存桶。使用 AWS Database Migration Service (AWS DMS) 將資料庫匯出至 Amazon S3。配置 Amazon Athena 使用該 S3 儲存桶作為資料存放區。為應用程式安裝最新的開放資料庫連接 (ODBC) 驅動程式。更新應用程式中的連線設定，使其指向 Athena 端點。","這題的核心問題在於應用程式端發生了 **DNS 快取 (DNS Caching)** 或是連線池無法正確處理 RDS 容錯移轉後的連線中斷。在 RDS Multi-AZ 環境中，發生容錯移轉時，RDS 會更換底層的 IP 地址，但其 DNS 名稱保持不變。如果應用程式或其運行環境（如 Java JVM）快取了舊的 IP，則會導致無法連線，直到重啟應用程式清除快取。

**為什麼答案是 B：**
Amazon RDS Proxy 是專為解決此類問題設計的託管型資料庫代理服務。
1. **連線保持與自動路由**：RDS Proxy 位於應用程式與資料庫之間，它能自動處理資料庫的容錯移轉。當 RDS 發生切換時，Proxy 會自動將流量導向新的主實例，而應用程式與 Proxy 之間的連線可以保持不斷開，或者能迅速重新建立，無需依賴應用程式端的 DNS 解析更新。
2. **減少切換時間**：使用 RDS Proxy 可以將 MySQL 的容錯移轉切換時間縮短高達 60% 以上。
3. **最小化改動**：只需建立 Proxy 並更改應用程式的連線字串，無需遷移資料庫架構。

**其他選項錯誤原因：**
*   **選項 A 錯誤**：Aurora Serverless v1 主要用於間歇性工作負載，且指向「讀取器端點」會導致應用程式無法執行寫入操作。此外，它並未直接解決應用程式端 DNS 快取導致必須重啟的問題。
*   **選項 C 錯誤**：雖然 Aurora 配合 RDS Proxy 是可行的架構，但該選項描述有誤。它提到「將現有的 RDS 端點配置為目標」，如果已經遷移到 Aurora 叢集，目標應該是 Aurora 叢集而非舊的 RDS 端點。此外，相較於 B，這增加了不必要的遷移複雜性。
*   **選項 D 錯誤**：Amazon Athena 是用於分析 S3 靜態資料的互動式查詢服務，並非關聯式資料庫 (OLTP) 的替代方案。將 MySQL 遷移到 Athena 會導致應用程式功能失效且效能大幅下降，完全不符合場景需求。"
73,"A company is building a solution in the AWS Cloud. Thousands or devices will connect to the solution and send data. Each
device needs to be able to send and receive data in real time over the MQTT protocol. Each device must authenticate by using
a unique X.509 certificate.
Which solution will meet these requirements with the LEAST operational overhead?","A. Set up AWS IoT Core. For each device, create a corresponding Amazon MQ queue and provision a certificate. Connect
each device to Amazon MQ.
B. Create a Network Load Balancer (NLB) and configure it with an AWS Lambda authorizer. Run an MQTT broker on Amazon
EC2 instances in an Auto Scaling group. Set the Auto Scaling group as the target for the NLConnect each device to the
NLB.
C. Set up AWS IoT Core. For each device, create a corresponding AWS IoT thing and provision a certificate. Connect each
device to AWS IoT Core.
D. Set up an Amazon API Gateway HTTP API and a Network Load Balancer (NLB). Create integration between API Gateway
and the NLB. Configure a mutual TLS certificate authorizer on the HTTP API. Run an MQTT broker on an Amazon EC2
instance that the NLB targets. Connect each device to the NLB.","The core requirements of this question are: **Large-scale device connections (thousands)**, **MQTT protocol**, **X.509 certificate verification** and **Least operational overhead**.

**Why the answer is C:**
1. **Native support:** AWS IoT Core is a hosting service designed specifically for the Internet of Things, and natively supports the MQTT protocol and two-way communication.
2. **Authentication:** It has built-in support for using X.509 certificates for device authentication, which fully meets the question requirements.
3. **Minimal maintenance overhead:** AWS IoT Core is a serverless and fully managed service. AWS will be responsible for the expansion, patching and high availability of the underlying infrastructure. Users only need to register ""things"" and credentials to handle thousands of device connections, which has the lowest maintenance burden of all options.

**Why the other options are incorrect:**
* **Option A is incorrect:** Although Amazon MQ supports MQTT, it is mainly used for migration of traditional messaging middleware (such as ActiveMQ or RabbitMQ). Building a queue for each of thousands of devices is impractical and difficult to manage, and its scalability and management capabilities for large-scale IoT devices are far less than IoT Core.
* **Option B is incorrect:** Running your own MQTT proxy server (such as Mosquitto) on EC2 requires you to be responsible for operating system patching, software installation, high availability configuration, and Auto Scaling strategies. This will generate huge maintenance overhead and does not meet the requirement of ""minimum maintenance overhead"".
* **Option D is incorrect:** API Gateway is primarily used for HTTP/REST traffic, not the long-lived MQTT protocol. In addition, this option also involves running an MQTT proxy server on EC2, which, like option B, will bring a heavy maintenance burden and the architecture will be too complex.",C,C (97% community votes),一家公司正在 AWS 雲端構建一個解決方案。成千上萬的裝置將連接到該解決方案並發送數據。每個裝置都需要能夠透過 MQTT 協定即時發送和接收數據。每個裝置必須使用唯一的 X.509 憑證進行身分驗證。哪種解決方案能以「最低的維運開銷」滿足這些要求？,"A. 設置 AWS IoT Core。為每個裝置創建對應的 Amazon MQ 佇列並配置憑證。將每個裝置連接到 Amazon MQ。
B. 建立一個網路負載平衡器 (NLB) 並配置 AWS Lambda 授權方。在 Auto Scaling 群組中的 Amazon EC2 執行個體上運行 MQTT 代理伺服器 (broker)。將 Auto Scaling 群組設置為 NLB 的目標。將每個裝置連接到 NLB。
C. 設置 AWS IoT Core。為每個裝置創建對應的 AWS IoT 物件 (thing) 並配置憑證。將每個裝置連接到 AWS IoT Core。
D. 設置 Amazon API Gateway HTTP API 和網路負載平衡器 (NLB)。在 API Gateway 和 NLB 之間建立整合。在 HTTP API 上配置雙向 TLS (mTLS) 憑證授權方。在 NLB 目標的 Amazon EC2 執行個體上運行 MQTT 代理伺服器。將每個裝置連接到 NLB。","這道題目的核心需求是：**大規模裝置連接（成千上萬）**、**MQTT 協定**、**X.509 憑證驗證**以及**最低的維運開銷 (Least operational overhead)**。

**為什麼答案是 C：**
1. **原生支援：** AWS IoT Core 是專為物聯網設計的託管服務，原生支援 MQTT 協定與雙向通訊。
2. **身分驗證：** 它內建支援使用 X.509 憑證進行裝置身分驗證，完全符合題目要求。
3. **維運開銷最低：** AWS IoT Core 是一項無伺服器 (Serverless) 且全託管的服務，AWS 會負責底層基礎設施的擴展、修補與高可用性。使用者只需註冊「物件 (Thing)」與憑證，即可處理成千上萬的裝置連接，這在所有選項中維運負擔最小。

**為什麼其他選項不正確：**
*   **選項 A 不正確：** Amazon MQ 雖然支援 MQTT，但它主要用於傳統訊息中間件的遷移（如 ActiveMQ 或 RabbitMQ）。為成千上萬的裝置每個都建立一個佇列是不切實際且難以管理的，且其擴展性與針對大規模 IoT 裝置的管理能力遠不如 IoT Core。
*   **選項 B 不正確：** 在 EC2 上自行運行 MQTT 代理伺服器（如 Mosquitto）需要自行負責作業系統修補、軟體安裝、高可用性配置與 Auto Scaling 策略。這會產生極大的維運開銷，不符合「最低維運開銷」的要求。
*   **選項 D 不正確：** API Gateway 主要用於 HTTP/REST 流量，而非長連接的 MQTT 協定。此外，此方案同樣涉及在 EC2 上運行 MQTT 代理伺服器，這與選項 B 一樣會帶來沉重的維運負擔，且架構過於複雜。"
74,"A company is running several workloads in a single AWS account. A new company policy states that engineers can provision
only approved resources and that engineers must use AWS CloudFormation to provision these resources. A solutions architect
needs to create a solution to enforce the new restriction on the IAM role that the engineers use for access.
What should the solutions architect do to create the solution?","A. Upload AWS CloudFormation templates that contain approved resources to an Amazon S3 bucket. Update the IAM policy
for the engineers’ IAM role to only allow access to Amazon S3 and AWS CloudFormation. Use AWS CloudFormation
templates to provision resources.
B. Update the IAM policy for the engineers’ IAM role with permissions to only allow provisioning of approved resources and
AWS CloudFormation. Use AWS CloudFormation templates to create stacks with approved resources.
C. Update the IAM policy for the engineers’ IAM role with permissions to only allow AWS CloudFormation actions. Create a
new IAM policy with permission to provision approved resources, and assign the policy to a new IAM service role. Assign
the IAM service role to AWS CloudFormation during stack creation.
D. Provision resources in AWS CloudFormation stacks. Update the IAM policy for the engineers’ IAM role to only allow
access to their own AWS CloudFormation stack.","There are two core requirements for this question: first, engineers ""can only"" deploy approved resources; second, engineers ""must"" deploy through CloudFormation.

**Why the answer is C:**
This is the best practice to implement the ""principle of least privilege"" and ""forced process automation"" in AWS.
1. **Restrict engineer permissions**: By updating the engineers' IAM policy, remove their permission to directly create resources (such as EC2, RDS, etc.), and only retain the permission to operate CloudFormation. This ensures that engineers cannot bypass CloudFormation and manually build resources.
2. **Use Service Role**: Create an IAM service role specifically for CloudFormation and grant the role the permission to deploy approved resources.
3. **PassRole**: When engineers create a stack, CloudFormation will ""assume"" this service role to perform resource deployment on its behalf. In this way, only through CloudFormation can the permissions of the service role be used to create resources, which is in perfect compliance with company policies.

**Why the other options are incorrect:**
* **Option A is incorrect**: Simply placing the template in S3 and restricting access to S3/CloudFormation is not enough. If an engineer's IAM role already has permission to create resources, they can still manually create non-compliant resources through the CLI or console. In addition, CloudFormation itself also requires permissions to perform deployment, and this option does not specify the source of permissions.
* **Option B is incorrect**: If you add the permission to deploy resources directly to the engineer's IAM role, the engineer can skip CloudFormation and directly use the API or console to create these resources. This violates the ""CloudFormation required"" policy requirement.
* **Option D is incorrect**: Restricting engineers to only access their own stack is about resource management visibility. It does not prevent engineers from manually creating resources that are not managed by CloudFormation, nor does it restrict them from deploying only ""approved"" resource types.",C,C (98% community votes),一家公司在單一 AWS 帳戶中運行多個工作負載。一項新的公司政策規定，工程師只能佈署（provision）經過核准的資源，且必須使用 AWS CloudFormation 來佈署這些資源。解決方案架構師需要建立一個解決方案，以針對工程師用於存取的 IAM 角色強制執行這項新限制。解決方案架構師應該如何建立此解決方案？,"A. 將包含核准資源的 AWS CloudFormation 範本上傳到 Amazon S3 儲存桶。更新工程師 IAM 角色的 IAM 策略，僅允許存取 Amazon S3 和 AWS CloudFormation。使用 AWS CloudFormation 範本來佈署資源。
B. 更新工程師 IAM 角色的 IAM 策略，權限僅允許佈署核准的資源和 AWS CloudFormation。使用 AWS CloudFormation 範本建立包含核准資源的堆疊（stacks）。
C. 更新工程師 IAM 角色的 IAM 策略，權限僅允許 AWS CloudFormation 相關操作。建立一個具有佈署核准資源權限的新 IAM 策略，並將該策略分配給一個新的 IAM 服務角色（service role）。在建立堆疊期間，將該 IAM 服務角色分配給 AWS CloudFormation。
D. 在 AWS CloudFormation 堆疊中佈署資源。更新工程師 IAM 角色的 IAM 策略，僅允許存取他們自己的 AWS CloudFormation 堆疊。","本題的核心需求有兩個：第一，工程師「只能」佈署核准的資源；第二，工程師「必須」透過 CloudFormation 進行佈署。

**為什麼答案是 C：**
這是 AWS 中實現「最小權限原則」與「強制流程自動化」的最佳實踐。
1. **限制工程師權限**：透過更新工程師的 IAM 策略，移除他們直接建立資源（如 EC2, RDS 等）的權限，僅保留操作 CloudFormation 的權限。這確保了工程師無法繞過 CloudFormation 手動建立資源。
2. **使用服務角色（Service Role）**：建立一個專門給 CloudFormation 使用的 IAM 服務角色，並賦予該角色佈署核准資源的權限。
3. **傳遞角色（PassRole）**：當工程師建立堆疊時，CloudFormation 會「假設（Assume）」這個服務角色來代為執行資源佈署。這樣一來，只有透過 CloudFormation 才能利用該服務角色的權限來建立資源，完美符合公司政策。

**為什麼其他選項不正確：**
*   **選項 A 不正確**：僅將範本放在 S3 並限制存取 S3/CloudFormation 並不足夠。如果工程師的 IAM 角色原本就擁有建立資源的權限，他們仍然可以透過 CLI 或主控台手動建立不合規的資源。此外，CloudFormation 本身也需要權限來執行佈署，此選項未交代權限來源。
*   **選項 B 不正確**：如果直接在工程師的 IAM 角色中加入佈署資源的權限，工程師就可以跳過 CloudFormation，直接使用 API 或主控台來建立這些資源。這違反了「必須使用 CloudFormation」的政策要求。
*   **選項 D 不正確**：限制工程師只能存取自己的堆疊（Stack）是關於資源管理的可見性，並不能防止工程師手動建立非 CloudFormation 管理的資源，也無法限制他們只能佈署「核准」的資源類型。"
75,"A solutions architect is designing the data storage and retrieval architecture for a new application that a company will be
launching soon. The application is designed to ingest millions of small records per minute from devices all around the world.
Each record is less than 4 KB in size and needs to be stored in a durable location where it can be retrieved with low latency.
The data is ephemeral and the company is required to store the data for 120 days only, after which the data can be deleted.
The solutions architect calculates that, during the course of a year, the storage requirements would be about 10-15 TB.
Which storage strategy is the MOST cost-effective and meets the design requirements?","A. Design the application to store each incoming record as a single .csv file in an Amazon S3 bucket to allow for indexed
retrieval. Configure a lifecycle policy to delete data older than 120 days.
B. Design the application to store each incoming record in an Amazon DynamoDB table properly configured for the scale.
Configure the DynamoDB Time to Live (TTL) feature to delete records older than 120 days.
C. Design the application to store each incoming record in a single table in an Amazon RDS MySQL database. Run a nightly
cron job that runs a query to delete any records older than 120 days.
D. Design the application to batch incoming records before writing them to an Amazon S3 bucket. Update the metadata for
the object to contain the list of records in the batch and use the Amazon S3 metadata search feature to retrieve the data.
Configure a lifecycle policy to delete the data after 120 days.","The core requirements of this question are to handle ""high frequency writes (millions of entries per minute)"", ""small size records (< 4 KB)"", ""low latency retrieval"" and ""automated expiration deletion"".

1. **Why choose B:**
   - **High scalability and low latency:** Amazon DynamoDB is a fully managed NoSQL database designed for large-scale, high-throughput applications. It can easily handle millions of requests per second and provide millisecond-level read and write latencies, which fully meets the problem's processing requirements for small records (< 4 KB).
   - **Automated Cleanup (TTL):** DynamoDB's Time to Live (TTL) feature is free and automatically deletes expired records based on timestamps without consuming additional write throughput (WCU), making it the most cost-effective solution to the requirement to delete data after 120 days.

2. **Why the other options are incorrect:**
   - **Option A is incorrect:** Although Amazon S3 storage is cheap, its API requests are expensive. Millions of records per minute means millions of PUT requests per minute, which results in extremely expensive bills. In addition, saving each 4 KB record as an independent file cannot guarantee low latency in terms of retrieval efficiency.
   - **Option C is incorrect:** Amazon RDS (relational database) will face serious performance bottlenecks when processing millions of writes per minute, which usually requires expensive hardware configuration or complex sharding. In addition, using `DELETE` queries to delete large amounts of old data will consume a lot of IOPS and cause database locking issues, affecting overall performance.
   - **Option D is incorrect:** Although batch processing can reduce the request cost of S3, Amazon S3 does not have a so-called ""metadata search function"" to provide low-latency single record retrieval. To retrieve specific records in batch files, you usually need to use S3 Select or Athena, which cannot meet the requirements of ""low latency retrieval"" and has high architectural complexity.

In summary, for the access and automatic expiration mechanism of high-frequency small data, **DynamoDB with TTL** is the best practice in AWS architecture design.",B,B (83% community votes),一位解決方案架構師正在為公司即將推出的新應用程式設計資料儲存與檢索架構。該應用程式旨在每分鐘從全球各地的裝置接收數百萬條小記錄。每條記錄的大小小於 4 KB，且需要儲存在一個持久的位置，並能以低延遲進行檢索。資料是暫時性的，公司僅需將資料儲存 120 天，之後即可刪除。架構師計算出，在一年的時間內，儲存需求約為 10-15 TB。哪種儲存策略最具成本效益且符合設計要求？,"A. 設計應用程式將每條傳入的記錄作為單個 .csv 檔案儲存在 Amazon S3 儲存桶中，以允許索引檢索。配置生命週期策略以刪除超過 120 天的資料。
B. 設計應用程式將每條傳入的記錄儲存在適當配置規模的 Amazon DynamoDB 資料表中。配置 DynamoDB 生存時間 (TTL) 功能以刪除超過 120 天的記錄。
C. 設計應用程式將每條傳入的記錄儲存在 Amazon RDS MySQL 資料庫的單個資料表中。運行每日定時任務 (cron job)，執行查詢以刪除任何超過 120 天的記錄。
D. 設計應用程式在將傳入記錄寫入 Amazon S3 儲存桶之前進行批次處理。更新物件的元數據 (metadata) 以包含批次中的記錄列表，並使用 Amazon S3 元數據搜尋功能來檢索資料。配置生命週期策略在 120 天後刪除資料。","這道題目的核心需求在於處理「高頻率寫入（每分鐘數百萬條）」、「小尺寸記錄（< 4 KB）」、「低延遲檢索」以及「自動化過期刪除」。

1. **為什麼選擇 B：**
   - **高擴展性與低延遲：** Amazon DynamoDB 是一款全託管的 NoSQL 資料庫，專為大規模、高吞吐量的應用設計，能夠輕鬆處理每秒數百萬次的請求，並提供毫秒級的讀寫延遲，完全符合題目對小記錄（< 4 KB）的處理需求。
   - **自動化清理（TTL）：** DynamoDB 的生存時間 (TTL) 功能是免費的，它能根據時間戳自動刪除過期記錄，不會消耗額外的寫入吞吐量（WCU），這對於 120 天後刪除資料的要求是最具成本效益的解決方案。

2. **為什麼其他選項不正確：**
   - **選項 A 不正確：** 雖然 Amazon S3 儲存成本低，但其 API 請求成本很高。每分鐘數百萬條記錄意味著每分鐘產生數百萬次 PUT 請求，這會導致極其昂貴的帳單。此外，將每條 4 KB 的記錄存為獨立檔案，在檢索效率上也無法保證低延遲。
   - **選項 C 不正確：** Amazon RDS（關聯式資料庫）在處理每分鐘數百萬次的寫入時，會面臨嚴重的效能瓶頸，通常需要昂貴的硬體配置或複雜的分庫分表（Sharding）。此外，使用 `DELETE` 查詢來刪除大量舊資料會消耗大量 IOPS 並產生資料庫鎖定問題，影響整體效能。
   - **選項 D 不正確：** 雖然批次處理可以降低 S3 的請求成本，但 Amazon S3 並沒有所謂的「元數據搜尋功能」來提供低延遲的單條記錄檢索。若要檢索批次檔案中的特定記錄，通常需要使用 S3 Select 或 Athena，這無法滿足「低延遲檢索」的要求，且架構複雜度較高。

總結來說，針對高頻率小資料的存取與自動過期機制，**DynamoDB 搭配 TTL** 是 AWS 架構設計中的最佳實踐。"
76,"A retail company is hosting an ecommerce website on AWS across multiple AWS Regions. The company wants the website to
be operational at all times for online purchases. The website stores data in an Amazon RDS for MySQL DB instance.
Which solution will provide the HIGHEST availability for the database?","A. Configure automated backups on Amazon RDS. In the case of disruption, promote an automated backup to be a
standalone DB instance. Direct database traffic to the promoted DB instance. Create a replacement read replica that has
the promoted DB instance as its source.
B. Configure global tables and read replicas on Amazon RDS. Activate the cross-Region scope. In the case of disruption,
use AWS Lambda to copy the read replicas from one Region to another Region.
C. Configure global tables and automated backups on Amazon RDS. In the case of disruption, use AWS Lambda to copy the
read replicas from one Region to another Region.
D. Configure read replicas on Amazon RDS. In the case of disruption, promote a cross-Region and read replica to be a
standalone DB instance. Direct database traffic to the promoted DB instance. Create a replacement read replica that has
the promoted DB instance as its source.","This question tests the cross-region disaster recovery (Disaster Recovery) and high-availability architecture design of Amazon RDS.

**Why the answer is D:**
1. **Cross-region requirements**: The question mentioned that the website is deployed in ""multiple regions"". In order to ensure that it can still operate when a regional level failure occurs, it must have cross-region data redundancy.
2. **Advantages of RTO and RPO**: In Amazon RDS for MySQL, establishing a ""Cross-Region Read Replica"" is the best practice to achieve geographic redundancy. When an outage occurs in the primary region, the existing read replica is ""promoted"" to a separate database execution instance, which is much faster than restoring from a backup.
3. **Subsequent recovery**: After upgrading the replica, direct the traffic to the new execution instance, and re-establish a new read replica to maintain a high-availability architecture, which meets enterprise-level operational continuity requirements.

**Why the other options are incorrect:**
* **Option A is incorrect**: Although automatic backup is necessary, restoring from a backup (snapshot) to a new execution instance takes a long time (higher RTO), and the backup is usually stored in S3 in a specific region. The cross-region restore process is slower than directly promoting the read replica, and does not meet the requirements of ""highest availability"".
* **Options B and C are incorrect**: ""Global Tables"" is an exclusive feature of **Amazon DynamoDB**, not a feature of Amazon RDS (MySQL). Additionally, using Lambda to replicate read replicas is not a standard or efficient way for RDS to handle failover. The descriptions in the options confuse the characteristics of the different database services.",D,D (93% community votes),一家零售公司在多個 AWS 區域（Regions）託管一個電子商務網站。該公司希望網站能隨時保持運作以進行線上購物。該網站將資料儲存在 Amazon RDS for MySQL 資料庫執行個體中。哪種解決方案能為該資料庫提供「最高」的可用性？,"A. 在 Amazon RDS 上設定自動備份。發生中斷時，將自動備份提升為獨立的資料庫執行個體。將資料庫流量導向提升後的資料庫執行個體。建立一個以提升後的資料庫執行個體為來源的替代讀取複本。
B. 在 Amazon RDS 上設定全域資料表（Global tables）和讀取複本。啟用跨區域範圍。發生中斷時，使用 AWS Lambda 將讀取複本從一個區域複製到另一個區域。
C. 在 Amazon RDS 上設定全域資料表（Global tables）和自動備份。發生中斷時，使用 AWS Lambda 將讀取複本從一個區域複製到另一個區域。
D. 在 Amazon RDS 上設定讀取複本。發生中斷時，將跨區域讀取複本提升為獨立的資料庫執行個體。將資料庫流量導向提升後的資料庫執行個體。建立一個以提升後的資料庫執行個體為來源的替代讀取複本。","這道題目考驗的是 Amazon RDS 的跨區域災難復原（Disaster Recovery）與高可用性架構設計。

**為什麼答案是 D：**
1. **跨區域需求**：題目提到網站部署在「多個區域」，為了確保在區域級別發生故障時仍能運作，必須具備跨區域的資料冗餘。
2. **RTO 與 RPO 的優勢**：在 Amazon RDS for MySQL 中，建立「跨區域讀取複本（Cross-Region Read Replica）」是實現地理冗餘的最佳實踐。當主區域發生中斷時，將現有的讀取複本「提升（Promote）」為獨立的資料庫執行個體，其速度遠快於從備份中還原。
3. **後續恢復**：提升複本後，將流量導向新執行個體，並重新建立新的讀取複本以維持高可用架構，這符合企業級的營運持續性需求。

**為什麼其他選項不正確：**
*   **選項 A 不正確**：雖然自動備份是必要的，但從備份（快照）還原成一個新的執行個體需要耗費較長的時間（RTO 較高），且備份通常儲存在特定區域的 S3 中，跨區域還原的流程比直接提升讀取複本更慢，不符合「最高可用性」的要求。
*   **選項 B 與 C 不正確**：「全域資料表（Global Tables）」是 **Amazon DynamoDB** 的專屬功能，並非 Amazon RDS (MySQL) 的功能。此外，使用 Lambda 複製讀取複本並非 RDS 處理故障轉移的標準或有效做法。選項中的描述混淆了不同資料庫服務的特性。"
77,"Example Corp. has an on-premises data center and a VPC named VPC A in the Example Corp. AWS account. The on-premises
network connects to VPC A through an AWS Site-To-Site VPN. The on-premises servers can properly access VPC A. Example
Corp. just acquired AnyCompany, which has a VPC named VPC B. There is no IP address overlap among these networks.
Example Corp. has peered VPC A and VPC B.
Example Corp. wants to connect from its on-premise servers to VPC B. Example Corp. has properly set up the network ACL and
security groups.
Which solution will meet this requirement with the LEAST operational effort?","A. Create a transit gateway. Attach the Site-to-Site VPN, VPC A, and VPC B to the transit gateway. Update the transit
gateway route tables for all networks to add IP range routes for all other networks.
B. Create a transit gateway. Create a Site-to-Site VPN connection between the on-premises network and VPC B, and
connect the VPN connection to the transit gateway. Add a route to direct traffic to the peered VPCs, and add an
authorization rule to give clients access to the VPCs A and B.
C. Update the route tables for the Site-to-Site VPN and both VPCs for all three networks. Configure BGP propagation for all
three networks. Wait for up to 5 minutes for BGP propagation to finish.
D. Modify the Site-to-Site VPN’s virtual private gateway definition to include VPC A and VPC B. Split the two routers of the
virtual private getaway between the two VPCs.","The core test point of this question is that **VPC Peering does not support transitive routing**.

1. **Why the answer is A:**
   In the AWS network architecture, VPC Peering is non-transitive. This means that although the local network can reach VPC A through VPN, it cannot ""pass through"" VPC A and then reach VPC B through Peering. In order to achieve intercommunication between the ground, VPC A, and VPC B, the most effective and scalable way is to use **AWS Transit Gateway (TGW)**. TGW acts as a cloud router (Hub) and supports transitive routing. Mount VPN, VPC A and VPC B to the TGW at the same time and set the correct routing table to allow the local server to access VPC B smoothly.

2. **Why the other options are incorrect:**
   * **Option B is incorrect:** Although TGW is the correct component, this option recommends establishing a new VPN for VPC B and involves ""Authorization rules"", which is usually the concept of Client VPN rather than Site-to-Site VPN. This will increase unnecessary maintenance complexity and does not meet the requirements of ""minimum maintenance workload"".
   * **Choice C is incorrect:** This is the most common misconception. Even if the routing table is updated and BGP is enabled, VPC Peering itself still does not support edge-to-edge route delivery on the underlying architecture. Ground traffic cannot be forwarded to the Peering connection through the VGW of VPC A.
   * **Option D is incorrect:** The design of the Virtual Private Gateway (VGW) is one-to-one, and a VGW can only be associated with one VPC. It is not possible to define a VGW to two VPCs at the same time, nor to ""split"" its internal routers for use by different VPCs.",A,A (91% community votes),Example Corp. 擁有一個地端資料中心以及一個位於其 AWS 帳戶中名為 VPC A 的 VPC。地端網路透過 AWS Site-to-Site VPN 與 VPC A 連接，且地端伺服器可正常存取 VPC A。Example Corp. 最近收購了 AnyCompany，該公司擁有一個名為 VPC B 的 VPC。這些網路之間的 IP 位址範圍均未重疊。Example Corp. 已經建立了 VPC A 與 VPC B 的對等連接（VPC Peering）。現在 Example Corp. 希望能從其地端伺服器連接到 VPC B。Example Corp. 已經正確設定了網路 ACL（NACL）與安全群組（Security Groups）。請問哪一個解決方案能以「最小的維運工作量」滿足此需求？,"A. 建立一個 Transit Gateway。將 Site-to-Site VPN、VPC A 與 VPC B 均連接至該 Transit Gateway。更新所有網路的 Transit Gateway 路由表，為所有其他網路新增 IP 範圍路由。
B. 建立一個 Transit Gateway。在地端網路與 VPC B 之間建立一個 Site-to-Site VPN 連接，並將該 VPN 連接至 Transit Gateway。新增一條路由將流量導向對等的 VPC，並新增一條授權規則以授予用戶端存取 VPC A 與 VPC B 的權限。
C. 更新 Site-to-Site VPN 以及兩個 VPC 的路由表，涵蓋所有三個網路。為所有三個網路設定 BGP 傳播（BGP propagation）。等待最多 5 分鐘讓 BGP 傳播完成。
D. 修改 Site-to-Site VPN 的虛擬私有閘道（VGW）定義，以包含 VPC A 與 VPC B。將虛擬私有閘道的兩個路由器拆分到兩個 VPC 之間。","本題的核心考點在於 **VPC 對等連接（VPC Peering）不支援傳遞性路由（Transitive Routing）**。

1. **為什麼答案是 A：**
   在 AWS 網路架構中，VPC Peering 具有非傳遞性。這意味著地端網路雖然可以透過 VPN 抵達 VPC A，但無法「路過」VPC A 再透過 Peering 抵達 VPC B。為了實現地端、VPC A、VPC B 三者之間的互通，最有效且具擴展性的方式是使用 **AWS Transit Gateway (TGW)**。TGW 充當雲端路由器（Hub），支援傳遞性路由。將 VPN、VPC A 與 VPC B 同時掛載到 TGW 並設定正確的路由表，即可讓地端伺服器順利存取 VPC B。

2. **為什麼其他選項不正確：**
   * **選項 B 不正確：** 雖然 TGW 是正確組件，但此選項建議為 VPC B 建立新的 VPN 並涉及「授權規則（Authorization rules）」，這通常是 Client VPN 的概念而非 Site-to-Site VPN。這會增加不必要的維運複雜度，不符合「最小維運工作量」的要求。
   * **選項 C 不正確：** 這是最常見的錯誤觀念。即使更新了路由表並啟動 BGP，VPC Peering 本身在底層架構上依然不支援邊緣對邊緣（Edge-to-Edge）的路由傳遞。地端流量無法透過 VPC A 的 VGW 轉發到 Peering 連接。
   * **選項 D 不正確：** 虛擬私有閘道（VGW）的設計是一對一的，一個 VGW 只能關聯到一個 VPC。無法將一個 VGW 同時定義給兩個 VPC，也無法將其內部的路由器「拆分」給不同的 VPC 使用。"
78,"A company recently completed the migration from an on-premises data center to the AWS Cloud by using a replatforming
strategy. One of the migrated servers is running a legacy Simple Mail Transfer Protocol (SMTP) service that a critical
application relies upon. The application sends outbound email messages to the company’s customers. The legacy SMTP server
does not support TLS encryption and uses TCP port 25. The application can use SMTP only.
The company decides to use Amazon Simple Email Service (Amazon SES) and to decommission the legacy SMTP server. The
company has created and validated the SES domain. The company has lifted the SES limits.
What should the company do to modify the application to send email messages from Amazon SES?","A. Configure the application to connect to Amazon SES by using TLS Wrapper. Create an IAM role that has ses:SendEmail
and ses:SendRawEmail permissions. Attach the IAM role to an Amazon EC2 instance.
B. Configure the application to connect to Amazon SES by using STARTTLS. Obtain Amazon SES SMTP credentials. Use the
credentials to authenticate with Amazon SES.
C. Configure the application to use the SES API to send email messages. Create an IAM role that has ses:SendEmail and
ses:SendRawEmail permissions. Use the IAM role as a service role for Amazon SES.
D. Configure the application to use AWS SDKs to send email messages. Create an IAM user for Amazon SES. Generate API
access keys. Use the access keys to authenticate with Amazon SES.","The core of this question is to meet the technical limitations of the application and comply with the access specifications of Amazon SES.

1. **Why the answer is B:**
   - **Key limitation:** The question clearly states ""The application can use SMTP only"". This means we cannot change the application code to call the API or use the SDK.
   - **Authentication:** When an application communicates with Amazon SES through the SMTP interface, it must use a dedicated ""SMTP Credential"" (containing a username and password), not an IAM role or a general API access key.
   - **Encrypted Transfer:** Although the old server does not support encryption, Amazon SES requires an encrypted connection. STARTTLS is the standard method in the SMTP protocol to upgrade a plaintext connection to an encrypted connection, and is applicable to port 25, 587, or 2587.

2. **Why the other options are incorrect:**
   - **Option A error:** TLS Wrapper (usually used for port 465) is an encryption method, but this option mentions using an ""IAM role"" for SMTP authentication. Standard SMTP clients cannot directly use the IAM role attached to EC2 for SMTP authentication and must provide the SMTP account and password.
   - **Options C and D are wrong:** These two options recommend using ""SES API"" and ""AWS SDK"" respectively. The question already emphasizes that the application ""can only use SMTP"", so any solution that requires rewriting the code to support API or SDK does not meet the restrictions required by the question. Additionally, option C mentions the IAM role as a service role for SES which is also a misunderstanding of the purpose of IAM.",B,B (85% community votes),一家公司最近使用重構平台 (replatforming) 策略，完成了從地端資料中心到 AWS 雲端的遷移。其中一台遷移的伺服器正在執行一個關鍵應用程式所依賴的舊版簡易郵件傳輸協定 (SMTP) 服務。該應用程式會向公司的客戶發送外寄電子郵件。舊版 SMTP 伺服器不支援 TLS 加密且使用 TCP 連接埠 25。該應用程式僅能使用 SMTP。公司決定使用 Amazon Simple Email Service (Amazon SES) 並停用舊版 SMTP 伺服器。公司已建立並驗證了 SES 網域，且已解除 SES 的限制。公司應該如何修改應用程式，以便從 Amazon SES 發送電子郵件？,"A. 設定應用程式使用 TLS 包裝器 (TLS Wrapper) 連接到 Amazon SES。建立一個具有 ses:SendEmail 和 ses:SendRawEmail 權限的 IAM 角色。將該 IAM 角色連接到 Amazon EC2 執行個體。
B. 設定應用程式使用 STARTTLS 連接到 Amazon SES。獲取 Amazon SES SMTP 憑證。使用該憑證向 Amazon SES 進行身分驗證。
C. 設定應用程式使用 SES API 發送電子郵件。建立一個具有 ses:SendEmail 和 ses:SendRawEmail 權限的 IAM 角色。將該 IAM 角色用作 Amazon SES 的服務角色。
D. 設定應用程式使用 AWS SDK 發送電子郵件。為 Amazon SES 建立一個 IAM 使用者。產生 API 存取金鑰。使用該存取金鑰向 Amazon SES 進行身分驗證。","本題的核心在於滿足應用程式的技術限制並符合 Amazon SES 的存取規範。

1. **為什麼答案是 B：**
   - **關鍵限制：** 題目明確指出「該應用程式僅能使用 SMTP」(The application can use SMTP only)。這意味著我們不能更改應用程式程式碼來呼叫 API 或使用 SDK。
   - **身分驗證：** 當應用程式透過 SMTP 介面與 Amazon SES 通訊時，必須使用專用的「SMTP 憑證」（包含使用者名稱和密碼），而不是 IAM 角色或一般的 API 存取金鑰。
   - **加密傳輸：** 雖然舊伺服器不支援加密，但 Amazon SES 要求加密連接。STARTTLS 是 SMTP 協定中將明文連線升級為加密連線的標準方式，適用於連接埠 25、587 或 2587。

2. **為什麼其他選項不正確：**
   - **選項 A 錯誤：** TLS Wrapper (通常用於連接埠 465) 雖然是一種加密方式，但該選項提到使用「IAM 角色」來進行 SMTP 驗證。標準的 SMTP 客戶端無法直接利用附加在 EC2 上的 IAM 角色來進行 SMTP 認證，必須提供 SMTP 帳號密碼。
   - **選項 C 與 D 錯誤：** 這兩個選項分別建議使用「SES API」和「AWS SDK」。題目已經強調應用程式「僅能使用 SMTP」，因此任何需要改寫程式碼以支援 API 或 SDK 的方案都不符合題目要求的限制條件。此外，選項 C 提到將 IAM 角色作為 SES 的服務角色也是對 IAM 用途的誤解。"
79,"A company recently acquired several other companies. Each company has a separate AWS account with a different billing and
reporting method. The acquiring company has consolidated all the accounts into one organization in AWS Organizations.
However, the acquiring company has found it difficult to generate a cost report that contains meaningful groups for all the
teams.
The acquiring company’s finance team needs a solution to report on costs for all the companies through a self-managed
application.
Which solution will meet these requirements?","A. Create an AWS Cost and Usage Report for the organization. Define tags and cost categories in the report. Create a table
in Amazon Athena. Create an Amazon QuickSight dataset based on the Athena table. Share the dataset with the finance
team.
B. Create an AWS Cost and Usage Report for the organization. Define tags and cost categories in the report. Create a
specialized template in AWS Cost Explorer that the finance department will use to build reports.
C. Create an Amazon QuickSight dataset that receives spending information from the AWS Price List Query API. Share the
dataset with the finance team.
D. Use the AWS Price List Query API to collect account spending information. Create a specialized template in AWS Cost
Explorer that the finance department will use to build reports.","The correct answer is A.
Reason analysis:
1. **AWS Cost and Usage Report (CUR)** is AWS's most detailed cost and usage report, providing the most detailed data granularity and suitable for scenarios that require complex analysis and customized reports.
2. **Cost Categories** and **Tags** are key tools for grouping and categorizing the costs of different accounts and teams, which can solve the problem of ""difficulty in generating meaningful groupings"" mentioned in the question.
3. **Amazon Athena** allows users to use standard SQL to query CUR data stored in S3, which is the best choice for finance teams who need to ""self-manage applications"" or conduct in-depth data analysis.
4. **Amazon QuickSight** provides powerful visualization and reporting functions, and can easily share data sets with the financial team.

Reason for option error:
- **Option B**: Although AWS Cost Explorer is suitable for quickly viewing costs, it is a pre-built tool and cannot meet the need for deeply customized reporting ""through self-managed applications"" mentioned in the question.
- **Options C and D**: The AWS Price List Query API is mainly used to query the pricing information of AWS services (for example: the unit price of an execution instance in a certain region), rather than to obtain the actual ""expenditure information"" or ""cost report"" of the account. Therefore, these options do not provide the account spend analysis that finance teams require.",A,A (100% community votes),一家公司最近收購了幾家其他公司。每家公司都有一個獨立的 AWS 帳戶，且採用不同的計費與報告方式。收購公司已將所有帳戶整合至 AWS Organizations 中的一個組織內。然而，收購公司發現很難產生一份包含所有團隊有意義分組的成本報告。收購公司的財務團隊需要一個解決方案，透過自行管理的應用程式來報告所有公司的成本。哪一個解決方案能滿足這些需求？,"A. 為該組織建立 AWS 成本與使用量報告 (AWS Cost and Usage Report, CUR)。在報告中定義標籤 (Tags) 與成本類別 (Cost Categories)。在 Amazon Athena 中建立資料表。根據 Athena 資料表建立 Amazon QuickSight 資料集。將該資料集與財務團隊共享。
B. 為該組織建立 AWS 成本與使用量報告。在報告中定義標籤與成本類別。在 AWS Cost Explorer 中建立一個專門的範本，供財務部門用來建立報告。
C. 建立一個 Amazon QuickSight 資料集，從 AWS Price List Query API 接收支出資訊。將該資料集與財務團隊共享。
D. 使用 AWS Price List Query API 來收集帳戶支出資訊。在 AWS Cost Explorer 中建立一個專門的範本，供財務部門用來建立報告。","正確答案為 A。
原因解析：
1. **AWS Cost and Usage Report (CUR)** 是 AWS 最詳細的成本與使用量報告，能夠提供最細緻的資料粒度，適合需要進行複雜分析與自訂報告的場景。
2. **成本類別 (Cost Categories)** 與 **標籤 (Tags)** 是將不同帳戶與團隊成本進行分組與歸類的關鍵工具，能解決題目中提到的「難以產生有意義分組」的問題。
3. **Amazon Athena** 允許使用者使用標準 SQL 查詢儲存在 S3 中的 CUR 資料，這對於需要「自行管理應用程式」或進行深度資料分析的財務團隊來說是最佳選擇。
4. **Amazon QuickSight** 則提供了強大的視覺化與報表功能，並能輕鬆與財務團隊共享資料集。

選項錯誤原因：
- **選項 B**：AWS Cost Explorer 雖然適合快速檢視成本，但它是一個預先建構的工具，無法滿足題目中提到的「透過自行管理的應用程式」來進行深度客製化報告的需求。
- **選項 C 與 D**：AWS Price List Query API 主要用於查詢 AWS 服務的定價資訊（例如：某個執行個體在某個區域的單價），而非用於獲取帳戶實際的「支出資訊」或「成本報告」。因此，這些選項無法提供財務團隊所需的帳戶支出分析。"
80,"A company runs an IoT platform on AWS. IoT sensors in various locations send data to the company’s Node.js API servers on
Amazon EC2 instances running behind an Application Load Balancer. The data is stored in an Amazon RDS MySQL DB instance
that uses a 4 TB General Purpose SSD volume.
The number of sensors the company has deployed in the field has increased over time, and is expected to grow significantly.
The API servers are consistently overloaded and RDS metrics show high write latency.
Which of the following steps together will resolve the issues permanently and enable growth as new sensors are provisioned,
while keeping this platform cost-efficient? (Choose two.)","A. Resize the MySQL General Purpose SSD storage to 6 TB to improve the volume’s IOPS.
B. Re-architect the database tier to use Amazon Aurora instead of an RDS MySQL DB instance and add read replicas.
C. Leverage Amazon Kinesis Data Streams and AWS Lambda to ingest and process the raw data.
D. Use AWS X-Ray to analyze and debug application issues and add more API servers to match the load.
E. Re-architect the database tier to use Amazon DynamoDB instead of an RDS MySQL DB instance.","The core challenges of this question are ""high write latency"" and ""expected significant data volume growth.""

1. **Why choose C:**
   The current architecture is that the sensor writes directly to the API server and then to RDS, which causes the database to become a performance bottleneck. The introduction of Amazon Kinesis Data Streams can be used as a buffering layer to buffer high-frequency write requests and perform asynchronous processing through AWS Lambda. This architecture can effectively decouple data reception and database writing, solve the problem of API server overload, and can easily cope with the exponential growth of the number of sensors in the future.

2. **Why choose E:**
   Amazon DynamoDB is a NoSQL database designed for high concurrency, large-scale write operations, and has auto-scaling capabilities. For IoT sensors that write large amounts of data, quickly and with a relatively simple structure, DynamoDB can provide more stable and low-latency writing performance than traditional relational databases (RDS MySQL), without having to worry about the hardware limitations of storage space or IOPS like RDS.

3. **Why the other options are incorrect:**
   - **A:** Although increasing storage space can increase the IOPS of gp2, this is only a temporary relief measure and cannot fundamentally solve the architectural bottleneck caused by high concurrent writing, and the cost will rise with the increase of space, which does not meet the requirements of ""permanent solution"" and ""cost-effectiveness"".
   - **B:** Although Aurora performs better than standard RDS, it is still a relational database and does not scale as well as DynamoDB when faced with extremely large-scale IoT write workloads. In addition, Read Replicas are mainly used to share the read load and are of limited help in solving the ""write latency"" problem.
   - **D:** AWS X-Ray can only be used to diagnose performance bottlenecks and cannot solve architectural scalability issues; simply adding an API server will increase the write pressure on the back-end database and cause the database to crash.",CE,CE (PDF answer),一家公司在 AWS 上運行物聯網（IoT）平台。位於不同地點的物聯網感測器將資料發送到運行在應用程式負載平衡器（ALB）後方的 Amazon EC2 實例上的 Node.js API 伺服器。資料存儲在一個使用 4 TB 通用型 SSD（gp2/gp3）磁碟區的 Amazon RDS MySQL 資料庫實例中。隨著公司在現場部署的感測器數量不斷增加，預計未來還會顯著成長。目前 API 伺服器持續過載，且 RDS 指標顯示寫入延遲很高。下列哪些步驟組合可以永久解決這些問題，並在新增感測器時支援成長，同時保持平台的成本效益？（選擇兩項。）,"A. 將 MySQL 通用型 SSD 儲存空間調整為 6 TB，以提高磁碟區的 IOPS。
B. 重新架構資料庫層，改用 Amazon Aurora 取代 RDS MySQL 資料庫實例，並增加唯讀複本（Read Replicas）。
C. 利用 Amazon Kinesis Data Streams 和 AWS Lambda 來接收並處理原始資料。
D. 使用 AWS X-Ray 分析並除錯應用程式問題，並增加更多 API 伺服器以應對負載。
E. 重新架構資料庫層，改用 Amazon DynamoDB 取代 RDS MySQL 資料庫實例。","本題的核心挑戰在於「高寫入延遲」以及「預期將有顯著的資料量成長」。

1. **為什麼選擇 C：**
   目前的架構是感測器直接寫入 API 伺服器再寫入 RDS，這會導致資料庫成為效能瓶頸。引入 Amazon Kinesis Data Streams 可以作為緩衝層，將高頻率的寫入請求進行緩衝（Buffering），並透過 AWS Lambda 進行非同步處理。這種架構能有效解耦（Decouple）資料接收與資料庫寫入，解決 API 伺服器過載的問題，並能輕鬆應對未來感測器數量的指數級成長。

2. **為什麼選擇 E：**
   Amazon DynamoDB 是一種 NoSQL 資料庫，專為高併發、大規模的寫入操作而設計，且具備自動擴展（Auto-scaling）能力。對於物聯網感測器這種大量、快速且結構相對簡單的寫入資料，DynamoDB 比傳統的關聯式資料庫（RDS MySQL）更能提供穩定且低延遲的寫入效能，且無需像 RDS 那樣擔心儲存空間或 IOPS 的硬體限制。

3. **為什麼其他選項不正確：**
   - **A：** 雖然增加儲存空間可以提升 gp2 的 IOPS，但這只是暫時性的緩解措施，無法從根本上解決高併發寫入帶來的架構瓶頸，且成本會隨空間增加而上升，不符合「永久解決」與「成本效益」的要求。
   - **B：** 雖然 Aurora 效能優於標準 RDS，但它仍是關聯式資料庫，在面對極大規模的 IoT 寫入負載時，擴展性仍不如 DynamoDB。此外，唯讀複本（Read Replicas）主要用於分擔讀取負載，對於解決「寫入延遲」問題幫助有限。
   - **D：** AWS X-Ray 僅能用於診斷效能瓶頸，無法解決架構上的擴展性問題；單純增加 API 伺服器會加劇後端資料庫的寫入壓力，導致資料庫崩潰。"
81,"A company is building an electronic document management system in which users upload their documents. The application
stack is entirely serverless and runs on AWS in the eu-central-1 Region. The system includes a web application that uses an
Amazon CloudFront distribution for delivery with Amazon S3 as the origin. The web application communicates with Amazon API
Gateway Regional endpoints. The API Gateway APIs call AWS Lambda functions that store metadata in an Amazon Aurora
Serverless database and put the documents into an S3 bucket.
The company is growing steadily and has completed a proof of concept with its largest customer. The company must improve
latency outside of Europe.
Which combination of actions will meet these requirements? (Choose two.)","A. Enable S3 Transfer Acceleration on the S3 bucket. Ensure that the web application uses the Transfer Acceleration signed
URLs.
B. Create an accelerator in AWS Global Accelerator. Attach the accelerator to the CloudFront distribution.
C. Change the API Gateway Regional endpoints to edge-optimized endpoints.
D. Provision the entire stack in two other locations that are spread across the world. Use global databases on the Aurora
Serverless cluster.
E. Add an Amazon RDS proxy between the Lambda functions and the Aurora Serverless database.","This issue aims to improve the latency issue for global users accessing this serverless application.

Correct option analysis:
- A: S3 Transfer Acceleration utilizes AWS's global edge location network to transfer data to S3 storage through optimized network paths, which can significantly reduce latency for uploading large files from regions far away from Europe.
- C: API Gateway's ""edge-optimized"" endpoint uses CloudFront distribution to cache API responses and route requests to the nearest AWS node, which can effectively reduce the latency of API calls for users outside Europe.

Error option analysis:
- B: CloudFront itself already leverages AWS's global edge network and Global Accelerator can no longer be connected to CloudFront distributions. Global Accelerator is typically used for non-HTTP/S traffic or scenarios that require a static IP, and is not the right approach for web applications that already use CloudFront.
- D: Although multi-region deployment can reduce latency, Aurora Serverless v1/v2 currently does not directly support the ""Global Database"" function (Global Database only supports standard Aurora Provisioned clusters), and this solution involves significant changes in the architecture and is not the most direct way to improve latency.
- E: RDS Proxy is mainly used to manage the database connection pool and improve the scalability and fault tolerance of the database. It does not directly help solve the problem of ""network delay caused by geographical location"".",AC,AC (PDF answer),"一家公司正在建立一個電子文件管理系統，使用者可以在其中上傳文件。該應用程式堆疊完全採用無伺服器架構，並在 AWS 的 eu-central-1 區域執行。該系統包含一個使用 Amazon CloudFront 分發內容的網頁應用程式，並以 Amazon S3 作為來源。該網頁應用程式與 Amazon API Gateway 的區域（Regional）端點進行通訊。API Gateway API 會呼叫 AWS Lambda 函數，將元數據儲存在 Amazon Aurora Serverless 資料庫中，並將文件放入 S3 儲存貯體。
該公司業務穩定成長，並已與其最大客戶完成了概念驗證（PoC）。該公司必須改善歐洲地區以外的延遲問題。
哪兩種行動組合可以滿足這些需求？（選擇兩項。）","A. 在 S3 儲存貯體上啟用 S3 Transfer Acceleration。確保網頁應用程式使用 Transfer Acceleration 的簽章 URL。
B. 在 AWS Global Accelerator 中建立加速器。將該加速器連接到 CloudFront 分發。
C. 將 API Gateway 的區域（Regional）端點變更為邊緣優化（edge-optimized）端點。
D. 在全球其他兩個地點部署整個堆疊。在 Aurora Serverless 叢集上使用全域資料庫（Global Databases）。
E. 在 Lambda 函數與 Aurora Serverless 資料庫之間新增 Amazon RDS Proxy。","本題旨在改善全球使用者存取該無伺服器應用程式的延遲問題。

正確選項解析：
- A：S3 Transfer Acceleration 利用 AWS 的全球邊緣節點（Edge Locations）網路，透過優化的網路路徑將資料傳輸至 S3 儲存貯體，這對於從遠離歐洲的地區上傳大型文件能顯著降低延遲。
- C：API Gateway 的「邊緣優化（edge-optimized）」端點使用 CloudFront 分發來快取 API 回應並將請求路由至最近的 AWS 節點，這能有效減少歐洲以外地區使用者呼叫 API 的延遲。

錯誤選項解析：
- B：CloudFront 本身已經利用了 AWS 的全球邊緣網路，無法再將 Global Accelerator 連接到 CloudFront 分發。Global Accelerator 通常用於非 HTTP/S 的流量或需要靜態 IP 的場景，對於已經使用 CloudFront 的網頁應用程式並非正確做法。
- D：雖然多區域部署可以降低延遲，但 Aurora Serverless v1/v2 目前並不直接支援「全域資料庫（Global Database）」功能（Global Database 僅支援標準的 Aurora Provisioned 叢集），且此方案涉及架構的極大變更，並非改善延遲的最直接手段。
- E：RDS Proxy 主要用於管理資料庫連線池並提高資料庫的可擴展性與容錯能力，對於解決「地理位置導致的網路延遲」問題並無直接幫助。"
82,"An adventure company has launched a new feature on its mobile app. Users can use the feature to upload their hiking and
rafting photos and videos anytime. The photos and videos are stored in Amazon S3 Standard storage in an S3 bucket and are
served through Amazon CloudFront.
The company needs to optimize the cost of the storage. A solutions architect discovers that most of the uploaded photos and
videos are accessed infrequently after 30 days. However, some of the uploaded photos and videos are accessed frequently
after 30 days. The solutions architect needs to implement a solution that maintains millisecond retrieval availability of the
photos and videos at the lowest possible cost.
Which solution will meet these requirements?","A. Configure S3 Intelligent-Tiering on the S3 bucket.
B. Configure an S3 Lifecycle policy to transition image objects and video objects from S3 Standard to S3 Glacier Deep
Archive after 30 days.
C. Replace Amazon S3 with an Amazon Elastic File System (Amazon EFS) file system that is mounted on Amazon EC2
instances.
D. Add a Cache-Control: max-age header to the S3 image objects and S3 video objects. Set the header to 30 days.","The correct answer is A.
Reason analysis:
S3 Intelligent-Tiering is a storage class designed for data with unknown access patterns or frequently changing data. It will automatically move data between the ""frequent access tier"" and the ""infrequent access tier"". If the data is not accessed within 30 days, it will be automatically moved to a lower-cost tier; if it is accessed again later, it will be automatically moved back to the frequent access tier. The most important thing is that it can maintain millisecond-level access speeds without paying additional retrieval fees, which fully meets the requirements of ""maintaining millisecond-level retrieval"" and ""lowest cost"" in the question.

Analysis of other options:
Option B is incorrect: Although the cost of S3 Glacier Deep Archive is extremely low, its retrieval time is hours (not milliseconds), and high retrieval fees will be incurred for frequently accessed data, which does not meet the requirements of the question.
Option C is incorrect: Amazon EFS storage costs are generally higher than S3, and migrating object storage to a file system architecture will significantly increase management complexity and cost, failing to optimize costs.
Option D is incorrect: The Cache-Control header is used to control the caching behavior of CloudFront or the browser, which will affect the cache time of data at edge nodes, but cannot change the billing method or storage category of S3 backend storage, so the goal of reducing storage costs cannot be achieved.",A,A (97% community votes),一家探險公司在其行動應用程式上推出了一項新功能。使用者可以使用該功能隨時上傳他們的健行和泛舟照片與影片。這些照片和影片儲存在 Amazon S3 Standard 儲存類別的 S3 儲存貯體中，並透過 Amazon CloudFront 進行分發。該公司需要優化儲存成本。一位解決方案架構師發現，大多數上傳的照片和影片在 30 天後便很少被存取。然而，仍有部分照片和影片在 30 天後仍會被頻繁存取。解決方案架構師需要實作一個解決方案，在維持毫秒級檢索可用性的同時，以最低的成本儲存這些檔案。請問哪種解決方案符合這些需求？,"A. 在 S3 儲存貯體上設定 S3 Intelligent-Tiering（智慧型分層）。
B. 設定 S3 生命週期政策，在 30 天後將影像和影片物件從 S3 Standard 轉換為 S3 Glacier Deep Archive。
C. 將 Amazon S3 替換為掛載在 Amazon EC2 執行個體上的 Amazon Elastic File System (Amazon EFS) 檔案系統。
D. 為 S3 影像和影片物件添加 Cache-Control: max-age 標頭，並將其設定為 30 天。","正確答案是 A。
原因解析：
S3 Intelligent-Tiering 是針對存取模式未知或變動頻繁的資料所設計的儲存類別。它會自動將資料在「頻繁存取層」與「非頻繁存取層」之間移動，若資料在 30 天內未被存取，會自動移至較低成本的層級；若之後又被存取，則會自動移回頻繁存取層。最重要的是，它能維持毫秒級的存取速度，且無需支付額外的檢索費用，完全符合題目中「維持毫秒級檢索」且「成本最低」的需求。

其他選項分析：
B 選項不正確：S3 Glacier Deep Archive 雖然成本極低，但其檢索時間為數小時（非毫秒級），且對於頻繁存取的資料會產生高額的檢索費用，不符合題目需求。
C 選項不正確：Amazon EFS 的儲存成本通常高於 S3，且將物件儲存遷移至檔案系統架構會大幅增加管理複雜度與成本，無法達到優化成本的目的。
D 選項不正確：Cache-Control 標頭是用於控制 CloudFront 或瀏覽器的快取行為，這會影響資料在邊緣節點的快取時間，但無法改變 S3 後端儲存的計費方式或儲存類別，因此無法達成降低儲存成本的目標。"
83,"A company uses Amazon S3 to store files and images in a variety of storage classes. The company's S3 costs have increased
substantially during the past year.
A solutions architect needs to review data trends for the past 12 months and identity the appropriate storage class for the
objects.
Which solution will meet these requirements?","A. Download AWS Cost and Usage Reports for the last 12 months of S3 usage. Review AWS Trusted Advisor
recommendations for cost savings.
B. Use S3 storage class analysis. Import data trends into an Amazon QuickSight dashboard to analyze storage trends.
C. Use Amazon S3 Storage Lens. Upgrade the default dashboard to include advanced metrics for storage trends.
D. Use Access Analyzer for S3. Download the Access Analyzer for S3 report for the last 12 months. Import the .csv file to an
Amazon QuickSight dashboard.","The correct answer is C. Amazon S3 Storage Lens is a cloud storage analytics tool designed to provide visibility into S3 usage and activity across your organization. By upgrading to Advanced Metrics, architects can obtain historical data trends for up to 15 months, which fully meets the need in the question to review the past 12 months of data and identify appropriate storage classes.

The other options are incorrect for the following reasons:
A. AWS Cost and Usage Reports (CUR) is mainly used for detailed billing analysis. Although costs can be viewed, it is not specifically used to analyze storage category usage patterns or provide object-level storage optimization recommendations. Although AWS Trusted Advisor provides cost-saving recommendations, its scope is broad and not as precise and in-depth as S3 Storage Lens' analysis of storage trends.
B. Although S3 storage class analysis can help identify data suitable for conversion to S3 Infrequent Access, it is usually set for a specific Bucket or Prefix, and does not have a dashboard function like S3 Storage Lens that can view overall storage trends across an organization.
D. Access Analyzer for S3 is mainly used to identify and monitor access rights (such as publicly accessible Buckets). Its purpose is security and compliance, rather than analyzing storage cost or optimization trends of storage categories.",C,C (78% community votes),一家公司使用 Amazon S3 以各種儲存類別儲存檔案與圖片。該公司的 S3 成本在過去一年中大幅增加。一位解決方案架構師需要審查過去 12 個月的數據趨勢，並為這些物件識別出合適的儲存類別。哪種解決方案能滿足這些需求？,"A. 下載過去 12 個月的 S3 使用量之 AWS 成本與使用量報告 (AWS Cost and Usage Reports)。審查 AWS Trusted Advisor 的成本節約建議。
B. 使用 S3 儲存類別分析 (S3 storage class analysis)。將數據趨勢匯入 Amazon QuickSight 儀表板以分析儲存趨勢。
C. 使用 Amazon S3 Storage Lens。升級預設儀表板以包含用於儲存趨勢的進階指標。
D. 使用 S3 的存取分析器 (Access Analyzer for S3)。下載過去 12 個月的 S3 存取分析器報告。將 .csv 檔案匯入 Amazon QuickSight 儀表板。","正確答案是 C。Amazon S3 Storage Lens 是一個雲端儲存分析工具，專門用於提供整個組織的 S3 使用情況與活動的可視化。透過升級至進階指標 (Advanced Metrics)，架構師可以獲得長達 15 個月的歷史數據趨勢，這完全符合題目中審查過去 12 個月數據並識別合適儲存類別的需求。

其他選項不正確的原因如下：
A. AWS Cost and Usage Reports (CUR) 主要用於詳細的計費分析，雖然可以查看成本，但它並非專門用於分析儲存類別使用模式或提供物件級別的儲存優化建議。AWS Trusted Advisor 雖然提供成本節約建議，但其範圍較廣，不如 S3 Storage Lens 針對儲存趨勢分析來得精確與深入。
B. S3 儲存類別分析雖然可以協助識別適合轉換至 S3 Infrequent Access 的資料，但它通常針對特定的 Bucket 或 Prefix 進行設定，且不具備像 S3 Storage Lens 那樣能夠跨組織檢視整體儲存趨勢的儀表板功能。
D. Access Analyzer for S3 主要用於識別與監控存取權限（例如公開存取的 Bucket），其目的在於安全性與合規性，而非分析儲存成本或儲存類別的優化趨勢。"
84,"A company has its cloud infrastructure on AWS. A solutions architect needs to define the infrastructure as code. The
infrastructure is currently deployed in one AWS Region. The company’s business expansion plan includes deployments in
multiple Regions across multiple AWS accounts.
What should the solutions architect do to meet these requirements?","A. Use AWS CloudFormation templates. Add IAM policies to control the various accounts, Deploy the templates across the
multiple Regions.
B. Use AWS Organizations. Deploy AWS CloudFormation templates from the management account Use AWS Control Tower
to manage deployments across accounts.
C. Use AWS Organizations and AWS CloudFormation StackSets. Deploy a Cloud Formation template from an account that
has the necessary IAM permissions.
D. Use nested stacks with AWS CloudFormation templates. Change the Region by using nested stacks.","The correct answer is C. AWS CloudFormation StackSets is a service designed for deploying infrastructure across accounts and regions. By integrating with AWS Organizations, StackSets allows architects to automatically deploy the same stack in multiple accounts and regions within the organization, which fully meets the requirements for multi-account and multi-region expansion in the question.

Option A is incorrect because while CloudFormation templates can define the infrastructure, manually deploying and managing these templates across multiple accounts and regions without the assistance of StackSets becomes extremely complex and difficult to maintain, and cannot effectively automate scaling.

Option B is incorrect. Although AWS Control Tower is a powerful tool for managing multi-account environments (its bottom layer does use StackSets), the question requires a solution that defines infrastructure as code. Directly using StackSets is the most direct and technical method that conforms to the question description. Additionally, Control Tower is primarily used for governance and compliance rather than as a pure IaC deployment tool.

Option D is incorrect. Nested Stacks are mainly used to split complex stacks into smaller, reusable components to facilitate the management of resources within a single stack. It is not a mechanism designed to solve cross-account or cross-region deployment.",C,C (100% community votes),一家公司將其雲端基礎架構部署在 AWS 上。一位解決方案架構師需要定義基礎架構即程式碼（IaC）。該基礎架構目前部署在一個 AWS 區域中。公司的業務擴展計畫包括在多個 AWS 帳號的多個區域進行部署。解決方案架構師應該怎麼做才能滿足這些需求？,"A. 使用 AWS CloudFormation 範本。新增 IAM 政策以控制各個帳號，並將範本部署到多個區域。
B. 使用 AWS Organizations。從管理帳號部署 AWS CloudFormation 範本，並使用 AWS Control Tower 來管理跨帳號的部署。
C. 使用 AWS Organizations 和 AWS CloudFormation StackSets。從擁有必要 IAM 權限的帳號部署 CloudFormation 範本。
D. 使用 AWS CloudFormation 範本的巢狀堆疊（Nested Stacks）。透過使用巢狀堆疊來變更區域。","正確答案是 C。AWS CloudFormation StackSets 是專為跨帳號與跨區域部署基礎架構而設計的服務。透過與 AWS Organizations 整合，StackSets 允許架構師在組織內的多個帳號與區域中自動化部署相同的堆疊，這完全符合題目中關於多帳號與多區域擴展的需求。

選項 A 不正確，因為雖然 CloudFormation 範本可以定義基礎架構，但若沒有 StackSets 的協助，手動在多個帳號與區域中部署與管理這些範本會變得極其複雜且難以維護，無法有效達成自動化擴展。

選項 B 不正確，雖然 AWS Control Tower 是管理多帳號環境的強大工具（其底層確實使用 StackSets），但題目要求的是定義基礎架構即程式碼的解決方案，直接使用 StackSets 是最直接且符合題目描述的技術手段。此外，Control Tower 主要用於治理與合規，而非單純的 IaC 部署工具。

選項 D 不正確，巢狀堆疊（Nested Stacks）主要用於將複雜的堆疊拆分為較小的、可重複使用的元件，以便於管理單一堆疊內的資源，它並非設計用來解決跨帳號或跨區域部署的機制。"
85,"A company has its cloud infrastructure on AWS. A solutions architect needs to define the infrastructure as code. The
infrastructure is currently deployed in one AWS Region. The company’s business expansion plan includes deployments in
multiple Regions across multiple AWS accounts.
What should the solutions architect do to meet these requirements?","A. Use AWS CloudFormation templates. Add IAM policies to control the various accounts, Deploy the templates across the
multiple Regions.
B. Use AWS Organizations. Deploy AWS CloudFormation templates from the management account Use AWS Control Tower
to manage deployments across accounts.
C. Use AWS Organizations and AWS CloudFormation StackSets. Deploy a Cloud Formation template from an account that
has the necessary IAM permissions.
D. Use nested stacks with AWS CloudFormation templates. Change the Region by using nested stacks.","The correct answer is C. AWS CloudFormation StackSets is a service designed specifically for deploying infrastructure across accounts and regions. By integrating with AWS Organizations, StackSets allows architects to define templates in a central account (administrator account) and automatically push them to multiple target accounts and regions within the organization, which fully meets the need for expansion to multiple accounts and regions in the question.

Analysis of other options:
Option A: Although you can use CloudFormation templates, without the assistance of StackSets, manually deploying and managing templates across multiple accounts and regions will become extremely complex and difficult to maintain, and cannot effectively achieve automated scaling.
Option B: Although AWS Control Tower is a powerful tool for managing multi-account environments (its underlying layer does use StackSets), in terms of the technical core of ""defining infrastructure as code and deploying across accounts/regions"", StackSets is the directly corresponding solution. Additionally, using StackSets directly is a more precise technical answer.
Option D: Nested Stacks is mainly used to split large stacks into smaller modular components to facilitate the management of resources within a single stack. It is not designed to solve the problem of ""cross-account"" deployment, nor can the deployment area be directly changed through nested stacks.",C,C (100% community votes),一家公司將其雲端基礎設施部署在 AWS 上。一位解決方案架構師需要定義基礎設施即程式碼（Infrastructure as Code）。該基礎設施目前部署在單一 AWS 區域。公司的業務擴展計畫包括部署在多個 AWS 帳號的多個區域。解決方案架構師應該怎麼做才能滿足這些需求？,"A. 使用 AWS CloudFormation 範本。新增 IAM 政策以控制各個帳號，並將範本部署到多個區域。
B. 使用 AWS Organizations。從管理帳號部署 AWS CloudFormation 範本，並使用 AWS Control Tower 來管理跨帳號的部署。
C. 使用 AWS Organizations 和 AWS CloudFormation StackSets。從擁有必要 IAM 權限的帳號部署 CloudFormation 範本。
D. 在 AWS CloudFormation 範本中使用巢狀堆疊（Nested Stacks）。透過巢狀堆疊來變更區域。","正確答案是 C。AWS CloudFormation StackSets 是專門為「跨帳號、跨區域」部署基礎設施所設計的服務。透過與 AWS Organizations 整合，StackSets 允許架構師在一個中心帳號（管理員帳號）中定義範本，並自動將其推送到組織內的多個目標帳號與區域，這完全符合題目中擴展至多個帳號與區域的需求。

其他選項分析：
A 選項：雖然可以使用 CloudFormation 範本，但若沒有 StackSets 的協助，手動在多個帳號與區域間部署與管理範本會變得極其複雜且難以維護，無法有效達成自動化擴展。
B 選項：雖然 AWS Control Tower 是管理多帳號環境的強大工具（其底層也確實使用了 StackSets），但就「定義基礎設施即程式碼並進行跨帳號/區域部署」的技術核心而言，StackSets 才是直接對應的解決方案。此外，直接使用 StackSets 是更精確的技術回答。
D 選項：巢狀堆疊（Nested Stacks）主要用於將大型堆疊拆分為較小的模組化元件，以便於管理單一堆疊內的資源，它並非設計用來解決「跨帳號」部署的問題，也無法透過巢狀堆疊直接變更部署的區域。"
86,"A company plans to refactor a monolithic application into a modern application design deployed on AWS. The CI/CD pipeline
needs to be upgraded to support the modern design for the application with the following requirements:
• It should allow changes to be released several times every hour.
• It should be able to roll back the changes as quickly as possible.
Which design will meet these requirements?","A. Deploy a CI/CD pipeline that incorporates AMIs to contain the application and their configurations. Deploy the
application by replacing Amazon EC2 instances.
B. Specify AWS Elastic Beanstalk to stage in a secondary environment as the deployment target for the CI/CD pipeline of
the application. To deploy, swap the staging and production environment URLs.
C. Use AWS Systems Manager to re-provision the infrastructure for each deployment. Update the Amazon EC2 user data to
pull the latest code artifact from Amazon S3 and use Amazon Route 53 weighted routing to point to the new environment.
D. Roll out the application updates as part of an Auto Scaling event using prebuilt AMIs. Use new versions of the AMIs to
add instances. and phase out all instances that use the previous AMI version with the configured termination policy during
a deployment event.","The correct answer is B. AWS Elastic Beanstalk provides the ""Swap Environment URLs"" function, which is a very efficient Blue/Green Deployment mechanism. After developers complete deployment and testing in the staging environment, they only need to perform a URL exchange, and the traffic will instantly switch to the new version. If a problem is found in the new version, you can roll back immediately by simply executing the URL exchange again, which fully meets the requirements of ""multiple releases per hour"" and ""fast rollback"".

Analysis of other options:
Option A: Replacing an EC2 instance with an AMI usually involves a longer startup time and instance registration process, slower deployment, and the need to redeploy the old AMI during rollback, which is not as efficient as URL swapping.
Option C: Use AWS Systems Manager to reconfigure the infrastructure and rely on Route 53 weighted routing. The process is too complex and time-consuming. DNS changes may have a cache delay (TTL) and cannot meet the requirement of ""as soon as possible"" rollback.
Option D: Gradually replacing execution individuals (Rolling Update) through Auto Scaling is a common deployment method, but its deployment process is progressive. If you want to roll back, you must re-trigger another deployment process, which is far less direct and fast than Elastic Beanstalk's URL exchange.",B,B (100% community votes),"一家公司計畫將單體式應用程式重構為現代化應用程式設計，並部署於 AWS 上。CI/CD 管線需要進行升級以支援該應用程式的現代化設計，並需滿足以下需求：
• 允許每小時發布多次變更。
• 能夠盡快回滾變更。
哪種設計能滿足這些需求？","A. 部署一個包含 AMI 的 CI/CD 管線，其中包含應用程式及其配置。透過替換 Amazon EC2 執行個體來部署應用程式。
B. 指定 AWS Elastic Beanstalk 作為應用程式 CI/CD 管線的部署目標，並在次要環境（staging）中進行預備。部署時，交換 staging 與 production 環境的 URL。
C. 使用 AWS Systems Manager 為每次部署重新配置基礎設施。更新 Amazon EC2 使用者資料（user data）以從 Amazon S3 拉取最新的程式碼成品，並使用 Amazon Route 53 加權路由指向新環境。
D. 在 Auto Scaling 事件中，使用預先建置的 AMI 來推出應用程式更新。使用新版本的 AMI 來新增執行個體，並在部署事件期間，透過設定的終止策略逐步淘汰使用舊版 AMI 的所有執行個體。","正確答案是 B。AWS Elastic Beanstalk 提供了「環境 URL 交換（Swap Environment URLs）」的功能，這是一種非常高效的藍綠部署（Blue/Green Deployment）機制。當開發者在 staging 環境完成部署與測試後，只需執行一次 URL 交換，流量就會瞬間切換到新版本。如果發現新版本有問題，同樣只需再次執行 URL 交換即可立即回滾，完全符合「每小時多次發布」與「快速回滾」的需求。

其他選項分析：
選項 A：使用 AMI 替換 EC2 執行個體通常涉及較長的啟動時間與執行個體註冊過程，部署速度較慢，且回滾時需要重新部署舊版 AMI，效率不如 URL 交換。
選項 C：使用 AWS Systems Manager 重新配置基礎設施並依賴 Route 53 加權路由，過程過於複雜且耗時，DNS 變更可能存在快取延遲（TTL），無法達到「盡快」回滾的要求。
選項 D：透過 Auto Scaling 逐步替換執行個體（Rolling Update）雖然是常見的部署方式，但其部署過程是漸進式的，若要回滾，必須重新觸發另一次部署流程，速度遠不及 Elastic Beanstalk 的 URL 交換來得直接與快速。"
87,"A company has an application that runs on Amazon EC2 instances. A solutions architect is designing VPC infrastructure in an
AWS Region where the application needs to access an Amazon Aurora DB Cluster. The EC2 instances are all associated with
the same security group. The DB cluster is associated with its own security group.
The solutions architect needs to add rules to the security groups to provide the application with least privilege access to the
DB Cluster.
Which combination of steps will meet these requirements? (Choose two.)","A. Add an inbound rule to the EC2 instances' security group. Specify the DB cluster's security group as the source over the
default Aurora port.
B. Add an outbound rule to the EC2 instances' security group. Specify the DB cluster's security group as the destination
over the default Aurora port.
C. Add an inbound rule to the DB cluster's security group. Specify the EC2 instances' security group as the source over the
default Aurora port.
D. Add an outbound rule to the DB cluster's security group. Specify the EC2 instances' security group as the destination
over the default Aurora port.
E. Add an outbound rule to the DB cluster's security group. Specify the EC2 instances' security group as the destination
over the ephemeral ports.","AWS Security Group is a stateful firewall. This means that if traffic is allowed in, its corresponding response traffic is automatically allowed out, and vice versa.

1. **Why B and C are correct:**
   - **Option C (Correct):** In order for EC2 instances to access the Aurora database, an ""Inbound Rule"" must be set up in the database's security group to allow traffic from the EC2 security group to enter the database's default port (usually 3306 or 5432). This is necessary to establish a connection.
   - **Option B (Correct):** Although security groups allow all outbound traffic by default, when implementing the Least Privilege principle, if the environment is set up to restrict outbound traffic (for example, through network ACLs or strict security group settings), you must explicitly set an ""Outbound Rule"" in the EC2 security group to allow traffic to be sent to the database's security group.

2. **Why the other options are incorrect:**
   - **Option A:** Setting up inbound rules in the EC2 security group is to allow external traffic into EC2, independent of the EC2 Access Database requirement.
   - **Option D:** Setting outbound rules in the database's security group is to control the database's ""initiated"" connections to the outside, rather than to control how applications access the database.
   - **Option E:** Aurora databases use fixed default ports (such as 3306/5432) rather than ephemeral ports (Ephemeral ports), so this option is technically incorrect.",BC,BC (PDF answer),一家公司有一個在 Amazon EC2 執行個體上運行的應用程式。一位解決方案架構師正在一個 AWS 區域中設計 VPC 基礎設施，該應用程式需要存取一個 Amazon Aurora 資料庫叢集。所有的 EC2 執行個體都關聯到同一個安全群組。該資料庫叢集則關聯到它自己的安全群組。解決方案架構師需要新增規則到這些安全群組，以提供應用程式對資料庫叢集的最小權限存取。請問哪種步驟組合可以滿足這些需求？（選擇兩項。）,"A. 在 EC2 執行個體的安全群組中新增一條入站規則。指定資料庫叢集的安全群組作為來源，並使用預設的 Aurora 連接埠。
B. 在 EC2 執行個體的安全群組中新增一條出站規則。指定資料庫叢集的安全群組作為目的地，並使用預設的 Aurora 連接埠。
C. 在資料庫叢集的安全群組中新增一條入站規則。指定 EC2 執行個體的安全群組作為來源，並使用預設的 Aurora 連接埠。
D. 在資料庫叢集的安全群組中新增一條出站規則。指定 EC2 執行個體的安全群組作為目的地，並使用預設的 Aurora 連接埠。
E. 在資料庫叢集的安全群組中新增一條出站規則。指定 EC2 執行個體的安全群組作為目的地，並使用暫時性連接埠（ephemeral ports）。","AWS 安全群組（Security Group）是具備狀態（Stateful）的防火牆。這意味著如果流量被允許進入，則其對應的回應流量會自動被允許離開，反之亦然。

1. **為什麼 B 和 C 是正確的：**
   - **選項 C (正確)：** 為了讓 EC2 執行個體能夠存取 Aurora 資料庫，必須在資料庫的安全群組中設定「入站規則（Inbound Rule）」，允許來自 EC2 安全群組的流量進入資料庫的預設連接埠（通常為 3306 或 5432）。這是建立連線的必要條件。
   - **選項 B (正確)：** 雖然安全群組預設允許所有出站流量，但在實施「最小權限原則（Least Privilege）」時，若環境設定為限制出站流量（例如透過網路 ACL 或嚴格的安全群組設定），則必須在 EC2 的安全群組中明確設定「出站規則（Outbound Rule）」，允許流量發送到資料庫的安全群組。

2. **為什麼其他選項不正確：**
   - **選項 A：** 在 EC2 的安全群組中設定入站規則是為了讓外部流量進入 EC2，這與「EC2 存取資料庫」的需求無關。
   - **選項 D：** 在資料庫的安全群組中設定出站規則，是為了控制資料庫「主動發起」連線到外部，而非控制應用程式如何存取資料庫。
   - **選項 E：** Aurora 資料庫使用固定的預設連接埠（如 3306/5432），而非使用暫時性連接埠（Ephemeral ports），因此該選項在技術上是錯誤的。"
88,"A company wants to change its internal cloud billing strategy for each of its business units. Currently, the cloud governance
team shares reports for overall cloud spending with the head of each business unit. The company uses AWS Organizations to
manage the separate AWS accounts for each business unit. The existing tagging standard in Organizations includes the
application, environment, and owner. The cloud governance team wants a centralized solution so each business unit receives
monthly reports on its cloud spending. The solution should also send notifications for any cloud spending that exceeds a set
threshold.
Which solution is the MOST cost-effective way to meet these requirements?","A. Configure AWS Budgets in each account and configure budget alerts that are grouped by application, environment, and
owner. Add each business unit to an Amazon SNS topic for each alert. Use Cost Explorer in each account to create monthly
reports for each business unit.
B. Configure AWS Budgets in the organization's management account and configure budget alerts that are grouped by
application, environment, and owner. Add each business unit to an Amazon SNS topic for each alert. Use Cost Explorer in
the organization's management account to create monthly reports for each business unit.
C. Configure AWS Budgets in each account and configure budget alerts that are grouped by application, environment, and
owner. Add each business unit to an Amazon SNS topic for each alert. Use the AWS Billing and Cost Management
dashboard in each account to create monthly reports for each business unit.
D. Enable AWS Cost and Usage Reports in the organization's management account and configure reports grouped by
application, environment. and owner. Create an AWS Lambda function that processes AWS Cost and Usage Reports, sends
budget alerts, and sends monthly reports to each business unit's email list.","The correct answer is B for the following reasons:
1. **Centralized Management and Cost Effectiveness**: AWS Organizations’ Management Account has the ability to consolidate and view the entire organization’s account expenditures and budgets. By centrally setting up AWS Budgets in the management account, the budgets and alerts of all business units can be managed uniformly without repeated settings in each member account. This not only simplifies the maintenance complexity, but also meets the requirements of a ""centralized solution"".
2. **Function Integration**: AWS Budgets supports grouping based on tags, which is fully consistent with the existing tag standards in the question. Through the Cost Explorer of the management account, you can generate and export reports for all business units at once, which is more efficient than operating individually for each account.

Why the other options are incorrect:
- **Options A and C**: These options require separate settings in Per Account. This will not only lead to management fragmentation, increase maintenance costs, but also fail to achieve the ""centralized solution"" required by the question. If there are many business units, this approach is extremely unscalable.
- **Option D**: While AWS Cost and Usage Reports (CUR) is powerful, it is primarily designed to produce granular raw data. To meet the question requirements, additional AWS Lambda functions must be developed and maintained to process data, send alerts, and reports. This involves additional development costs, maintenance burden, and potential risk of errors, and is not the ""most cost-effective"" solution compared to using the native functionality of AWS Budgets directly.",B,B (100% community votes),一家公司想要變更其各個業務單位的內部雲端計費策略。目前，雲端治理團隊會與各業務單位主管分享整體雲端支出的報告。該公司使用 AWS Organizations 來管理每個業務單位的獨立 AWS 帳號。Organizations 中現有的標籤標準包含應用程式 (application)、環境 (environment) 和擁有者 (owner)。雲端治理團隊希望有一個集中式的解決方案，以便每個業務單位都能收到每月雲端支出報告。該解決方案還應針對任何超過設定閾值的雲端支出發送通知。哪種解決方案是滿足這些需求且最具成本效益的方式？,"A. 在每個帳號中設定 AWS Budgets，並配置按應用程式、環境和擁有者分組的預算警示。將每個業務單位加入到每個警示的 Amazon SNS 主題中。在每個帳號中使用 Cost Explorer 為每個業務單位建立每月報告。
B. 在組織的管理帳號中設定 AWS Budgets，並配置按應用程式、環境和擁有者分組的預算警示。將每個業務單位加入到每個警示的 Amazon SNS 主題中。在組織的管理帳號中使用 Cost Explorer 為每個業務單位建立每月報告。
C. 在每個帳號中設定 AWS Budgets，並配置按應用程式、環境和擁有者分組的預算警示。將每個業務單位加入到每個警示的 Amazon SNS 主題中。在每個帳號中使用 AWS Billing and Cost Management 儀表板為每個業務單位建立每月報告。
D. 在組織的管理帳號中啟用 AWS Cost and Usage Reports，並配置按應用程式、環境和擁有者分組的報告。建立一個 AWS Lambda 函數來處理 AWS Cost and Usage Reports，發送預算警示，並將每月報告發送給每個業務單位的電子郵件列表。","正確答案是 B，原因如下：
1. **集中管理與成本效益**：AWS Organizations 的管理帳號（Management Account）具備整合檢視整個組織帳號支出與預算的能力。在管理帳號中集中設定 AWS Budgets，可以統一管理所有業務單位的預算與警示，無需在每個成員帳號中重複設定，這不僅簡化了維運複雜度，也符合「集中式解決方案」的要求。
2. **功能整合**：AWS Budgets 支援依據標籤（Tag）進行分組，這完全符合題目中現有的標籤標準。透過管理帳號的 Cost Explorer，可以一次性產生並匯出所有業務單位的報告，比在每個帳號個別操作更有效率。

其他選項為何不正確：
- **選項 A 與 C**：這兩個選項要求在「每個帳號」中分別進行設定。這不僅會導致管理上的碎片化，增加維運成本，且無法達成題目要求的「集中式解決方案」。若業務單位眾多，這種做法極不具備擴展性。
- **選項 D**：雖然 AWS Cost and Usage Reports (CUR) 功能強大，但它主要用於產生細緻的原始資料。若要達成題目需求，還必須額外開發與維護 AWS Lambda 函數來處理資料、發送警示與報告。這涉及了額外的開發成本、維護負擔以及潛在的錯誤風險，相較於直接使用 AWS Budgets 的原生功能，這並非「最具成本效益」的方案。"
89,"A company is using AWS CloudFormation to deploy its infrastructure. The company is concerned that, if a production
CloudFormation stack is deleted, important data stored in Amazon RDS databases or Amazon EBS volumes might also be
deleted.
How can the company prevent users from accidentally deleting data in this way?","A. Modify the CloudFormation templates to add a DeletionPolicy attribute to RDS and EBS resources.
B. Configure a stack policy that disallows the deletion of RDS and EBS resources.
C. Modify IAM policies lo deny deleting RDS and EBS resources that are tagged with an ""aws:cloudformation:stack-name""
tag.
D. Use AWS Config rules to prevent deleting RDS and EBS resources.","The correct answer is A. In AWS CloudFormation, the `DeletionPolicy` property is specifically used to control how a specific resource should be handled when the stack is deleted. By setting `DeletionPolicy` to `Retain`, even if the CloudFormation stack is deleted, AWS retains the resource (such as an RDS database or EBS volume) and the data in it without deleting it. This is the standard and most straightforward mechanism to prevent accidental data loss.

Analysis of other options:
B Incorrect: The Stack Policy is used to prevent accidental modification or deletion of resources during the stack update (Update) process. It cannot prevent resource deletion caused by ""deleting the entire stack"".
C Incorrect: Although it is possible to restrict deletion permissions through IAM policies, this is not designed for CloudFormation stack deletion behavior. Additionally, IAM policies that govern such tags are complex and difficult to maintain, and are not the best practice for preventing such issues.
D is incorrect: AWS Config rules are mainly used to monitor resource configuration compliance. Although it can detect resource deletion, it cannot ""prevent"" the CloudFormation stack from deleting its associated resources at the moment the deletion occurs.",A,A (85% community votes),一家公司正在使用 AWS CloudFormation 來部署其基礎設施。該公司擔心如果生產環境的 CloudFormation 堆疊（Stack）被刪除，儲存在 Amazon RDS 資料庫或 Amazon EBS 磁碟區中的重要資料可能會隨之被刪除。公司該如何防止使用者意外地以這種方式刪除資料？,"A. 修改 CloudFormation 範本，為 RDS 和 EBS 資源新增 DeletionPolicy 屬性。
B. 設定堆疊原則（Stack Policy），禁止刪除 RDS 和 EBS 資源。
C. 修改 IAM 政策以拒絕刪除標記有 ""aws:cloudformation:stack-name"" 標籤的 RDS 和 EBS 資源。
D. 使用 AWS Config 規則來防止刪除 RDS 和 EBS 資源。","正確答案是 A。在 AWS CloudFormation 中，`DeletionPolicy` 屬性專門用於控制當堆疊被刪除時，特定資源應如何處理。透過將 `DeletionPolicy` 設定為 `Retain`，即使刪除了 CloudFormation 堆疊，AWS 也會保留該資源（例如 RDS 資料庫或 EBS 磁碟區）及其中的資料，而不會將其一併刪除。這是防止意外資料遺失的標準且最直接的機制。

其他選項分析：
B 不正確：堆疊原則（Stack Policy）是用來防止在堆疊更新（Update）過程中意外修改或刪除資源，它無法防止「刪除整個堆疊」時所引發的資源刪除行為。
C 不正確：雖然可以透過 IAM 政策限制刪除權限，但這並非針對 CloudFormation 堆疊刪除行為的設計。此外，管理這類標籤的 IAM 政策非常複雜且難以維護，並非防止此類問題的最佳實務。
D 不正確：AWS Config 規則主要用於監控資源配置是否符合合規性，雖然可以偵測到資源被刪除，但它無法在刪除動作發生的當下「阻止」CloudFormation 堆疊刪除其關聯的資源。"
90,"A company has VPC flow logs enabled for Its NAT gateway. The company is seeing Action = ACCEPT for inbound traffic that
comes from public IP address 198.51.100.2 destined for a private Amazon EC2 instance.
A solutions architect must determine whether the traffic represents unsolicited inbound connections from the internet. The
first two octets of the VPC CIDR block are 203.0.
Which set of steps should the solutions architect take to meet these requirements?","A. Open the AWS CloudTrail console. Select the log group that contains the NAT gateway's elastic network interface and
the private instance's elastic network interlace. Run a query to filter with the destination address set as ""like 203.0"" and
the source address set as ""like 198.51.100.2"". Run the stats command to filter the sum of bytes transferred by the source
address and the destination address.
B. Open the Amazon CloudWatch console. Select the log group that contains the NAT gateway's elastic network interface
and the private instance's elastic network interface. Run a query to filter with the destination address set as ""like 203.0""
and the source address set as ""like 198.51.100.2"". Run the stats command to filter the sum of bytes transferred by the
source address and the destination address.
C. Open the AWS CloudTrail console. Select the log group that contains the NAT gateway's elastic network interface and
the private instance’s elastic network interface. Run a query to filter with the destination address set as ""like 198.51.100.2""
and the source address set as ""like 203.0"". Run the stats command to filter the sum of bytes transferred by the source
address and the destination address.
D. Open the Amazon CloudWatch console. Select the log group that contains the NAT gateway's elastic network interface
and the private instance's elastic network interface. Run a query to filter with the destination address set as ""like
198.51.100.2"" and the source address set as ""like 203.0"". Run the stats command to filter the sum of bytes transferred by
the source address and the destination address.","1. **Tool Selection**: The log data of VPC Flow Logs is stored in Amazon CloudWatch Logs instead of AWS CloudTrail. CloudTrail is primarily used to record calls to the AWS API, so options A and C are incorrect.
2. **Logical judgment**: The question requires determining whether the traffic is ""Inbound"", that is, the traffic enters the VPC from the external Internet (source IP: 198.51.100.2) (destination IP: 203.0.x.x). Therefore, in the query filter conditions, the Source Address should be set to 198.51.100.2 and the Destination Address should be set to 203.0.
3. **Option Analysis**:
   - Option B correctly selects the CloudWatch console and sets the destination to the CIDR inside the VPC (203.0) and the source to the external IP (198.51.100.2), which is consistent with the logic of analyzing inbound traffic.
   - Option D. Although the correct tool (CloudWatch) was selected, the source and destination settings were reversed in the query conditions. This would result in querying the traffic ""initiated from internal to external"" instead of the ""inbound connection"" required by the question.
   - Therefore, option B is the only correct and logical step.",B,B (66% community votes),一家公司為其 NAT 閘道啟用了 VPC 流量日誌（VPC Flow Logs）。該公司觀察到來自公有 IP 位址 198.51.100.2、目的地為私有 Amazon EC2 執行個體的入站流量顯示 Action = ACCEPT。解決方案架構師必須判斷該流量是否代表來自網際網路的未經請求（unsolicited）入站連線。VPC CIDR 區塊的前兩個八位元組為 203.0。解決方案架構師應採取哪一組步驟來滿足這些需求？,"A. 開啟 AWS CloudTrail 主控台。選擇包含 NAT 閘道彈性網路介面（ENI）與私有執行個體彈性網路介面的日誌群組。執行查詢，將目的地位址設為「like 203.0」，並將來源位址設為「like 198.51.100.2」。執行 stats 指令以篩選來源位址與目的地位址傳輸的位元組總和。
B. 開啟 Amazon CloudWatch 主控台。選擇包含 NAT 閘道彈性網路介面（ENI）與私有執行個體彈性網路介面的日誌群組。執行查詢，將目的地位址設為「like 203.0」，並將來源位址設為「like 198.51.100.2」。執行 stats 指令以篩選來源位址與目的地位址傳輸的位元組總和。
C. 開啟 AWS CloudTrail 主控台。選擇包含 NAT 閘道彈性網路介面（ENI）與私有執行個體彈性網路介面的日誌群組。執行查詢，將目的地位址設為「like 198.51.100.2」，並將來源位址設為「like 203.0」。執行 stats 指令以篩選來源位址與目的地位址傳輸的位元組總和。
D. 開啟 Amazon CloudWatch 主控台。選擇包含 NAT 閘道彈性網路介面（ENI）與私有執行個體彈性網路介面的日誌群組。執行查詢，將目的地位址設為「like 198.51.100.2」，並將來源位址設為「like 203.0」。執行 stats 指令以篩選來源位址與目的地位址傳輸的位元組總和。","1. **工具選擇**：VPC Flow Logs 的日誌資料是儲存在 Amazon CloudWatch Logs 中，而非 AWS CloudTrail。CloudTrail 主要用於記錄 AWS API 的呼叫紀錄，因此選項 A 與 C 是錯誤的。
2. **邏輯判斷**：題目要求判斷流量是否為「入站（Inbound）」，即流量從外部網際網路（來源 IP: 198.51.100.2）進入 VPC 內部（目的地 IP: 203.0.x.x）。因此，在查詢篩選條件中，來源位址（Source Address）應設為 198.51.100.2，目的地位址（Destination Address）應設為 203.0。
3. **選項分析**：
   - 選項 B 正確地選擇了 CloudWatch 主控台，並將目的地設為 VPC 內部的 CIDR（203.0），來源設為外部 IP（198.51.100.2），符合分析入站流量的邏輯。
   - 選項 D 雖然選擇了正確的工具（CloudWatch），但在查詢條件中將來源與目的地設定顛倒了，這會變成查詢「從內部發起到外部」的流量，而非題目要求的「入站連線」。
   - 因此，選項 B 是唯一正確且邏輯合理的步驟。"
91,"A company consists or two separate business units. Each business unit has its own AWS account within a single organization in
AWS Organizations. The business units regularly share sensitive documents with each other. To facilitate sharing, the company
created an Amazon S3 bucket in each account and configured low-way replication between the S3 buckets. The S3 buckets
have millions of objects.
Recently, a security audit identified that neither S3 bucket has encryption at rest enabled. Company policy requires that all
documents must be stored with encryption at rest. The company wants to implement server-side encryption with Amazon S3
managed encryption keys (SSE-S3).
What is the MOST operationally efficient solution that meets these requirements?","A. Turn on SSE-S3 on both S3 buckets. Use S3 Batch Operations to copy and encrypt the objects in the same location.
B. Create an AWS Key Management Service (AWS KMS) key in each account. Turn on server-side encryption with AWS KMS
keys (SSE-KMS) on each S3 bucket by using the corresponding KMS key in that AWS account. Encrypt the existing objects
by using an S3 copy command in the AWS CLI.
C. Turn on SSE-S3 on both S3 buckets. Encrypt the existing objects by using an S3 copy command in the AWS CLI.
D. Create an AWS Key Management Service, (AWS KMS) key in each account. Turn on server-side encryption with AWS KMS
keys (SSE-KMS) on each S3 bucket by using the corresponding KMS key in that AWS account. Use S3 Batch Operations to
copy the objects into the same location.","The correct answer is A for the following reasons:
1. **Requirement compliance**: The question clearly requires the use of SSE-S3 (Amazon S3 managed encryption key). Options A and C meet this encryption requirement, while options B and D use SSE-KMS and do not meet the question requirements.
2. **Operational efficiency**: Since the storage contains ""millions"" of objects, using the AWS CLI's copy command (option C) is extremely inefficient because it requires manual scripting or multiple command executions, and is difficult to manage and monitor on a large scale.
3. **Advantages of S3 Batch Operations**: S3 Batch Operations is a service designed for large-scale processing of S3 objects. It can automatically handle the copying and encryption tasks of millions of objects, and provides built-in progress tracking, error handling and completion reporting. It is the most efficient and scalable solution for processing large-scale data sets.

Analysis of other options:
- Options B and D: SSE-KMS is used, which is inconsistent with the question requirement of ""using Amazon S3 managed encryption keys (SSE-S3)"". Additionally, Option B, using the AWS CLI to handle millions of things, is too inefficient.
- Option C: Although the correct encryption method is used (SSE-S3), using the AWS CLI to process millions of objects is extremely inefficient and error-prone, and is not as automated as S3 Batch Operations.",A,A (90% community votes),"一家公司由兩個獨立的業務單位組成。每個業務單位在 AWS Organizations 中擁有各自獨立的 AWS 帳號。這些業務單位經常互相分享敏感文件。為了促進分享，該公司在每個帳號中建立了一個 Amazon S3 儲存貯體（Bucket），並配置了兩個 S3 儲存貯體之間的雙向複製。這些 S3 儲存貯體中存放了數百萬個物件。
最近，一項安全審計發現這兩個 S3 儲存貯體皆未啟用靜態加密（Encryption at rest）。公司政策要求所有文件必須在儲存時進行加密。該公司希望使用 Amazon S3 受管加密金鑰（SSE-S3）來實作伺服器端加密。
請問哪一個解決方案在符合這些要求的前提下，運作效率最高？","A. 在兩個 S3 儲存貯體上啟用 SSE-S3。使用 S3 Batch Operations（批次作業）將物件複製並加密到相同位置。
B. 在每個帳號中建立一個 AWS Key Management Service (AWS KMS) 金鑰。透過使用該 AWS 帳號中對應的 KMS 金鑰，在每個 S3 儲存貯體上啟用使用 AWS KMS 金鑰的伺服器端加密（SSE-KMS）。使用 AWS CLI 的 S3 複製指令來加密現有物件。
C. 在兩個 S3 儲存貯體上啟用 SSE-S3。使用 AWS CLI 的 S3 複製指令來加密現有物件。
D. 在每個帳號中建立一個 AWS Key Management Service (AWS KMS) 金鑰。透過使用該 AWS 帳號中對應的 KMS 金鑰，在每個 S3 儲存貯體上啟用使用 AWS KMS 金鑰的伺服器端加密（SSE-KMS）。使用 S3 Batch Operations 將物件複製到相同位置。","正確答案為 A，原因如下：
1. **需求符合性**：題目明確要求使用 SSE-S3（Amazon S3 受管加密金鑰），選項 A 和 C 符合此加密要求，而選項 B 和 D 使用的是 SSE-KMS，不符合題目需求。
2. **運作效率**：由於儲存貯體中包含「數百萬個」物件，使用 AWS CLI 的複製指令（選項 C）效率極低，因為它需要手動編寫腳本或執行多次指令，且難以大規模管理與監控。
3. **S3 Batch Operations 的優勢**：S3 Batch Operations 是專為大規模處理 S3 物件而設計的服務，能夠自動化處理數百萬個物件的複製與加密任務，並提供內建的進度追蹤、錯誤處理與完成報告，是處理大規模資料集時最有效率且最具擴展性的解決方案。

其他選項分析：
- 選項 B 與 D：使用了 SSE-KMS，這與題目要求的「使用 Amazon S3 受管加密金鑰 (SSE-S3)」不符。此外，選項 B 使用 AWS CLI 處理數百萬物件效率過低。
- 選項 C：雖然使用了正確的加密方式 (SSE-S3)，但使用 AWS CLI 處理數百萬個物件在操作上極度缺乏效率，且容易出錯，不如 S3 Batch Operations 自動化程度高。"
92,"A company is running an application in the AWS Cloud. The application collects and stores a large amount of unstructured data
in an Amazon S3 bucket. The S3 bucket contains several terabytes of data and uses the S3 Standard storage class. The data
increases in size by several gigabytes every day.
The company needs to query and analyze the data. The company does not access data that is more than 1 year old. However,
the company must retain all the data indefinitely for compliance reasons.
Which solution will meet these requirements MOST cost-effectively?","A. Use S3 Select to query the data. Create an S3 Lifecycle policy to transition data that is more than 1 year old to S3
Glacier Deep Archive.
B. Use Amazon Redshift Spectrum to query the data. Create an S3 Lifecycle policy to transition data that is more than 1
year old 10 S3 Glacier Deep Archive.
C. Use an AWS Glue Data Catalog and Amazon Athena to query the data. Create an S3 Lifecycle policy to transition data
that is more than 1 year old to S3 Glacier Deep Archive.
D. Use Amazon Redshift Spectrum to query the data. Create an S3 Lifecycle policy to transition data that is more than 1
year old to S3 Intelligent-Tiering.","The core requirement of this question is to query unstructured data in the ""most cost-effective"" manner and to preserve data for more than 1 year for a long time.

1. **Why C is the correct answer**:
   - **Query method**: Amazon Athena is a serverless interactive query service, which is very suitable for directly querying unstructured data in S3. With AWS Glue Data Catalog, you can easily define data structures and perform SQL queries, and you only need to pay for the amount of data scanned by the query. There is no need to maintain servers, making it extremely cost-effective.
   - **Storage Cost**: S3 Glacier Deep Archive is the lowest storage cost storage class in AWS and is ideal for long-term archived data that meets compliance requirements and is rarely accessed. Automatic conversion through S3 lifecycle principles can minimize storage costs.

2. **Why the other options are incorrect**:
   - **Option A**: S3 Select is only suitable for retrieving partial data from a single object, and is not suitable for complex analysis and query of large-scale data sets of several terabytes.
   - **Options B and D**: Amazon Redshift Spectrum can query S3 data, but it requires a running Redshift cluster. Compared with Athena's serverless architecture, Redshift clusters will incur additional computing resource costs and are not the most cost-effective option for infrequent query requirements.
   - **Storage Class for Option D**: S3 Intelligent-Tiering automatically optimizes storage costs, but is still more expensive than S3 Glacier Deep Archive. For situations where you know for sure that data older than 1 year will not be accessed, using Deep Archive directly is a more economical option.",C,C (92% community votes),一家公司正在 AWS 雲端執行應用程式。該應用程式收集並儲存大量的非結構化資料於 Amazon S3 儲存貯體中。該 S3 儲存貯體包含數 TB 的資料，並使用 S3 Standard 儲存類別。資料量每天增加數 GB。該公司需要查詢並分析這些資料。公司不會存取超過 1 年的資料。然而，基於合規性要求，公司必須無限期保留所有資料。哪種解決方案能以最具成本效益的方式滿足這些需求？,"A. 使用 S3 Select 查詢資料。建立 S3 生命週期原則，將超過 1 年的資料轉換至 S3 Glacier Deep Archive。
B. 使用 Amazon Redshift Spectrum 查詢資料。建立 S3 生命週期原則，將超過 1 年的資料轉換至 S3 Glacier Deep Archive。
C. 使用 AWS Glue Data Catalog 和 Amazon Athena 查詢資料。建立 S3 生命週期原則，將超過 1 年的資料轉換至 S3 Glacier Deep Archive。
D. 使用 Amazon Redshift Spectrum 查詢資料。建立 S3 生命週期原則，將超過 1 年的資料轉換至 S3 Intelligent-Tiering。","本題的核心需求在於「最具成本效益」地查詢非結構化資料，並針對超過 1 年的資料進行長期封存。

1. **為什麼 C 是正確答案**：
   - **查詢方式**：Amazon Athena 是一種無伺服器（Serverless）的互動式查詢服務，非常適合直接查詢 S3 中的非結構化資料。搭配 AWS Glue Data Catalog，可以輕鬆定義資料結構並進行 SQL 查詢，且只需為查詢掃描的資料量付費，無需維護伺服器，成本效益極高。
   - **儲存成本**：S3 Glacier Deep Archive 是 AWS 中儲存成本最低的儲存類別，非常適合用於滿足合規性要求且極少存取的長期封存資料。透過 S3 生命週期原則自動轉換，能將儲存成本降至最低。

2. **為什麼其他選項不正確**：
   - **選項 A**：S3 Select 僅適用於從單一物件中擷取部分資料，並不適合對數 TB 的大規模資料集進行複雜的分析與查詢。
   - **選項 B 與 D**：Amazon Redshift Spectrum 雖然可以查詢 S3 資料，但它需要一個正在運行的 Redshift 叢集。相較於 Athena 的無伺服器架構，Redshift 叢集會產生額外的運算資源成本，對於非頻繁的查詢需求而言，並非最具成本效益的選擇。
   - **選項 D 的儲存類別**：S3 Intelligent-Tiering 雖然能自動優化儲存成本，但其成本仍高於 S3 Glacier Deep Archive。對於「明確知道超過 1 年的資料不會被存取」的情況，直接使用 Deep Archive 是更經濟的選擇。"
93,"A video processing company wants to build a machine learning (ML) model by using 600 TB of compressed data that is stored
as thousands of files in the company's on-premises network attached storage system. The company does not have the
necessary compute resources on premises for ML experiments and wants to use AWS.
The company needs to complete the data transfer to AWS within 3 weeks. The data transfer will be a one-time transfer. The
data must be encrypted in transit. The measured upload speed of the company's internet connection is 100 Mbps. and multiple
departments share the connection.
Which solution will meet these requirements MOST cost-effectively?","A. Order several AWS Snowball Edge Storage Optimized devices by using the AWS Management Console. Configure the
devices with a destination S3 bucket. Copy the data to the devices. Ship the devices back to AWS.
B. Set up a 10 Gbps AWS Direct Connect connection between the company location and the nearest AWS Region. Transfer
the data over a VPN connection into the Region to store the data in Amazon S3.
C. Create a VPN connection between the on-premises network attached storage and the nearest AWS Region. Transfer the
data over the VPN connection.
D. Deploy an AWS Storage Gateway file gateway on premises. Configure the file gateway with a destination S3 bucket. Copy
the data to the file gateway.","The core of this question is the trade-off between ""data volume (600 TB)"", ""time limit (3 weeks)"" and ""existing network bandwidth (100 Mbps)"".
1. **Calculate transmission time**: If you use 100 Mbps network bandwidth to transmit 600 TB of data, it theoretically takes more than 500 days to complete, which is far more than the 3 weeks (21 days) required by the question. Therefore, any solution that relies on an existing Internet connection (options C and D) is not feasible.
2. **Why A**: AWS Snowball Edge is a physical appliance designed for large-scale data migration. For 600 TB of data, using Snowball Edge was the most cost-effective and time-bound solution. It has built-in encryption function, which meets the requirements of the question for encryption in transmission, and does not occupy the company's limited Internet bandwidth.
3. **Why the other options are incorrect**:
   - **Option B**: Although Direct Connect provides high-speed connections, the cost of establishing a 10 Gbps dedicated line is extremely high, and the construction cycle usually exceeds 3 weeks. It is extremely uncost-effective for ""one-time"" data migration.
   - **Option C**: As mentioned above, due to the limited bandwidth of 100 Mbps, transferring 600 TB of data through VPN will take well over 3 weeks.
   - **Option D**: Storage Gateway is mainly used for hybrid cloud storage architecture. The data transfer speed is also limited by the company's existing Internet bandwidth and cannot meet the demand of completing 600 TB transfer within 3 weeks.",A,A (100% community votes),一家影片處理公司想要利用儲存在公司內部網路附加儲存（NAS）系統中、數千個檔案共 600 TB 的壓縮資料來建立機器學習（ML）模型。該公司內部缺乏進行 ML 實驗所需的運算資源，因此希望使用 AWS。公司需要在 3 週內完成資料傳輸至 AWS。此為一次性傳輸。資料在傳輸過程中必須加密。經測量，公司網際網路連線的上傳速度為 100 Mbps，且該頻寬由多個部門共用。哪種解決方案能以最具成本效益的方式滿足這些需求？,"A. 使用 AWS 管理主控台訂購數台 AWS Snowball Edge Storage Optimized 裝置。將裝置設定為指向目標 S3 儲存貯體。將資料複製到裝置中。將裝置寄回 AWS。
B. 在公司地點與最近的 AWS 區域之間建立 10 Gbps 的 AWS Direct Connect 連線。透過 VPN 連線將資料傳輸至該區域，並儲存於 Amazon S3 中。
C. 在內部部署的網路附加儲存與最近的 AWS 區域之間建立 VPN 連線。透過 VPN 連線傳輸資料。
D. 在內部部署環境中部署 AWS Storage Gateway 檔案閘道。將檔案閘道設定為指向目標 S3 儲存貯體。將資料複製到檔案閘道。","本題的核心在於「資料量（600 TB）」、「時間限制（3 週）」以及「現有網路頻寬（100 Mbps）」之間的權衡。
1. **計算傳輸時間**：若使用 100 Mbps 的網路頻寬傳輸 600 TB 資料，理論上需要約 500 天以上才能完成，這遠遠超過題目要求的 3 週（21 天）。因此，任何依賴現有網際網路連線的方案（選項 C 與 D）皆不可行。
2. **為什麼選 A**：AWS Snowball Edge 是針對大規模資料遷移設計的實體裝置。對於 600 TB 的資料量，使用 Snowball Edge 是最符合成本效益且能確保在時限內完成的方案。它內建加密功能，符合題目對傳輸中加密的要求，且不需佔用公司有限的網際網路頻寬。
3. **為什麼其他選項不正確**：
   - **選項 B**：雖然 Direct Connect 提供高速連線，但建置 10 Gbps 的專線成本極高，且建置週期通常遠超過 3 週，對於「一次性」的資料遷移而言，極不符合成本效益。
   - **選項 C**：如前所述，受限於 100 Mbps 的頻寬，透過 VPN 傳輸 600 TB 資料所需時間遠超 3 週。
   - **選項 D**：Storage Gateway 主要用於混合雲儲存架構，資料傳輸速度同樣受限於公司現有的網際網路頻寬，無法滿足 3 週內完成 600 TB 傳輸的需求。"
94,"A company has migrated Its forms-processing application to AWS. When users interact with the application, they upload
scanned forms as files through a web application. A database stores user metadata and references to files that are stored in
Amazon S3. The web application runs on Amazon EC2 instances and an Amazon RDS for PostgreSQL database.
When forms are uploaded, the application sends notifications to a team through Amazon Simple Notification Service (Amazon
SNS). A team member then logs in and processes each form. The team member performs data validation on the form and
extracts relevant data before entering the information into another system that uses an API.
A solutions architect needs to automate the manual processing of the forms. The solution must provide accurate form
extraction. minimize time to market, and minimize tong-term operational overhead.
Which solution will meet these requirements?","A. Develop custom libraries to perform optical character recognition (OCR) on the forms. Deploy the libraries to an Amazon
Elastic Kubernetes Service (Amazon EKS) cluster as an application tier. Use this tier to process the forms when forms are
uploaded. Store the output in Amazon S3. Parse this output by extracting the data into an Amazon DynamoDB table. Submit
the data to the target system's APL. Host the new application tier on EC2 instances.
B. Extend the system with an application tier that uses AWS Step Functions and AWS Lambda. Configure this tier to use
artificial intelligence and machine learning (AI/ML) models that are trained and hosted on an EC2 instance to perform
optical character recognition (OCR) on the forms when forms are uploaded. Store the output in Amazon S3. Parse this
output by extracting the data that is required within the application tier. Submit the data to the target system's API.
C. Host a new application tier on EC2 instances. Use this tier to call endpoints that host artificial intelligence and machine
teaming (AI/ML) models that are trained and hosted in Amazon SageMaker to perform optical character recognition (OCR)
on the forms. Store the output in Amazon ElastiCache. Parse this output by extracting the data that is required within the
application tier. Submit the data to the target system's API.
D. Extend the system with an application tier that uses AWS Step Functions and AWS Lambda. Configure this tier to use
Amazon Textract and Amazon Comprehend to perform optical character recognition (OCR) on the forms when forms are
uploaded. Store the output in Amazon S3. Parse this output by extracting the data that is required within the application
tier. Submit the data to the target system's API.","The correct answer is D. Here’s why:
1. **Use Managed Services**: Amazon Textract is an AI service specifically used to extract text, handwritten content, and data from files. It does not require self-training models, ensuring high accuracy and greatly reducing development time (Time to Market). Amazon Comprehend can be used to further analyze the extracted text content.
2. **Reduce operating expenses**: Using AWS Lambda (serverless computing) and AWS Step Functions (workflow orchestration) can automate the process without having to manage the underlying server, which meets the need of ""minimizing long-term operating expenses.""
3. **Why the other options are incorrect**:
   - **Option A**: Developing a custom OCR library requires extremely high development costs and maintenance work, and the accuracy is difficult to guarantee, which does not meet the requirements of minimizing operating expenses.
   - **Option B**: Training and hosting AI/ML models yourself on EC2 requires significant machine learning expertise and maintenance, which increases operational burden and is not as efficient as using off-the-shelf AWS AI services.
   - **Option C**: While Amazon SageMaker is a powerful tool, training the model yourself is too complex and time-consuming for standard forms OCR tasks. Additionally, storing output in Amazon ElastiCache (in-memory cache) is not standard practice for processing batch form fetches, and S3 is better suited for storing such processed objects.",D,D (100% community votes),一家公司已將其表單處理應用程式遷移至 AWS。當使用者與應用程式互動時，他們會透過網頁應用程式上傳掃描後的表單檔案。資料庫儲存使用者中繼資料以及儲存在 Amazon S3 中的檔案參照。該網頁應用程式執行在 Amazon EC2 執行個體上，並使用 Amazon RDS for PostgreSQL 資料庫。當表單上傳時，應用程式會透過 Amazon Simple Notification Service (Amazon SNS) 向團隊發送通知。隨後，團隊成員會登入並處理每份表單。團隊成員會對表單進行資料驗證，並在將資訊輸入到另一個使用 API 的系統之前提取相關資料。解決方案架構師需要自動化表單的手動處理流程。該解決方案必須提供精確的表單提取、縮短上市時間，並將長期營運開銷降至最低。哪項解決方案能滿足這些需求？,"A. 開發自訂程式庫以對表單執行光學字元辨識 (OCR)。將這些程式庫部署到 Amazon Elastic Kubernetes Service (Amazon EKS) 叢集作為應用程式層。當表單上傳時，使用此層來處理表單。將輸出儲存在 Amazon S3 中。透過將資料提取到 Amazon DynamoDB 資料表中來解析此輸出。將資料提交至目標系統的 API。將新的應用程式層託管在 EC2 執行個體上。
B. 使用 AWS Step Functions 和 AWS Lambda 擴充系統以建立應用程式層。設定此層以使用在 EC2 執行個體上訓練並託管的人工智慧與機器學習 (AI/ML) 模型，在表單上傳時對其執行光學字元辨識 (OCR)。將輸出儲存在 Amazon S3 中。在應用程式層內解析此輸出以提取所需資料。將資料提交至目標系統的 API。
C. 在 EC2 執行個體上託管新的應用程式層。使用此層呼叫託管在 Amazon SageMaker 中訓練並託管的人工智慧與機器學習 (AI/ML) 模型端點，以對表單執行光學字元辨識 (OCR)。將輸出儲存在 Amazon ElastiCache 中。在應用程式層內解析此輸出以提取所需資料。將資料提交至目標系統的 API。
D. 使用 AWS Step Functions 和 AWS Lambda 擴充系統以建立應用程式層。設定此層以使用 Amazon Textract 和 Amazon Comprehend 在表單上傳時對表單執行光學字元辨識 (OCR)。將輸出儲存在 Amazon S3 中。在應用程式層內解析此輸出以提取所需資料。將資料提交至目標系統的 API。","正確答案是 D。原因如下：
1. **使用託管服務 (Managed Services)**：Amazon Textract 是一項專門用於從文件提取文字、手寫內容和資料的 AI 服務，無需自行訓練模型，能確保高準確度並大幅縮短開發時間（Time to Market）。Amazon Comprehend 則可用於進一步分析提取出的文字內容。
2. **降低營運開銷**：使用 AWS Lambda (無伺服器計算) 和 AWS Step Functions (工作流程編排) 可以自動化處理流程，無需管理底層伺服器，符合「最小化長期營運開銷」的需求。
3. **為何其他選項不正確**：
   - **選項 A**：開發自訂 OCR 程式庫需要極高的開發成本與維護工作，且準確度難以保證，不符合最小化營運開銷的要求。
   - **選項 B**：在 EC2 上自行訓練與託管 AI/ML 模型需要大量的機器學習專業知識與維護工作，這會增加營運負擔，且不如使用現成的 AWS AI 服務有效率。
   - **選項 C**：雖然 Amazon SageMaker 是強大的工具，但對於標準的表單 OCR 任務而言，自行訓練模型過於複雜且耗時。此外，將輸出儲存在 Amazon ElastiCache (記憶體快取) 並非處理批次表單提取的標準做法，S3 更適合用於儲存這類處理後的物件。"
95,"A company is refactoring its on-premises order-processing platform in the AWS Cloud. The platform includes a web front end
that is hosted on a fleet of VMs, RabbitMQ to connect the front end to the backend, and a Kubernetes cluster to run a
containerized backend system to process the orders. The company does not want to make any major changes to the
application.
Which solution will meet these requirements with the LEAST operational overhead?","A. Create an AMI of the web server VM. Create an Amazon EC2 Auto Scaling group that uses the AMI and an Application
Load Balancer. Set up Amazon MQ to replace the on-premises messaging queue. Configure Amazon Elastic Kubernetes
Service (Amazon EKS) to host the order-processing backend.
B. Create a custom AWS Lambda runtime to mimic the web server environment. Create an Amazon API Gateway API to
replace the front-end web servers. Set up Amazon MQ to replace the on-premises messaging queue. Configure Amazon
Elastic Kubernetes Service (Amazon EKS) to host the order-processing backend.
C. Create an AMI of the web server VM. Create an Amazon EC2 Auto Scaling group that uses the AMI and an Application
Load Balancer. Set up Amazon MQ to replace the on-premises messaging queue. Install Kubernetes on a fleet of different
EC2 instances to host the order-processing backend.
D. Create an AMI of the web server VM. Create an Amazon EC2 Auto Scaling group that uses the AMI and an Application
Load Balancer. Set up an Amazon Simple Queue Service (Amazon SQS) queue to replace the on-premises messaging
queue. Configure Amazon Elastic Kubernetes Service (Amazon EKS) to host the order-processing backend.","The core requirements of this question are ""no major changes (Lift-and-Shift)"" and ""minimum operating expenses.""
1. Why A is the correct answer:
   - Using AMIs and Auto Scaling Groups is standard practice for migrating existing VMs to AWS, meeting the need for unchanged applications.
   - Amazon MQ is a managed service for RabbitMQ and is fully compatible with existing RabbitMQ implementations, so you can migrate without modifying your code.
   - Amazon EKS is a managed Kubernetes service that significantly reduces operational overhead (such as control plane maintenance) compared to maintaining a Kubernetes cluster yourself.
2. Why the other options are incorrect:
   - Option B: Rewriting the web server into a Lambda function is ""Refactoring"", which violates the requirement of ""not wanting to make major changes"" in the question, and will significantly increase development and maintenance costs.
   - Option C: Self-installing Kubernetes (Self-managed Kubernetes) on EC2 will bring extremely high operational overhead, because the company must be responsible for the updates, backups and high availability of the control plane, which is contrary to the goal of ""minimum operational overhead"".
   - Option D: Although SQS is a native service of AWS, the question clearly states that RabbitMQ was originally used. If you replace RabbitMQ with SQS, you usually need to modify the application's messaging logic and API calling methods, which is a ""major change."" Amazon MQ provides direct compatibility with RabbitMQ, so Amazon MQ is better than SQS without changing the code.",A,A (93% community votes),一家公司正在將其地端（on-premises）的訂單處理平台重構至 AWS 雲端。該平台包含一個託管在虛擬機（VM）叢集上的網頁前端、一個用於連接前端與後端的 RabbitMQ，以及一個用於執行容器化後端系統以處理訂單的 Kubernetes 叢集。該公司不希望對應用程式進行任何重大變更。哪種解決方案能以最少的營運開銷（operational overhead）滿足這些需求？,"A. 為網頁伺服器 VM 建立 AMI。建立一個使用該 AMI 與應用程式負載平衡器（ALB）的 Amazon EC2 Auto Scaling 群組。設定 Amazon MQ 來取代地端的訊息佇列。設定 Amazon Elastic Kubernetes Service (Amazon EKS) 來託管訂單處理後端。
B. 建立一個自訂的 AWS Lambda 執行環境來模擬網頁伺服器環境。建立一個 Amazon API Gateway API 來取代前端網頁伺服器。設定 Amazon MQ 來取代地端的訊息佇列。設定 Amazon Elastic Kubernetes Service (Amazon EKS) 來託管訂單處理後端。
C. 為網頁伺服器 VM 建立 AMI。建立一個使用該 AMI 與應用程式負載平衡器（ALB）的 Amazon EC2 Auto Scaling 群組。設定 Amazon MQ 來取代地端的訊息佇列。在多台不同的 EC2 執行個體上安裝 Kubernetes 來託管訂單處理後端。
D. 為網頁伺服器 VM 建立 AMI。建立一個使用該 AMI 與應用程式負載平衡器（ALB）的 Amazon EC2 Auto Scaling 群組。設定 Amazon Simple Queue Service (Amazon SQS) 佇列來取代地端的訊息佇列。設定 Amazon Elastic Kubernetes Service (Amazon EKS) 來託管訂單處理後端。","本題的核心需求是「不進行重大變更（Lift-and-Shift）」且「營運開銷最少」。
1. 為什麼 A 是正確答案：
   - 使用 AMI 與 Auto Scaling Group 是將現有 VM 遷移至 AWS 的標準作法，符合不更動應用程式的需求。
   - Amazon MQ 是 RabbitMQ 的託管服務，完全相容於現有的 RabbitMQ 實作，因此無需修改程式碼即可遷移。
   - Amazon EKS 是託管的 Kubernetes 服務，相比自行維護 Kubernetes 叢集，EKS 大幅降低了營運開銷（如控制平面的維護）。
2. 為什麼其他選項不正確：
   - 選項 B：將網頁伺服器改寫為 Lambda 函數屬於「重構（Refactoring）」，這違反了題目中「不希望進行重大變更」的要求，且會大幅增加開發與維護成本。
   - 選項 C：在 EC2 上自行安裝 Kubernetes（Self-managed Kubernetes）會帶來極高的營運開銷，因為公司必須自行負責控制平面的更新、備份與高可用性，這與「最少營運開銷」的目標相悖。
   - 選項 D：雖然 SQS 是 AWS 的原生服務，但題目明確指出原本使用 RabbitMQ。若將 RabbitMQ 更換為 SQS，通常需要修改應用程式的訊息傳遞邏輯與 API 呼叫方式，這屬於「重大變更」。Amazon MQ 則能提供與 RabbitMQ 的直接相容性，因此在不更動程式碼的前提下，Amazon MQ 優於 SQS。"
96,"A solutions architect needs to implement a client-side encryption mechanism for objects that will be stored in a new Amazon
S3 bucket. The solutions architect created a CMK that is stored in AWS Key Management Service (AWS KMS) for this purpose.
The solutions architect created the following IAM policy and attached it to an IAM role:
During tests, the solutions architect was able to successfully get existing test objects in the S3 bucket. However, attempts to
upload a new object resulted in an error message. The error message stated that the action was forbidden.
Which action must the solutions architect add to the IAM policy to meet all the requirements?","A. kms:GenerateDataKey
B. kms:GetKeyPolicy
C. kms:GetPublicKey
D. kms:Sign","When using AWS KMS for client-side encryption, the application or client must first request a data key (Data Key) from KMS, use the key to encrypt the data, and then upload the encrypted data and the encrypted data key to S3.

Option A is correct: `kms:GenerateDataKey` is an integral permission during client-side encryption. When the client needs to encrypt a new object, it must call this API to generate a data key used to encrypt the data. Because the architect received a ""Forbidden"" error when trying to upload a new object, this meant that the IAM role lacked the necessary permissions to generate the data key.

Option B error: `kms:GetKeyPolicy` is used to view the policy content of the key, which has nothing to do with the actual operation of encrypted data.

Option C error: `kms:GetPublicKey` is used to obtain the public key part of an asymmetric key. It is usually used for encryption or verification, but in the standard S3 client encryption process, it mainly relies on the generation of symmetric data keys.

Option D error: `kms:Sign` is used for digital signature operations and has nothing to do with the process of encrypting the data content.

Summary: In order to complete encryption and upload new objects, the IAM role must have the `kms:GenerateDataKey` permission to obtain the key required for encryption from KMS.",A,A (100% community votes),"一位解決方案架構師需要為將儲存在新 Amazon S3 儲存貯體中的物件實作客戶端加密機制。為此，架構師在 AWS Key Management Service (AWS KMS) 中建立了一個客戶管理金鑰 (CMK)。架構師建立並將以下 IAM 政策附加到一個 IAM 角色：
在測試期間，架構師能夠成功獲取 S3 儲存貯體中現有的測試物件。然而，嘗試上傳新物件時卻出現了錯誤訊息。錯誤訊息指出該操作被禁止。
架構師必須在 IAM 政策中加入哪項操作才能滿足所有需求？","A. kms:GenerateDataKey
B. kms:GetKeyPolicy
C. kms:GetPublicKey
D. kms:Sign","當使用 AWS KMS 進行客戶端加密 (Client-side encryption) 時，應用程式或用戶端必須先向 KMS 請求一個資料金鑰 (Data Key)，用該金鑰加密資料後，再將加密後的資料與加密後的資料金鑰一同上傳至 S3。

選項 A 正確：`kms:GenerateDataKey` 是客戶端加密過程中不可或缺的權限。當用戶端需要加密新物件時，必須呼叫此 API 來產生一個用於加密資料的資料金鑰。由於架構師在嘗試上傳新物件時收到「禁止 (Forbidden)」錯誤，這代表該 IAM 角色缺乏產生資料金鑰的必要權限。

選項 B 錯誤：`kms:GetKeyPolicy` 用於檢視金鑰的政策內容，這與加密資料的實際操作無關。

選項 C 錯誤：`kms:GetPublicKey` 用於獲取非對稱金鑰的公開金鑰部分，通常用於加密或驗證，但在標準的 S3 客戶端加密流程中，主要依賴的是對稱資料金鑰的產生。

選項 D 錯誤：`kms:Sign` 用於數位簽章操作，與加密資料內容的過程無關。

總結：為了完成加密並上傳新物件，IAM 角色必須具備 `kms:GenerateDataKey` 權限，以便從 KMS 取得加密所需的金鑰。"
97,"A company has developed a web application. The company is hosting the application on a group of Amazon EC2 instances
behind an Application Load Balancer. The company wants to improve the security posture of the application and plans to use
AWS WAF web ACLs. The solution must not adversely affect legitimate traffic to the application.
How should a solutions architect configure the web ACLs to meet these requirements?","A. Set the action of the web ACL rules to Count. Enable AWS WAF logging. Analyze the requests for false positives. Modify
the rules to avoid any false positive. Over time, change the action of the web ACL rules from Count to Block.
B. Use only rate-based rules in the web ACLs, and set the throttle limit as high as possible. Temporarily block all requests
that exceed the limit. Define nested rules to narrow the scope of the rate tracking.
C. Set the action of the web ACL rules to Block. Use only AWS managed rule groups in the web ACLs. Evaluate the rule
groups by using Amazon CloudWatch metrics with AWS WAF sampled requests or AWS WAF logs.
D. Use only custom rule groups in the web ACLs, and set the action to Allow. Enable AWS WAF logging. Analyze the
requests for false positives. Modify the rules to avoid any false positive. Over time, change the action of the web ACL rules
from Allow to Block.","When deploying AWS WAF, in order to ensure that legitimate traffic will not be affected (that is, to avoid misjudgments), the best practice is to first test in ""Count"" mode.
Choice A is correct because: by setting the rule to Count, the WAF logs requests that match the rule but does not actually block them. By enabling logging and analyzing this data, architects can identify which legitimate traffic is incorrectly labeled as malicious (misidentification). After confirming that the rule will not affect legitimate users, switch the action to Block, which ensures a balance between security and usability.

Reasons why other options are incorrect:
Option B: Relying solely on rate-based rules does not provide comprehensive protection against attacks such as SQL injection or cross-site scripting, and setting the limit too high may allow attackers to bypass protection, while setting the limit too low may impact legitimate traffic.
Option C: Directly setting the action to Block is a high-risk behavior because untested rules are likely to block legitimate traffic and cause application service interruption.
Option D: Setting the action to ""Allow"" is logically incorrect. In a WAF, the action of a rule is usually Block or Count. If set to Allow, the rule will explicitly allow traffic that meets the conditions. This cannot achieve the purpose of filtering malicious requests and cannot be blocked through subsequent adjustments.",A,A (100% community votes),一家公司開發了一個網頁應用程式。該公司將應用程式託管在應用程式負載平衡器（ALB）後方的一組 Amazon EC2 執行個體上。該公司希望提升應用程式的安全性，並計畫使用 AWS WAF Web ACL。此解決方案必須確保不會對應用程式的合法流量造成負面影響。解決方案架構師應如何設定 Web ACL 以滿足這些需求？,"A. 將 Web ACL 規則的動作設定為「計數」（Count）。啟用 AWS WAF 日誌記錄。分析請求以找出誤判（false positives）。修改規則以避免任何誤判。隨著時間推移，將 Web ACL 規則的動作從「計數」更改為「封鎖」（Block）。
B. 在 Web ACL 中僅使用基於速率的規則（rate-based rules），並將流量限制設定得盡可能高。暫時封鎖所有超過限制的請求。定義巢狀規則以縮小速率追蹤的範圍。
C. 將 Web ACL 規則的動作設定為「封鎖」（Block）。在 Web ACL 中僅使用 AWS 受管規則群組。透過使用 Amazon CloudWatch 指標搭配 AWS WAF 取樣請求或 AWS WAF 日誌來評估規則群組。
D. 在 Web ACL 中僅使用自訂規則群組，並將動作設定為「允許」（Allow）。啟用 AWS WAF 日誌記錄。分析請求以找出誤判。修改規則以避免任何誤判。隨著時間推移，將 Web ACL 規則的動作從「允許」更改為「封鎖」（Block）。","在部署 AWS WAF 時，為了確保不會影響合法流量（即避免誤判），最佳實踐是先以「計數」（Count）模式進行測試。
選項 A 正確的原因在於：透過將規則設定為 Count，WAF 會記錄符合規則的請求，但不會實際封鎖它們。透過啟用日誌記錄並分析這些數據，架構師可以識別出哪些合法流量被錯誤地標記為惡意（誤判）。在確認規則不會影響合法使用者後，再將動作切換為 Block，這能確保安全性與可用性的平衡。

其他選項不正確的原因：
選項 B：僅依賴基於速率的規則無法提供全面的防護（如 SQL 注入或跨站腳本攻擊），且將限制設得過高可能導致攻擊者繞過防護，設得過低則可能影響合法流量。
選項 C：直接將動作設定為 Block 是高風險的行為，因為未經測試的規則極有可能封鎖合法流量，導致應用程式服務中斷。
選項 D：將動作設定為「允許」（Allow）在邏輯上是錯誤的。在 WAF 中，規則的動作通常是 Block 或 Count。如果設定為 Allow，則該規則會明確放行符合條件的流量，這無法達到過濾惡意請求的目的，且無法透過後續調整變為封鎖。"
98,"A company has an organization that has many AWS accounts in AWS Organizations. A solutions architect must improve how
the company manages common security group rules for the AWS accounts in the organization.
The company has a common set of IP CIDR ranges in an allow list in each AWS account to allow access to and from the
company’s on-premises network. Developers within each account are responsible for adding new IP CIDR ranges to their
security groups. The security team has its own AWS account. Currently, the security team notifies the owners of the other AWS
accounts when changes are made to the allow list.
The solutions architect must design a solution that distributes the common set of CIDR ranges across all accounts.
Which solution meets these requirements with the LEAST amount of operational overhead?","A. Set up an Amazon Simple Notification Service (Amazon SNS) topic in the security team's AWS account. Deploy an AWS
Lambda function in each AWS account. Configure the Lambda function to run every time an SNS topic receives a message.
Configure the Lambda function to take an IP address as input and add it to a list of security groups in the account. Instruct
the security team to distribute changes by publishing messages to its SNS topic.
B. Create new customer-managed prefix lists in each AWS account within the organization. Populate the prefix lists in each
account with all internal CIDR ranges. Notify the owner of each AWS account to allow the new customer-managed prefix list
IDs in their accounts in their security groups. Instruct the security team to share updates with each AWS account owner.
C. Create a new customer-managed prefix list in the security team’s AWS account. Populate the customer-managed prefix
list with all internal CIDR ranges. Share the customer-managed prefix list with the organization by using AWS Resource
Access Manager. Notify the owner of each AWS account to allow the new customer-managed prefix list ID in their security
groups.
D. Create an IAM role in each account in the organization. Grant permissions to update security groups. Deploy an AWS
Lambda function in the security team’s AWS account. Configure the Lambda function to take a list of internal IP addresses
as input, assume a role in each organization account, and add the list of IP addresses to the security groups in each
account.","Option C is the best solution because it leverages AWS Resource Access Manager (RAM) to centrally manage and share customer-managed prefix lists. This way, security teams only need to update CIDR ranges in one place (their account), and all accounts sharing the list will automatically get the update, with minimal operational overhead and no need to write code or manage cross-account permissions.

Analysis of other options:
- Option A requires deploying and maintaining Lambda functions in each account, and needs to handle SNS subscriptions and error handling, which makes the maintenance overhead too high.
- Option B requires manual creation and maintenance of the prefix list in each account, which is contrary to the goal of ""centralized management"". When the CIDR changes, each account needs to be manually notified and updated, which is extremely inefficient.
- Although option D can achieve automation, it needs to manage cross-account IAM roles and permissions, and the Lambda function needs to be maintained and monitored. If there are a large number of security groups, the frequency of API calls may trigger restrictions. Compared with the native sharing mechanism of option C, its maintenance complexity and risk are higher.",C,C (88% community votes),一家公司在 AWS Organizations 中擁有多個 AWS 帳戶。解決方案架構師必須改善該公司管理組織內各 AWS 帳戶通用安全群組規則的方式。該公司在每個 AWS 帳戶中都有一組通用的 IP CIDR 範圍白名單，用於允許進出公司地端（on-premises）網路的流量。每個帳戶內的開發人員負責將新的 IP CIDR 範圍新增至其安全群組中。安全團隊擁有自己的 AWS 帳戶。目前，安全團隊在變更白名單時會通知其他 AWS 帳戶的擁有者。解決方案架構師必須設計一個解決方案，將這組通用的 CIDR 範圍分發到所有帳戶。哪種解決方案能以最少的維運開銷滿足這些需求？,"A. 在安全團隊的 AWS 帳戶中設定 Amazon Simple Notification Service (Amazon SNS) 主題。在每個 AWS 帳戶中部署 AWS Lambda 函數。設定 Lambda 函數，使其在 SNS 主題收到訊息時執行。設定 Lambda 函數以 IP 位址作為輸入，並將其新增至該帳戶的安全群組清單中。指示安全團隊透過發布訊息到其 SNS 主題來分發變更。
B. 在組織內的每個 AWS 帳戶中建立新的客戶託管前綴清單（customer-managed prefix lists）。在每個帳戶的前綴清單中填入所有內部 CIDR 範圍。通知每個 AWS 帳戶的擁有者，允許在其帳戶的安全群組中使用新的客戶託管前綴清單 ID。指示安全團隊與每個 AWS 帳戶擁有者分享更新。
C. 在安全團隊的 AWS 帳戶中建立一個新的客戶託管前綴清單。在該客戶託管前綴清單中填入所有內部 CIDR 範圍。使用 AWS Resource Access Manager (RAM) 與組織共享該客戶託管前綴清單。通知每個 AWS 帳戶的擁有者，允許在其安全群組中使用該新的客戶託管前綴清單 ID。
D. 在組織內的每個帳戶中建立 IAM 角色。授予更新安全群組的權限。在安全團隊的 AWS 帳戶中部署 AWS Lambda 函數。設定 Lambda 函數以內部 IP 位址清單作為輸入，扮演（assume）組織內每個帳戶的角色，並將 IP 位址清單新增至每個帳戶的安全群組中。","選項 C 是最佳解決方案，因為它利用了 AWS Resource Access Manager (RAM) 來集中管理並共享「客戶託管前綴清單（Customer-managed prefix lists）」。透過這種方式，安全團隊只需在一個地方（其帳戶）更新 CIDR 範圍，所有共享該清單的帳戶都會自動獲得更新，且維運開銷極低，無需編寫程式碼或管理跨帳戶權限。

其他選項分析：
- 選項 A 需要在每個帳戶部署並維護 Lambda 函數，且需要處理 SNS 訂閱與錯誤處理，維運開銷過高。
- 選項 B 要求在每個帳戶中手動建立並維護前綴清單，這與「集中管理」的目標背道而馳，且當 CIDR 變更時，需要手動通知並更新每個帳戶，效率極低。
- 選項 D 雖然能達成自動化，但需要管理跨帳戶的 IAM 角色與權限，且 Lambda 函數需要維護與監控，若安全群組數量龐大，API 呼叫頻率可能會觸發限制，相較於選項 C 的原生共享機制，其維運複雜度與風險較高。"
99,"A company has introduced a new policy that allows employees to work remotely from their homes if they connect by using a
VPN. The company is hosting internal applications with VPCs in multiple AWS accounts. Currently, the applications are
accessible from the company's on-premises office network through an AWS Site-to-Site VPN connection. The VPC in the
company's main AWS account has peering connections established with VPCs in other AWS accounts.
A solutions architect must design a scalable AWS Client VPN solution for employees to use while they work from home.
What is the MOST cost-effective solution that meets these requirements?","A. Create a Client VPN endpoint in each AWS account. Configure required routing that allows access to internal
applications.
B. Create a Client VPN endpoint in the main AWS account. Configure required routing that allows access to internal
applications.
C. Create a Client VPN endpoint in the main AWS account. Provision a transit gateway that is connected to each AWS
account. Configure required routing that allows access to internal applications.
D. Create a Client VPN endpoint in the main AWS account. Establish connectivity between the Client VPN endpoint and the
AWS Site-to-Site VPN.","The correct answer is C. Here’s why:

1. **Why C is the Best Solution**: AWS Transit Gateway is a network relay that acts as a cloud router, connecting multiple VPCs and internal networks together. Use Transit Gateway to simplify your network topology and avoid maintaining a complex VPC peering mesh between multiple accounts. When employees connect to the primary account's Transit Gateway via Client VPN, the Transit Gateway can easily route traffic to all connected VPCs, providing the best scalability and management efficiency and being the most cost-effective in a multi-account architecture.

2. **Why the other options are incorrect**:
   - **Option A**: Setting up Client VPN endpoints in each account would lead to an administrative nightmare. Each endpoint requires independent credential management, routing configuration, and additional expense, which is neither scalable nor cost-effective.
   - **Option B**: Although it is possible to establish a single Client VPN endpoint in the primary account, relying solely on VPC peering will create ""Transitive Routing"" limitations in a multi-account environment. VPC Peering does not support transitive routing, which means that without a Transit Gateway, Client VPN cannot access other accounts' VPCs directly through the primary account's VPC unless peering is established between each VPC, which would result in an overly complex and difficult-to-maintain architecture.
   - **Option D**: Connecting Client VPN endpoints to Site-to-Site VPN is not a standard scaling architecture and does not address the routing needs of VPCs between multiple AWS accounts. This option does not efficiently handle access to cross-account resources and is not architecturally designed to adhere to AWS best practices.",C,C (53% community votes),一家公司實施了一項新政策，允許員工在透過 VPN 連線時在家遠端工作。該公司在多個 AWS 帳戶的 VPC 中託管內部應用程式。目前，這些應用程式可透過 AWS Site-to-Site VPN 連線從公司內部辦公室網路存取。公司主要 AWS 帳戶中的 VPC 已與其他 AWS 帳戶中的 VPC 建立了對等連線（Peering connections）。解決方案架構師必須為員工在家工作設計一個可擴展的 AWS Client VPN 解決方案。請問哪一個是最具成本效益且符合這些需求的解決方案？,"A. 在每個 AWS 帳戶中建立一個 Client VPN 端點。配置所需的路由以允許存取內部應用程式。
B. 在主要 AWS 帳戶中建立一個 Client VPN 端點。配置所需的路由以允許存取內部應用程式。
C. 在主要 AWS 帳戶中建立一個 Client VPN 端點。佈建一個連接到每個 AWS 帳戶的 Transit Gateway。配置所需的路由以允許存取內部應用程式。
D. 在主要 AWS 帳戶中建立一個 Client VPN 端點。在 Client VPN 端點與 AWS Site-to-Site VPN 之間建立連線。","正確答案是 C。原因如下：

1. **為什麼 C 是最佳解**：AWS Transit Gateway 是一種網路中繼站，可作為雲端路由器，將多個 VPC 和內部網路連接在一起。使用 Transit Gateway 可以簡化網路拓撲，避免在多個帳戶之間維護複雜的 VPC 對等連線（Peering）網狀結構。當員工透過 Client VPN 連線到主要帳戶的 Transit Gateway 時，Transit Gateway 可以輕鬆地將流量路由到所有已連接的 VPC，這提供了最佳的可擴展性與管理效率，且在多帳戶架構下最具成本效益。

2. **為什麼其他選項不正確**：
   - **選項 A**：在每個帳戶中建立 Client VPN 端點會導致管理上的惡夢。每個端點都需要獨立的憑證管理、路由配置以及額外的費用，這既不具備可擴展性，也不具備成本效益。
   - **選項 B**：雖然可以在主要帳戶建立單一 Client VPN 端點，但僅靠 VPC 對等連線（Peering）在多帳戶環境下會產生「傳遞路由（Transitive Routing）」限制。VPC Peering 不支援傳遞路由，這意味著如果沒有 Transit Gateway，Client VPN 無法直接透過主要帳戶的 VPC 存取其他帳戶的 VPC，除非在每個 VPC 之間都建立對等連線，這會導致架構過於複雜且難以維護。
   - **選項 D**：將 Client VPN 端點與 Site-to-Site VPN 連接並非標準的擴展架構，且無法解決多個 AWS 帳戶之間 VPC 的路由需求。此選項無法有效處理跨帳戶資源的存取，且在架構設計上不符合 AWS 最佳實踐。"
100,"A company is running an application in the AWS Cloud. Recent application metrics show inconsistent response times and a
significant increase in error rates. Calls to third-party services are causing the delays. Currently, the application calls third-
party services synchronously by directly invoking an AWS Lambda function.
A solutions architect needs to decouple the third-party service calls and ensure that all the calls are eventually completed.
Which solution will meet these requirements?","A. Use an Amazon Simple Queue Service (Amazon SQS) queue to store events and invoke the Lambda function.
B. Use an AWS Step Functions state machine to pass events to the Lambda function.
C. Use an Amazon EventBridge rule to pass events to the Lambda function.
D. Use an Amazon Simple Notification Service (Amazon SNS) topic to store events and Invoke the Lambda function.","The correct answer is A.
Here’s why:
1. **Decoupling and Reliability**: Amazon SQS is a message queuing service that buffers calls between applications and third-party services. When the third-party service responds slowly or an error occurs, the message will remain in the queue. Lambda can perform asynchronous pull (Pull) based on the processing capacity, thereby achieving decoupling and ensuring that the request will not be lost, meeting the requirement of ""final completion"".
2. **Option B is incorrect**: Although Step Functions can handle workflow, it is mainly used to orchestrate complex logic. If it is only to deal with the delay and decoupling of third-party services, SQS is a more cost-effective and decoupling-focused solution.
3. **Option C is incorrect**: Amazon EventBridge is mainly used for event busing and routing. Although it can trigger Lambda, it does not have the persistent storage function of the queue (if the target service is unavailable, EventBridge's retry mechanism is limited), and cannot provide a powerful buffering and retry mechanism like SQS to handle a large number of delayed requests.
4. **Option D is incorrect**: Amazon SNS is a publish/subscribe (Pub/Sub) service, which is mainly used to broadcast messages to multiple subscribers. SNS itself does not have the ability to store queues persistently (although it can be used in conjunction with SQS). If you use SNS directly to trigger Lambda, the message may be lost when Lambda cannot process it, and the reliability of ""final completion"" cannot be ensured.",A,A (100% community votes),一家公司正在 AWS 雲端執行應用程式。最近的應用程式指標顯示回應時間不一致，且錯誤率顯著增加。對第三方服務的呼叫導致了這些延遲。目前，該應用程式透過直接呼叫 AWS Lambda 函數來同步呼叫第三方服務。解決方案架構師需要解耦（decouple）這些第三方服務呼叫，並確保所有呼叫最終都能完成。哪種解決方案能滿足這些需求？,"A. 使用 Amazon Simple Queue Service (Amazon SQS) 佇列來儲存事件並呼叫 Lambda 函數。
B. 使用 AWS Step Functions 狀態機將事件傳遞給 Lambda 函數。
C. 使用 Amazon EventBridge 規則將事件傳遞給 Lambda 函數。
D. 使用 Amazon Simple Notification Service (Amazon SNS) 主題來儲存事件並呼叫 Lambda 函數。","正確答案是 A。
原因如下：
1. **解耦與可靠性**：Amazon SQS 是一種訊息佇列服務，能夠在應用程式與第三方服務呼叫之間提供緩衝。當第三方服務回應緩慢或發生錯誤時，訊息會保留在佇列中，Lambda 可以根據處理能力進行非同步拉取（Pull），從而實現解耦並確保請求不會遺失，滿足「最終完成」的需求。
2. **選項 B 不正確**：雖然 Step Functions 可以處理工作流程，但它主要用於編排複雜的邏輯，若僅是為了處理第三方服務的延遲與解耦，SQS 是更具成本效益且專注於解耦的解決方案。
3. **選項 C 不正確**：Amazon EventBridge 主要用於事件匯流排與路由，雖然它能觸發 Lambda，但它本身不具備佇列的持久化儲存功能（若目標服務不可用，EventBridge 的重試機制有限），無法像 SQS 那樣提供強大的緩衝與重試機制來處理大量的延遲請求。
4. **選項 D 不正確**：Amazon SNS 是一種發佈/訂閱（Pub/Sub）服務，它主要用於將訊息廣播給多個訂閱者。SNS 本身並不具備佇列的持久儲存能力（雖然可以結合 SQS 使用），若直接使用 SNS 觸發 Lambda，當 Lambda 無法處理時，訊息可能會遺失，無法確保「最終完成」的可靠性。"
101,"A company is running applications on AWS in a multi-account environment. The company's sales team and marketing team use
separate AWS accounts in AWS Organizations.
The sales team stores petabytes of data in an Amazon S3 bucket. The marketing team uses Amazon QuickSight for data
visualizations. The marketing team needs access to data that the sates team stores in the S3 bucket. The company has
encrypted the S3 bucket with an AWS Key Management Service (AWS KMS) key. The marketing team has already created the
IAM service role for QuickSight to provide QuickSight access in the marketing AWS account. The company needs a solution that
will provide secure access to the data in the S3 bucket across AWS accounts.
Which solution will meet these requirements with the LEAST operational overhead?","A. Create a new S3 bucket in the marketing account. Create an S3 replication rule in the sales account to copy the objects
to the new S3 bucket in the marketing account. Update the QuickSight permissions in the marketing account to grant
access to the new S3 bucket.
B. Create an SCP to grant access to the S3 bucket to the marketing account. Use AWS Resource Access Manager (AWS
RAM) to share the KMS key from the sates account with the marketing account. Update the QuickSight permissions in the
marketing account to grant access to the S3 bucket.
C. Update the S3 bucket policy in the marketing account to grant access to the QuickSight role. Create a KMS grant for the
encryption key that is used in the S3 bucket. Grant decrypt access to the QuickSight role. Update the QuickSight
permissions in the marketing account to grant access to the S3 bucket.
D. Create an IAM role in the sales account and grant access to the S3 bucket. From the marketing account, assume the IAM
role in the sales account to access the S3 bucket. Update the QuickSight rote, to create a trust relationship with the new
IAM role in the sales account.","The correct answer is D. When accessing AWS resources across accounts, using IAM Role Assumption (Cross-account IAM Role Assumption) is the most standard approach and follows the principle of least privilege. By creating a role in the sales account and granting S3 access rights, the QuickSight role in the marketing account can assume the role through a trust relationship, thereby securely accessing data without the need to copy data or manage complex resource sharing settings, meeting the requirement of ""minimum operational overhead.""

Analysis of other options:
A Incorrect: Because the amount of data reaches the PB level, copying data will incur extremely high storage costs and network transmission costs, and data synchronization will bring huge operational overhead and delays.
B Incorrect: SCP (Service Control Policy) is used to limit the highest permissions of accounts within an organization, rather than granting specific resource access rights. In addition, although KMS can be shared through Key Policy, using SCP to handle resource access is an incorrect architectural design.
C Incorrect: The S3 storage policy must be in the ""account where the resource is located"" (i.e. the sales account), not the marketing account. Updating S3 policies in a marketing account does not take effect on the sales account's storage.
D is the solution that is most in line with AWS best practices and delegates permissions through IAM roles, which is both secure and easy to maintain.",D,D (59% community votes),一家公司在多帳號環境中於 AWS 上執行應用程式。該公司的銷售團隊與行銷團隊在 AWS Organizations 中使用各自獨立的 AWS 帳號。銷售團隊在 Amazon S3 儲存貯體中儲存了 PB 等級的資料。行銷團隊使用 Amazon QuickSight 進行資料視覺化。行銷團隊需要存取銷售團隊儲存在 S3 儲存貯體中的資料。該公司已使用 AWS Key Management Service (AWS KMS) 金鑰對該 S3 儲存貯體進行加密。行銷團隊已在行銷 AWS 帳號中為 QuickSight 建立了 IAM 服務角色，以提供 QuickSight 存取權限。公司需要一個能跨 AWS 帳號安全存取 S3 儲存貯體資料的解決方案。哪一個解決方案能以最少的營運開銷滿足這些需求？,"A. 在行銷帳號中建立一個新的 S3 儲存貯體。在銷售帳號中建立 S3 複寫規則，將物件複製到行銷帳號的新 S3 儲存貯體中。更新行銷帳號中的 QuickSight 權限，以授予對新 S3 儲存貯體的存取權。
B. 建立一個服務控制政策 (SCP) 以授予行銷帳號對 S3 儲存貯體的存取權。使用 AWS Resource Access Manager (AWS RAM) 將銷售帳號的 KMS 金鑰與行銷帳號共用。更新行銷帳號中的 QuickSight 權限，以授予對 S3 儲存貯體的存取權。
C. 更新行銷帳號中的 S3 儲存貯體政策以授予 QuickSight 角色存取權。為 S3 儲存貯體所使用的加密金鑰建立 KMS 授權 (Grant)。授予 QuickSight 角色解密存取權。更新行銷帳號中的 QuickSight 權限，以授予對 S3 儲存貯體的存取權。
D. 在銷售帳號中建立一個 IAM 角色並授予其對 S3 儲存貯體的存取權。從行銷帳號中，扮演 (Assume) 銷售帳號中的 IAM 角色以存取 S3 儲存貯體。更新 QuickSight 角色，以與銷售帳號中的新 IAM 角色建立信任關係。","正確答案為 D。在跨帳號存取 AWS 資源時，使用 IAM 角色扮演 (Cross-account IAM Role Assumption) 是最標準且具備最小權限原則的做法。透過在銷售帳號建立角色並賦予 S3 存取權，行銷帳號的 QuickSight 角色可以透過信任關係扮演該角色，從而安全地存取資料，且無需複製資料或管理複雜的資源共用設定，符合「最少營運開銷」的要求。

其他選項分析：
A 不正確：因為資料量達到 PB 等級，複製資料會產生極高的儲存成本、網路傳輸成本，且資料同步會帶來巨大的營運開銷與延遲。
B 不正確：SCP (Service Control Policy) 用於限制組織內帳號的最高權限，而非用於授予特定的資源存取權。此外，雖然 KMS 可以透過 Key Policy 共用，但使用 SCP 來處理資源存取是不正確的架構設計。
C 不正確：S3 儲存貯體政策必須位於「資源所在的帳號」（即銷售帳號），而非行銷帳號。在行銷帳號更新 S3 政策無法對銷售帳號的儲存貯體生效。
D 是最符合 AWS 最佳實踐的方案，透過 IAM 角色委派權限，既安全又易於維護。"
102,"A company is planning to migrate its business-critical applications from an on-premises data center to AWS. The company has
an on-premises installation of a Microsoft SQL Server Always On cluster. The company wants to migrate to an AWS managed
database service. A solutions architect must design a heterogeneous database migration on AWS.
Which solution will meet these requirements?","A. Migrate the SQL Server databases to Amazon RDS for MySQL by using backup and restore utilities.
B. Use an AWS Snowball Edge Storage Optimized device to transfer data to Amazon S3. Set up Amazon RDS for MySQL. Use
S3 integration with SQL Server features, such as BULK INSERT.
C. Use the AWS Schema Conversion Tool to translate the database schema to Amazon RDS for MySQL. Then use AWS
Database Migration Service (AWS DMS) to migrate the data from on-premises databases to Amazon RDS.
D. Use AWS DataSync to migrate data over the network between on-premises storage and Amazon S3. Set up Amazon RDS
for MySQL. Use S3 integration with SQL Server features, such as BULK INSERT.","The core of this question lies in ""Heterogeneous Database Migration"", which is migrating from one database engine (Microsoft SQL Server) to another different database engine (MySQL).

Why the answer is C:
AWS Schema Conversion Tool (SCT) is specially used for heterogeneous database migration. It can automatically convert the structure description (Schema) of the source database into a format supported by the target database engine. After the structure conversion is completed, AWS Database Migration Service (AWS DMS) is responsible for handling the actual data migration work, supporting continuous data replication from the local database to the AWS managed database, which is the standard and best practice path for performing heterogeneous migration.

Why the other options are incorrect:
A. The ""backup and restore"" mentioned in option A is usually used for homogeneous migration (such as SQL Server to SQL Server). It is not possible to directly restore the SQL Server backup file to the MySQL database because the storage architecture and format of the two are completely different.
B. Both options B and D recommend using S3 integration features (such as BULK INSERT). These functions are typically used to import data into SQL Server, rather than converting SQL Server data and importing it into MySQL. In addition, these methods do not solve the problem of incompatible structural descriptions between heterogeneous databases and cannot handle the complex transformation logic required for database migration.",C,C (100% community votes),一家公司正計劃將其關鍵業務應用程式從地端資料中心遷移至 AWS。該公司目前在地端安裝了 Microsoft SQL Server Always On 叢集。公司希望遷移至 AWS 受管資料庫服務。解決方案架構師必須在 AWS 上設計一個異質資料庫遷移方案。請問哪一個解決方案符合這些需求？,"A. 使用備份與還原工具，將 SQL Server 資料庫遷移至 Amazon RDS for MySQL。
B. 使用 AWS Snowball Edge Storage Optimized 裝置將資料傳輸至 Amazon S3。設定 Amazon RDS for MySQL。使用 SQL Server 的 S3 整合功能（例如 BULK INSERT）。
C. 使用 AWS Schema Conversion Tool (SCT) 將資料庫結構描述 (Schema) 轉換為 Amazon RDS for MySQL。然後使用 AWS Database Migration Service (AWS DMS) 將資料從地端資料庫遷移至 Amazon RDS。
D. 使用 AWS DataSync 透過網路在地端儲存與 Amazon S3 之間遷移資料。設定 Amazon RDS for MySQL。使用 SQL Server 的 S3 整合功能（例如 BULK INSERT）。","本題的核心在於「異質資料庫遷移」（Heterogeneous Database Migration），即從一個資料庫引擎（Microsoft SQL Server）遷移至另一個不同的資料庫引擎（MySQL）。

為什麼答案是 C：
AWS Schema Conversion Tool (SCT) 專門用於異質資料庫遷移，它能自動將來源資料庫的結構描述（Schema）轉換為目標資料庫引擎所支援的格式。在結構轉換完成後，AWS Database Migration Service (AWS DMS) 則負責處理實際的資料遷移工作，支援從地端資料庫到 AWS 受管資料庫的連續資料複製，是執行異質遷移的標準且最佳實踐路徑。

為什麼其他選項不正確：
A. 選項 A 提到的「備份與還原」通常用於同質遷移（例如 SQL Server 到 SQL Server），無法直接將 SQL Server 的備份檔還原至 MySQL 資料庫，因為兩者的儲存架構與格式完全不同。
B. 選項 B 與 D 均建議使用 S3 整合功能（如 BULK INSERT）。這些功能通常用於將資料匯入至 SQL Server，而非將 SQL Server 的資料轉換並匯入至 MySQL。此外，這些方法並未解決異質資料庫間結構描述不相容的問題，且無法處理資料庫遷移所需的複雜轉換邏輯。"
103,"A publishing company's design team updates the icons and other static assets that an ecommerce web application uses. The
company serves the icons and assets from an Amazon S3 bucket that is hosted in the company's production account. The
company also uses a development account that members of the design team can access.
After the design team tests the static assets in the development account, the design team needs to load the assets into the S3
bucket in the production account. A solutions architect must provide the design team with access to the production account
without exposing other parts of the web application to the risk of unwanted changes.
Which combination of steps will meet these requirements? (Choose three.)","A. In the production account, create a new IAM policy that allows read and write access to the S3 bucket.
B. In the development account, create a new IAM policy that allows read and write access to the S3 bucket.
C. In the production account, create a role Attach the new policy to the role. Define the development account as a trusted
entity.
D. In the development account, create a role. Attach the new policy to the role Define the production account as a trusted
entity.
E. In the development account, create a group that contains all the IAM users of the design team Attach a different IAM
policy to the group to allow the sts:AssumeRole action on the role In the production account. F. In the development account, create a group that contains all the IAM users of the design team Attach a different IAM
policy to the group to allow the sts:AssumeRole action on the role in the development account.","This scenario is a typical ""Cross-Account Access"" requirement. To ensure security and follow the principle of least privilege, the correct approach is to delegate via IAM Roles.

Correct option analysis:
- A: Correct. We need to define ""what"" can be done in the production account (i.e. read and write permissions to S3), so we need to create an IAM policy that includes S3 access permissions.
- C: Correct. In order to allow an external account (development account) to access the resources of the production account, an IAM Role must be created in the production account, and a trust policy (Trust Policy) must be set to list the development account as a trusted entity, so that users of the development account can obtain the permissions of this role through AssumeRole.
- E: Correct. On the development account side, users of the design team must be authorized (through group management) to execute the `sts:AssumeRole` action, targeting the role created in the production account, so that members of the design team can switch identities to access the production environment.

Error option analysis:
- B: Error. There is no point in establishing an S3 access policy in the development account because the target S3 storage is in the production account and the development account's policies have no direct control over the production account's resources.
-D: Error. Roles should be created in the account where the resource is located (the production account), not the development account. If you create a role in a development account, you will not be able to give the design team access to S3 in the production account.
- F: Error. The target of the authorization `sts:AssumeRole` must be the role in the production account, not the role in the development account, otherwise the design team still cannot cross over to the production account.",ACE,ACE (PDF answer),"一家出版公司的設計團隊會更新電子商務網頁應用程式所使用的圖示與其他靜態資產。該公司從託管於生產帳戶（production account）中的 Amazon S3 儲存貯體（bucket）提供這些圖示與資產。該公司同時擁有一個開發帳戶（development account），設計團隊成員可存取該帳戶。
在設計團隊於開發帳戶中測試完靜態資產後，需要將這些資產載入至生產帳戶的 S3 儲存貯體中。解決方案架構師必須讓設計團隊能夠存取生產帳戶，且不能讓網頁應用程式的其他部分暴露於非預期的變更風險中。
哪三項步驟組合能滿足這些需求？（選擇三項。）","A. 在生產帳戶中，建立一個新的 IAM 政策，允許對 S3 儲存貯體進行讀取與寫入權限。
B. 在開發帳戶中，建立一個新的 IAM 政策，允許對 S3 儲存貯體進行讀取與寫入權限。
C. 在生產帳戶中，建立一個角色（Role）。將新政策附加到該角色。定義開發帳戶為受信任實體（trusted entity）。
D. 在開發帳戶中，建立一個角色。將新政策附加到該角色。定義生產帳戶為受信任實體。
E. 在開發帳戶中，建立一個群組，包含設計團隊的所有 IAM 使用者。將另一個 IAM 政策附加到該群組，以允許對生產帳戶中的角色執行 sts:AssumeRole 動作。
F. 在開發帳戶中，建立一個群組，包含設計團隊的所有 IAM 使用者。將另一個 IAM 政策附加到該群組，以允許對開發帳戶中的角色執行 sts:AssumeRole 動作。","此情境為典型的「跨帳戶存取」（Cross-Account Access）需求。為了確保安全性並遵循最小權限原則，正確的做法是透過 IAM Role 進行委派。

正確選項解析：
- A：正確。我們需要在生產帳戶中定義「能做什麼」（即對 S3 的讀寫權限），因此需要建立一個包含 S3 存取權限的 IAM 政策。
- C：正確。為了讓外部帳戶（開發帳戶）能存取生產帳戶的資源，必須在生產帳戶建立一個 IAM Role，並設定信任政策（Trust Policy）將開發帳戶列為受信任實體，這樣開發帳戶的使用者才能透過 AssumeRole 取得此角色的權限。
- E：正確。在開發帳戶端，必須授權設計團隊的使用者（透過群組管理）執行 `sts:AssumeRole` 動作，目標是生產帳戶中建立好的那個角色，這樣設計團隊成員才能切換身份存取生產環境。

錯誤選項解析：
- B：錯誤。在開發帳戶建立 S3 存取政策是無意義的，因為目標 S3 儲存貯體位於生產帳戶中，開發帳戶的政策無法直接控制生產帳戶的資源。
- D：錯誤。角色應該建立在「資源所在」的帳戶（生產帳戶），而不是開發帳戶。若在開發帳戶建立角色，無法讓設計團隊存取生產帳戶的 S3。
- F：錯誤。授權 `sts:AssumeRole` 的目標必須是生產帳戶中的角色，而非開發帳戶內的角色，否則設計團隊依然無法跨越到生產帳戶。"
104,"A company developed a pilot application by using AWS Elastic Beanstalk and Java. To save costs during development, the
company's development team deployed the application into a single-instance environment. Recent tests indicate that the
application consumes more CPU than expected. CPU utilization is regularly greater than 85%, which causes some performance
bottlenecks.
A solutions architect must mitigate the performance issues before the company launches the application to production.
Which solution will meet these requirements with the LEAST operational overhead?","A. Create a new Elastic Beanstalk application. Select a load-balanced environment type. Select all Availability Zones. Add a
scale-out rule that will run if the maximum CPU utilization is over 85% for 5 minutes.
B. Create a second Elastic Beanstalk environment. Apply the traffic-splitting deployment policy. Specify a percentage of
incoming traffic to direct to the new environment in the average CPU utilization is over 85% for 5 minutes.
C. Modify the existing environment’s capacity configuration to use a load-balanced environment type. Select all Availability
Zones. Add a scale-out rule that will run if the average CPU utilization is over 85% for 5 minutes.
D. Select the Rebuild environment action with the load balancing option. Select an Availability Zones. Add a scale-out rule
that will run if the sum CPU utilization is over 85% for 5 minutes.","The correct answer is C for the following reasons:
1. **Minimal operational overhead**: Elastic Beanstalk allows you to directly modify the configuration of the existing environment (Configuration) and change the environment type from ""single instance"" to ""load balancing"". This is the most direct and minimally changing method, without re-creating the application or migrating resources.
2. **Automatic scaling requirements**: By changing the environment to a load balancing type, the system will automatically configure Auto Scaling Group (ASG) and Elastic Load Balancer (ELB), which makes it feasible to set scaling rules (Scaling Policy) for CPU usage and can effectively solve performance bottlenecks.
3. **Option A is incorrect**: Building a new Elastic Beanstalk application incurs additional resource management overhead and requires redeploying code, which is more cumbersome than directly modifying the existing environment.
4. **Option B is incorrect**: Traffic Splitting is usually used for blue-green deployment or canary release, and is not a standard scaling mechanism to solve CPU performance bottlenecks. This method cannot automatically increase the number of instances based on load, and cannot fundamentally solve the problem of insufficient CPU resources.
5. **Option D is incorrect**: Rebuilding the environment (Rebuild) will delete and re-establish all resources, which will cause service interruption, and selecting a single availability zone (Availability Zone) does not comply with the best practices of high-availability architecture. In addition, it is not reasonable to use ""Sum"" CPU usage as a scaling indicator, because as the number of instances increases, the sum value will be distorted, and the ""Average"" indicator should be used.",C,C (96% community votes),一家公司使用 AWS Elastic Beanstalk 和 Java 開發了一個試點應用程式。為了在開發期間節省成本，開發團隊將應用程式部署到單一實例（single-instance）環境中。最近的測試顯示，該應用程式消耗的 CPU 超出了預期。CPU 使用率經常超過 85%，導致了一些效能瓶頸。解決方案架構師必須在公司將應用程式發布到生產環境之前解決這些效能問題。哪種解決方案能以最少的營運開銷滿足這些需求？,"A. 建立一個新的 Elastic Beanstalk 應用程式。選擇負載平衡環境類型。選擇所有可用區域。新增一個當最大 CPU 使用率超過 85% 持續 5 分鐘時執行的擴展規則。
B. 建立第二個 Elastic Beanstalk 環境。套用流量分割部署策略。指定當平均 CPU 使用率超過 85% 持續 5 分鐘時，將一定比例的傳入流量導向至新環境。
C. 修改現有環境的容量配置，改為使用負載平衡環境類型。選擇所有可用區域。新增一個當平均 CPU 使用率超過 85% 持續 5 分鐘時執行的擴展規則。
D. 選擇重建環境動作並啟用負載平衡選項。選擇一個可用區域。新增一個當總和 CPU 使用率超過 85% 持續 5 分鐘時執行的擴展規則。","正確答案是 C，原因如下：
1. **最少營運開銷**：Elastic Beanstalk 允許直接修改現有環境的配置（Configuration），將環境類型從「單一實例」變更為「負載平衡」，這是最直接且變動最小的方法，無需重新建立應用程式或遷移資源。
2. **自動擴展需求**：透過將環境變更為負載平衡類型，系統會自動配置 Auto Scaling Group (ASG) 和 Elastic Load Balancer (ELB)，這使得設定 CPU 使用率的擴展規則（Scaling Policy）變得可行，能有效解決效能瓶頸。
3. **選項 A 不正確**：建立一個全新的 Elastic Beanstalk 應用程式會產生額外的資源管理開銷，且需要重新部署程式碼，這比直接修改現有環境更為繁瑣。
4. **選項 B 不正確**：流量分割（Traffic Splitting）通常用於藍綠部署或金絲雀發布，並非解決 CPU 效能瓶頸的標準擴展機制。此方法無法自動根據負載增加實例數量，無法從根本解決 CPU 資源不足的問題。
5. **選項 D 不正確**：重建環境（Rebuild）會刪除並重新建立所有資源，這會導致服務中斷，且選擇單一可用區域（Availability Zone）不符合高可用性架構的最佳實踐。此外，使用「總和（Sum）」CPU 使用率作為擴展指標並不合理，因為隨著實例數量增加，總和數值會失真，應使用「平均（Average）」指標。"
105,"A finance company is running its business-critical application on current-generation Linux EC2 instances. The application
includes a self-managed MySQL database performing heavy I/O operations. The application is working fine to handle a
moderate amount of traffic during the month. However, it slows down during the final three days of each month due to month-
end reporting, even though the company is using Elastic Load Balancers and Auto Scaling within its infrastructure to meet the
increased demand.
Which of the following actions would allow the database to handle the month-end load with the LEAST impact on performance?","A. Pre-warming Elastic Load Balancers, using a bigger instance type, changing all Amazon EBS volumes to GP2 volumes.
B. Performing a one-time migration of the database cluster to Amazon RDS, and creating several additional read replicas to
handle the load during end of month.
C. Using Amazon CloudWatch with AWS Lambda to change the type, size, or IOPS of Amazon EBS volumes in the cluster
based on a specific CloudWatch metric.
D. Replacing all existing Amazon EBS volumes with new PIOPS volumes that have the maximum available storage size and
I/O per second by taking snapshots before the end of the month and reverting back afterwards.","The correct answer is B.

The analysis is as follows:
1. **Why B is the correct answer**:
   Self-managed MySQL databases have limited scalability when handling heavy I/O. Migrating your database to Amazon RDS is a best practice because RDS offers the benefits of a managed service and the ability to easily create ""Read Replicas."" By offloading read traffic to read-only replicas, the load on the primary database can be significantly reduced, thus solving the performance bottleneck caused by end-of-month reporting with minimal performance impact.

2. **Why the other options are incorrect**:
   - **Option A**: Warming up ELB can only solve the performance problem of the network traffic entrance, but cannot solve the I/O bottleneck of the back-end database. In addition, the performance of a GP2 volume depends on the size of the volume. If it is not properly configured for I/O needs, simply replacing it with GP2 is not guaranteed to solve the problem of heavy I/O.
   - **Option C**: Although it is possible to dynamically adjust EBS attributes through Lambda, this approach is very complex and risky in implementation, and may cause temporary interruption of disk I/O or unstable performance during the adjustment process. It is not the best architectural design to handle the load at the end of the month.
   - **Option D**: This approach involves frequent snapshots, deletion and rebuilding of disk volumes, which will cause the application to have to be shut down during maintenance. The operation is extremely cumbersome, has a huge impact on business continuity, and does not meet the requirement of ""minimum performance impact"".",B,B (93% community votes),一家金融公司正在目前的 Linux EC2 執行個體上運行其關鍵業務應用程式。該應用程式包含一個執行繁重 I/O 操作的自管式 MySQL 資料庫。該應用程式在每個月處理中等流量時運作良好。然而，由於月底報表的需求，儘管公司在基礎設施中使用了彈性負載平衡器（ELB）和自動擴展（Auto Scaling）來應對增加的需求，但在每個月的最後三天，應用程式的速度會變慢。下列哪項操作能讓資料庫以「最小的效能影響」處理月底負載？,"A. 預熱彈性負載平衡器（Pre-warming ELB），使用更大的執行個體類型，並將所有 Amazon EBS 磁碟區更改為 GP2 磁碟區。
B. 將資料庫叢集一次性遷移至 Amazon RDS，並建立數個額外的唯讀複本（Read Replicas）來處理月底的負載。
C. 使用 Amazon CloudWatch 搭配 AWS Lambda，根據特定的 CloudWatch 指標來變更叢集中 Amazon EBS 磁碟區的類型、大小或 IOPS。
D. 在月底前拍攝快照，將所有現有的 Amazon EBS 磁碟區更換為具有最大可用儲存空間和每秒 I/O 次數（IOPS）的 PIOPS 磁碟區，並在月底後還原。","正確答案為 B。

解析如下：
1. **為什麼 B 是正確答案**：
   自管式 MySQL 資料庫在處理繁重 I/O 時，擴展能力有限。將資料庫遷移至 Amazon RDS 是最佳實踐，因為 RDS 提供了託管服務的優勢，並能輕鬆建立「唯讀複本（Read Replicas）」。透過將讀取流量分流至唯讀複本，可以顯著減輕主資料庫的負載，從而以最小的效能衝擊解決月底報表造成的效能瓶頸。

2. **為什麼其他選項不正確**：
   - **選項 A**：預熱 ELB 僅能解決網路流量入口的效能問題，無法解決後端資料庫的 I/O 瓶頸。此外，GP2 磁碟區的效能取決於容量大小，若未針對 I/O 需求進行適當配置，單純更換為 GP2 並不能保證解決繁重 I/O 的問題。
   - **選項 C**：雖然可以透過 Lambda 動態調整 EBS 屬性，但這種做法在實作上非常複雜且風險高，且在調整過程中可能會導致磁碟 I/O 暫時中斷或效能不穩定，並非處理月底負載的最佳架構設計。
   - **選項 D**：這種做法涉及頻繁的快照、刪除與重建磁碟區，這會導致應用程式在維護期間必須停機，且操作極為繁瑣，對業務連續性影響巨大，不符合「最小效能影響」的要求。"
106,"A company runs a Java application that has complex dependencies on VMs that are in the company's data center. The
application is stable. but the company wants to modernize the technology stack. The company wants to migrate the application
to AWS and minimize the administrative overhead to maintain the servers.
Which solution will meet these requirements with the LEAST code changes?","A. Migrate the application to Amazon Elastic Container Service (Amazon ECS) on AWS Fargate by using AWS
App2Container. Store container images in Amazon Elastic Container Registry (Amazon ECR). Grant the ECS task execution
role permission 10 access the ECR image repository. Configure Amazon ECS to use an Application Load Balancer (ALB).
Use the ALB to interact with the application.
B. Migrate the application code to a container that runs in AWS Lambda. Build an Amazon API Gateway REST API with
Lambda integration. Use API Gateway to interact with the application.
C. Migrate the application to Amazon Elastic Kubernetes Service (Amazon EKS) on EKS managed node groups by using
AWS App2Container. Store container images in Amazon Elastic Container Registry (Amazon ECR). Give the EKS nodes
permission to access the ECR image repository. Use Amazon API Gateway to interact with the application.
D. Migrate the application code to a container that runs in AWS Lambda. Configure Lambda to use an Application Load
Balancer (ALB). Use the ALB to interact with the application.","The core requirements of this question are ""modernization"", ""minimizing management overhead (Serverless)"" and ""minimum code changes"".

Why the answer is A:
1. **Minimize management overhead**: AWS Fargate is a serverless container computing engine. Users do not need to manage the underlying EC2 execution individuals or nodes, which fully meets the need to reduce management overhead.
2. **Minimal code changes**: AWS App2Container is a tool specifically designed to containerize existing applications. It can automatically analyze and package Java applications into container images without significantly rewriting the code.
3. **Architecture Adaptability**: For traditional Java applications with complex dependencies, it is much easier to containerize and deploy them on ECS Fargate than to disassemble them into Lambda functions (options B and D), because Lambda has execution time constraints and architectural constraints, which often require significant code modifications to adapt to the event-driven model.

Why the other options are incorrect:
- B and D: Migrating complex Java applications to AWS Lambda often requires refactoring the code to comply with the stateless nature and execution limitations of Lambda. This violates the ""minimum code change"" requirement and Lambda is not the best choice for running complex, long-running Java applications.
- C: Although Amazon EKS is also a containerization solution, EKS's managed node groups still require maintenance of the underlying EC2 nodes (although there is management assistance, it is still more maintenance than Fargate's serverless model). Additionally, the architectural complexity of EKS is higher than that of ECS, making ECS ​​Fargate a simpler and on-demand option for companies simply looking to modernize and reduce overhead.",A,A (93% community votes),一家公司運行著一個 Java 應用程式，該程式對公司資料中心內的虛擬機（VM）有複雜的依賴關係。該應用程式目前運作穩定，但公司希望進行技術堆疊的現代化。公司希望將應用程式遷移至 AWS，並將維護伺服器的管理開銷降至最低。哪種解決方案能在最少程式碼變更的情況下滿足這些需求？,"A. 使用 AWS App2Container 將應用程式遷移至 AWS Fargate 上的 Amazon Elastic Container Service (Amazon ECS)。將容器映像檔儲存在 Amazon Elastic Container Registry (Amazon ECR) 中。授予 ECS 任務執行角色存取 ECR 映像儲存庫的權限。設定 Amazon ECS 以使用應用程式負載平衡器 (ALB)。使用 ALB 與應用程式進行互動。
B. 將應用程式程式碼遷移至在 AWS Lambda 中執行的容器。建置一個具有 Lambda 整合的 Amazon API Gateway REST API。使用 API Gateway 與應用程式進行互動。
C. 使用 AWS App2Container 將應用程式遷移至 EKS 受管節點群組上的 Amazon Elastic Kubernetes Service (Amazon EKS)。將容器映像檔儲存在 Amazon Elastic Container Registry (Amazon ECR) 中。授予 EKS 節點存取 ECR 映像儲存庫的權限。使用 Amazon API Gateway 與應用程式進行互動。
D. 將應用程式程式碼遷移至在 AWS Lambda 中執行的容器。設定 Lambda 以使用應用程式負載平衡器 (ALB)。使用 ALB 與應用程式進行互動。","本題的核心需求在於「現代化」、「最小化管理開銷（Serverless）」以及「最少的程式碼變更」。

為什麼答案是 A：
1. **最小化管理開銷**：AWS Fargate 是一種無伺服器（Serverless）的容器運算引擎，使用者無需管理底層的 EC2 執行個體或節點，完全符合減少管理開銷的需求。
2. **最少程式碼變更**：AWS App2Container 是一個專門用於將現有應用程式容器化的工具，它能自動分析並將 Java 應用程式封裝為容器映像檔，無需大幅重寫程式碼。
3. **架構適配性**：對於具有複雜依賴關係的傳統 Java 應用程式，將其容器化並部署在 ECS Fargate 上，比將其拆解為 Lambda 函數（選項 B、D）要容易得多，因為 Lambda 有執行時間限制與架構限制，通常需要大幅修改程式碼以適應事件驅動模型。

為什麼其他選項不正確：
- B 與 D：將複雜的 Java 應用程式遷移至 AWS Lambda 通常需要重構程式碼以符合 Lambda 的無狀態（Stateless）特性與執行限制。這違反了「最少程式碼變更」的要求，且 Lambda 並非運行複雜、長期執行之 Java 應用程式的最佳選擇。
- C：雖然 Amazon EKS 也是容器化方案，但 EKS 的受管節點群組仍需要維護底層的 EC2 節點（儘管有管理協助，但仍比 Fargate 的無伺服器模式有更多維護工作）。此外，EKS 的架構複雜度高於 ECS，對於僅希望現代化並減少開銷的公司來說，ECS Fargate 是更簡單且符合需求的選擇。"
107,"A company has an asynchronous HTTP application that is hosted as an AWS Lambda function. A public Amazon API Gateway
endpoint invokes the Lambda function. The Lambda function and the API Gateway endpoint reside in the us-east-1 Region. A
solutions architect needs to redesign the application to support failover to another AWS Region.
Which solution will meet these requirements?","A. Create an API Gateway endpoint in the us-west-2 Region to direct traffic to the Lambda function in us-east-1. Configure
Amazon Route 53 to use a failover routing policy to route traffic for the two API Gateway endpoints.
B. Create an Amazon Simple Queue Service (Amazon SQS) queue. Configure API Gateway to direct traffic to the SQS queue
instead of to the Lambda function. Configure the Lambda function to pull messages from the queue for processing.
C. Deploy the Lambda function to the us-west-2 Region. Create an API Gateway endpoint in us-west-2 10 direct traffic to the
Lambda function in us-west-2. Configure AWS Global Accelerator and an Application Load Balancer to manage traffic
across the two API Gateway endpoints.
D. Deploy the Lambda function and an API Gateway endpoint to the us-west-2 Region. Configure Amazon Route 53 to use a
failover routing policy to route traffic for the two API Gateway endpoints.","To achieve cross-region fault-tolerant migration (Failover), you must ensure that each component of the application (in this case, API Gateway and Lambda) is deployed accordingly in the target region (us-west-2).

Why option D is correct:
Option D deploys the full application stack (API Gateway + Lambda) in the us-west-2 region and leverages Amazon Route 53's Failover Routing Policy. When the endpoint of us-east-1 fails, Route 53 will detect the health check failure and automatically direct traffic to the endpoint of us-west-2, which fully meets the requirements for cross-region fault-tolerant migration.

Why the other options are incorrect:
Option A: This scenario attempts to have the API Gateway on us-west-2 call the Lambda on us-east-1. This not only increases cross-region latency, but also if a service interruption occurs in the us-east-1 region, the Lambda function will not be able to run and true fault-tolerant migration cannot be achieved.
Option B: The introduction of SQS can indeed decouple applications and increase asynchronous processing capabilities, but it does not solve the ""region-level"" fault-tolerant migration problem. If the us-east-1 region fails, the infrastructure where API Gateway and SQS are located will still be affected.
Option C: AWS Global Accelerator is typically used to direct traffic to resources such as Application Load Balancers (ALB) or EC2, but API Gateway itself does not directly support being an endpoint for Global Accelerator. Additionally, this architecture is overly complex and does not conform to API Gateway's standard deployment model.",D,D (94% community votes),一家公司有一個非同步的 HTTP 應用程式，託管在 AWS Lambda 函式中。一個公開的 Amazon API Gateway 端點會呼叫該 Lambda 函式。該 Lambda 函式與 API Gateway 端點皆位於 us-east-1 區域。架構師需要重新設計該應用程式以支援容錯移轉（failover）至另一個 AWS 區域。哪一個解決方案符合這些需求？,"A. 在 us-west-2 區域建立一個 API Gateway 端點，將流量導向 us-east-1 的 Lambda 函式。設定 Amazon Route 53 使用容錯移轉路由策略，以路由這兩個 API Gateway 端點的流量。
B. 建立一個 Amazon Simple Queue Service (Amazon SQS) 佇列。設定 API Gateway 將流量導向 SQS 佇列而非 Lambda 函式。設定 Lambda 函式從佇列中提取訊息進行處理。
C. 將 Lambda 函式部署至 us-west-2 區域。在 us-west-2 建立一個 API Gateway 端點，將流量導向 us-west-2 的 Lambda 函式。設定 AWS Global Accelerator 和 Application Load Balancer 來管理跨兩個 API Gateway 端點的流量。
D. 將 Lambda 函式和 API Gateway 端點部署至 us-west-2 區域。設定 Amazon Route 53 使用容錯移轉路由策略，以路由這兩個 API Gateway 端點的流量。","要達成跨區域的容錯移轉（Failover），必須確保應用程式的各個元件（在此為 API Gateway 與 Lambda）在目標區域（us-west-2）皆有對應的部署。

為什麼選項 D 是正確的：
選項 D 在 us-west-2 區域部署了完整的應用程式堆疊（API Gateway + Lambda），並利用 Amazon Route 53 的容錯移轉路由策略（Failover Routing Policy）。當 us-east-1 的端點發生故障時，Route 53 會偵測到健康檢查失敗，並自動將流量導向 us-west-2 的端點，這完全符合跨區域容錯移轉的需求。

為什麼其他選項不正確：
選項 A：此方案試圖讓 us-west-2 的 API Gateway 呼叫 us-east-1 的 Lambda。這不僅增加了跨區域的延遲，且若 us-east-1 區域發生服務中斷，該 Lambda 函式將無法運作，無法達成真正的容錯移轉。
選項 B：引入 SQS 確實能解耦應用程式並增加非同步處理能力，但它並沒有解決「區域級別」的容錯移轉問題。若 us-east-1 區域發生故障，API Gateway 與 SQS 所在的基礎設施依然會受到影響。
選項 C：AWS Global Accelerator 通常用於將流量導向 Application Load Balancer (ALB) 或 EC2 等資源，但 API Gateway 本身並不直接支援作為 Global Accelerator 的端點。此外，此架構過於複雜且不符合 API Gateway 的標準部署模式。"
108,"A retail company has structured its AWS accounts to be part of an organization in AWS Organizations. The company has set up
consolidated billing and has mapped its departments to the following OUs: Finance, Sales, Human Resources (HR), Marketing,
and Operations. Each OU has multiple AWS accounts, one for each environment within a department. These environments are
development, test, pre-production, and production.
The HR department is releasing a new system that will launch in 3 months. In preparation, the HR department has purchased
several Reserved Instances (RIs) in its production AWS account. The HR department will install the new application on this
account. The HR department wants to make sure that other departments cannot share the RI discounts.
Which solution will meet these requirements?","A. In the AWS Billing and Cost Management console for the HR department's production account turn off RI sharing.
B. Remove the HR department's production AWS account from the organization. Add the account 10 the consolidating
billing configuration only.
C. In the AWS Billing and Cost Management console. use the organization’s management account 10 turn off RI Sharing for
the HR departments production AWS account.
D. Create an SCP in the organization to restrict access to the RIs. Apply the SCP to the OUs of the other departments.","The correct answer is C. In AWS Organizations, Reserved Instance (RI) discounts are automatically shared across the organization by default to maximize cost effectiveness. To restrict a specific account's RI discount from being shared with other accounts, the organization's Management Account (formerly known as Master Account) must log in to the AWS Billing and Cost Management console and turn off the ""RI Sharing"" feature for that specific account.

Option analysis:
A. Incorrect: The setting of RI sharing must be done in the organization's administrative account. A single member account cannot turn off the sharing function at this organization level by itself.
B. Incorrect: Removing an account from an organization causes the account to lose the benefits of consolidated billing, is drastic, and is not standard practice for managing RI sharing.
C. Correct: This is the official operating procedure of AWS. The RI sharing permissions of each account in the organization must be managed through administrative accounts.
D. Incorrect: Service Control Policy (SCP) is used to manage access to AWS services (such as restricting the creation of specific resources). It cannot be used to control or limit the RI discount sharing mechanism at the AWS billing level.",C,C (79% community votes),"一家零售公司已將其 AWS 帳戶納入 AWS Organizations 的組織架構中。該公司已設定合併帳單（Consolidated Billing），並將其部門對應至下列組織單位（OU）：財務、銷售、人力資源（HR）、行銷及營運。每個 OU 下皆有多個 AWS 帳戶，分別對應各部門內的不同環境，包括開發、測試、預備生產（Pre-production）及生產環境。
人力資源部門即將發布一套預計於 3 個月後啟用的新系統。為此，HR 部門已在其生產環境的 AWS 帳戶中購買了多個預留執行個體（Reserved Instances, RIs）。HR 部門將在此帳戶中安裝新應用程式。HR 部門希望確保其他部門無法共享這些 RI 的折扣。請問哪種解決方案能滿足此需求？","A. 在 HR 部門生產帳戶的 AWS 帳單與成本管理控制台中，關閉 RI 共享功能。
B. 將 HR 部門的生產 AWS 帳戶從組織中移除，並僅將該帳戶加入合併帳單配置中。
C. 在 AWS 帳單與成本管理控制台中，使用組織的管理帳戶（Management Account）關閉 HR 部門生產 AWS 帳戶的 RI 共享功能。
D. 在組織中建立服務控制政策（SCP）以限制對 RI 的存取。將此 SCP 套用至其他部門的 OU。","正確答案為 C。在 AWS Organizations 中，預設情況下，預留執行個體（RI）的折扣會自動在整個組織內共享，以最大化成本效益。若要限制特定帳戶的 RI 折扣不被其他帳戶共享，必須由組織的「管理帳戶」（Management Account，原稱 Master Account）登入 AWS 帳單與成本管理控制台，並針對該特定帳戶設定關閉「RI 共享」（RI Sharing）功能。

選項分析：
A. 不正確：RI 共享的設定必須在組織的管理帳戶中進行，單一成員帳戶無法自行關閉此組織層級的共享功能。
B. 不正確：將帳戶從組織中移除會導致該帳戶失去合併帳單的優勢，且此舉過於激進，並非管理 RI 共享的標準做法。
C. 正確：這是 AWS 官方規定的操作流程，必須透過管理帳戶來管理組織內各帳戶的 RI 共享權限。
D. 不正確：服務控制政策（SCP）是用於管理 AWS 服務的存取權限（例如限制建立特定資源），它無法用來控制或限制 AWS 帳單層級的 RI 折扣共享機制。"
109,"A large company is running a popular web application. The application runs on several Amazon EC2 Linux instances in an Auto
Scaling group in a private subnet. An Application Load Balancer is targeting the instances in the Auto Scaling group in the
private subnet. AWS Systems Manager Session Manager is configured, and AWS Systems Manager Agent is running on all the
EC2 instances.
The company recently released a new version of the application. Some EC2 instances are now being marked as unhealthy and
are being terminated. As a result, the application is running at reduced capacity. A solutions architect tries to determine the
root cause by analyzing Amazon CloudWatch logs that are collected from the application, but the logs are inconclusive.
How should the solutions architect gain access to an EC2 instance to troubleshoot the issue?","A. Suspend the Auto Scaling group’s HealthCheck scaling process. Use Session Manager to log in to an instance that is
marked as unhealthy.
B. Enable EC2 instance termination protection. Use Session Manager to log in to an instance that is marked as unhealthy.
C. Set the termination policy to OldestInstance on the Auto Scaling group. Use Session Manager to log in to an instance
that is marked an unhealthy.
D. Suspend the Auto Scaling group’s Terminate process. Use Session Manager to log in to an instance that is marked as
unhealthy.","The correct answer is D. When an Auto Scaling group detects that an instance is unhealthy, the default behavior is to terminate the instance and start a new one to replace it. If the architect wants to troubleshoot this ""unhealthy"" instance, he or she must first prevent the Auto Scaling group from deleting it. By suspending (Suspend) the ""Terminate"" process of the Auto Scaling group, you can prevent the execution instance from being automatically terminated, allowing the architect enough time to use Session Manager to log in and perform diagnosis.

Choice A is incorrect because pausing the HealthCheck process causes the Auto Scaling group to stop checking the health status of executions, which does not directly prevent executions that have been marked as unhealthy from being terminated.

Option B is incorrect because EC2 execution individual termination protection (Termination Protection) is for ""manual"" termination or protection through API calls. It cannot prevent the Auto Scaling group from automatically terminating in order to maintain the group size.

Option C is incorrect because changing the termination policy (Termination Policy) only determines ""which"" execution instance will be deleted first when the group needs to reduce capacity, and does not prevent unhealthy execution instances from being terminated.",D,D (93% community votes),"一家大型公司正在運行一個熱門的網頁應用程式。該應用程式運行在私有子網路中 Auto Scaling 群組的多個 Amazon EC2 Linux 執行個體上。一個應用程式負載平衡器 (ALB) 將流量導向至該私有子網路中 Auto Scaling 群組內的執行個體。AWS Systems Manager Session Manager 已完成設定，且所有 EC2 執行個體上皆已運行 AWS Systems Manager Agent。
公司最近發布了應用程式的新版本。目前有一些 EC2 執行個體被標記為「不健康」(unhealthy) 並正在被終止。結果導致應用程式的處理能力下降。解決方案架構師嘗試透過分析從應用程式收集的 Amazon CloudWatch 日誌來確定根本原因，但日誌結果並不具決定性。解決方案架構師應該如何存取 EC2 執行個體以進行故障排除？","A. 暫停 Auto Scaling 群組的 HealthCheck 擴展流程。使用 Session Manager 登入被標記為不健康的執行個體。
B. 啟用 EC2 執行個體終止保護。使用 Session Manager 登入被標記為不健康的執行個體。
C. 將 Auto Scaling 群組的終止策略設定為 OldestInstance。使用 Session Manager 登入被標記為不健康的執行個體。
D. 暫停 Auto Scaling 群組的 Terminate 流程。使用 Session Manager 登入被標記為不健康的執行個體。","正確答案是 D。當 Auto Scaling 群組偵測到執行個體不健康時，預設行為是終止該執行個體並啟動一個新的來取代它。如果架構師想要對該「不健康」的執行個體進行故障排除，必須先阻止 Auto Scaling 群組將其刪除。透過暫停 (Suspend) Auto Scaling 群組的「Terminate」流程，可以防止該執行個體被自動終止，從而讓架構師有足夠的時間使用 Session Manager 登入並進行診斷。

選項 A 不正確，因為暫停 HealthCheck 流程會導致 Auto Scaling 群組停止檢查執行個體的健康狀態，這並不能直接阻止已經被標記為不健康的執行個體被終止。

選項 B 不正確，因為 EC2 執行個體終止保護 (Termination Protection) 是針對「手動」終止或透過 API 呼叫的保護，它無法阻止 Auto Scaling 群組為了維護群組大小而進行的自動終止行為。

選項 C 不正確，因為更改終止策略 (Termination Policy) 僅決定了當群組需要縮減容量時「哪一個」執行個體會被優先刪除，並不能阻止不健康的執行個體被終止。"
110,"A company wants to deploy an AWS WAF solution to manage AWS WAF rules across multiple AWS accounts. The accounts are
managed under different OUs in AWS Organizations.
Administrators must be able to add or remove accounts or OUs from managed AWS WAF rule sets as needed. Administrators
also must have the ability to automatically update and remediate noncompliant AWS WAF rules in all accounts.
Which solution meets these requirements with the LEAST amount of operational overhead?","A. Use AWS Firewall Manager to manage AWS WAF rules across accounts in the organization. Use an AWS Systems
Manager Parameter Store parameter to store account numbers and OUs to manage. Update the parameter as needed to
add or remove accounts or OUs. Use an Amazon EventBridge rule to identify any changes to the parameter and to invoke
an AWS Lambda function to update the security policy in the Firewall Manager administrative account.
B. Deploy an organization-wide AWS Config rule that requires all resources in the selected OUs to associate the AWS WAF
rules. Deploy automated remediation actions by using AWS Lambda to fix noncompliant resources. Deploy AWS WAF rules
by using an AWS CloudFormation stack set to target the same OUs where the AWS Config rule is applied.
C. Create AWS WAF rules in the management account of the organization. Use AWS Lambda environment variables to store
account numbers and OUs to manage. Update environment variables as needed to add or remove accounts or OUs. Create
cross-account IAM roles in member accounts. Assume the roles by using AWS Security Token Service (AWS STS) in the
Lambda function to create and update AWS WAF rules in the member accounts.
D. Use AWS Control Tower to manage AWS WAF rules across accounts in the organization. Use AWS Key Management
Service (AWS KMS) to store account numbers and OUs to manage. Update AWS KMS as needed to add or remove accounts
or OUs. Create IAM users in member accounts. Allow AWS Control Tower in the management account to use the access key
and secret access key to create and update AWS WAF rules in the member accounts.","The correct answer is A for the following reasons:
1. **AWS Firewall Manager Core Benefits**: Firewall Manager is designed to centrally manage security principles, including WAF, in AWS Organizations. It natively supports rule deployment based on OUs and accounts, and has the function of automatically repairing non-compliant rules, which fully meets the requirements of the question for ""management rules"" and ""automatic repair"".
2. **Lowest operating expenses**: Option A stores configurations through Parameter Store, and combines EventBridge and Lambda to achieve automated updates. This is the most standard and low-maintenance cost approach that combines Firewall Manager's principle management with dynamic account management.

Why the other options are incorrect:
- **Option B**: Although AWS Config and CloudFormation StackSets can implement deployment, this approach is very complex and difficult to maintain. Config rules are mainly used for ""detection"" rather than ""centralized management of WAF principles"", and the management overhead of StackSets is much higher than that of Firewall Manager, which does not meet the requirements of ""minimum operating overhead"".
- **Option C**: This option requires manually writing a lot of Lambda code to handle cross-account STS assuming roles (AssumeRole) and WAF API calls. This not only has high development costs, but also lacks the automated compliance monitoring and repair functions natively provided by Firewall Manager, which is ""reinventing the wheel.""
- **Option D**: This option recommends creating an IAM user in the member account and using an access key, which is a serious violation of AWS security best practices (the use of long-term access keys should be avoided as much as possible). In addition, Control Tower itself is not a tool directly used for fine-grained management of WAF rules, and this architecture is neither secure nor scalable.",A,A (98% community votes),一家公司希望部署 AWS WAF 解決方案，以管理多個 AWS 帳號中的 AWS WAF 規則。這些帳號在 AWS Organizations 下的不同組織單位（OU）中進行管理。管理員必須能夠根據需要從受管理的 AWS WAF 規則集中新增或移除帳號或 OU。管理員還必須具備自動更新和修復所有帳號中不合規 AWS WAF 規則的能力。哪種解決方案能以最少的營運開銷滿足這些需求？,"A. 使用 AWS Firewall Manager 來管理組織中跨帳號的 AWS WAF 規則。使用 AWS Systems Manager Parameter Store 參數來儲存要管理的帳號編號和 OU。根據需要更新參數以新增或移除帳號或 OU。使用 Amazon EventBridge 規則來識別參數的任何變更，並呼叫 AWS Lambda 函數來更新 Firewall Manager 管理帳號中的安全性原則。
B. 部署一個組織範圍的 AWS Config 規則，要求所選 OU 中的所有資源都必須關聯 AWS WAF 規則。使用 AWS Lambda 部署自動化修復動作以修復不合規的資源。使用 AWS CloudFormation StackSets 部署 AWS WAF 規則，以鎖定應用了 AWS Config 規則的相同 OU。
C. 在組織的管理帳號中建立 AWS WAF 規則。使用 AWS Lambda 環境變數來儲存要管理的帳號編號和 OU。根據需要更新環境變數以新增或移除帳號或 OU。在成員帳號中建立跨帳號 IAM 角色。在 Lambda 函數中使用 AWS Security Token Service (AWS STS) 來扮演這些角色，以便在成員帳號中建立和更新 AWS WAF 規則。
D. 使用 AWS Control Tower 來管理組織中跨帳號的 AWS WAF 規則。使用 AWS Key Management Service (AWS KMS) 來儲存要管理的帳號編號和 OU。根據需要更新 AWS KMS 以新增或移除帳號或 OU。在成員帳號中建立 IAM 使用者。允許管理帳號中的 AWS Control Tower 使用存取金鑰（Access Key）和秘密存取金鑰（Secret Access Key）在成員帳號中建立和更新 AWS WAF 規則。","正確答案為 A，原因如下：
1. **AWS Firewall Manager 的核心優勢**：Firewall Manager 專為集中管理 AWS Organizations 中的安全性原則（包括 WAF）而設計。它原生支援根據 OU 和帳號進行規則部署，並具備自動修復不合規規則的功能，這完全符合題目對於「管理規則」與「自動修復」的需求。
2. **營運開銷最低**：選項 A 透過 Parameter Store 儲存配置，並結合 EventBridge 與 Lambda 實現自動化更新，這是將 Firewall Manager 的原則管理與動態帳號管理結合的最標準且低維護成本做法。

其他選項為何不正確：
- **選項 B**：雖然 AWS Config 和 CloudFormation StackSets 可以實現部署，但這種方式非常複雜且難以維護。Config 規則主要用於「偵測」而非「集中管理 WAF 原則」，且 StackSets 的管理開銷遠高於 Firewall Manager，不符合「最少營運開銷」的要求。
- **選項 C**：此方案需要手動編寫大量 Lambda 程式碼來處理跨帳號的 STS 扮演角色（AssumeRole）以及 WAF API 的呼叫。這不僅開發成本高，且缺乏 Firewall Manager 原生提供的自動化合規性監控與修復功能，屬於「重新發明輪子」。
- **選項 D**：此方案建議在成員帳號中建立 IAM 使用者並使用存取金鑰（Access Key），這嚴重違反了 AWS 安全最佳實踐（應盡量避免使用長期存取金鑰）。此外，Control Tower 本身並非直接用於細粒度管理 WAF 規則的工具，此架構既不安全也不具備擴充性。"
111,"A solutions architect is auditing the security setup or an AWS Lambda function for a company. The Lambda function retrieves,
the latest changes from an Amazon Aurora database. The Lambda function and the database run in the same VPC. Lambda
environment variables are providing the database credentials to the Lambda function.
The Lambda function aggregates data and makes the data available in an Amazon S3 bucket that is configured for server-side
encryption with AWS KMS managed encryption keys (SSE-KMS). The data must not travel across the Internet. If any database
credentials become compromised, the company needs a solution that minimizes the impact of the compromise.
What should the solutions architect recommend to meet these requirements?","A. Enable IAM database authentication on the Aurora DB cluster. Change the IAM role for the Lambda function to allow the
function to access the database by using IAM database authentication. Deploy a gateway VPC endpoint for Amazon S3 in
the VPC.
B. Enable IAM database authentication on the Aurora DB cluster. Change the IAM role for the Lambda function to allow the
function to access the database by using IAM database authentication. Enforce HTTPS on the connection to Amazon S3
during data transfers.
C. Save the database credentials in AWS Systems Manager Parameter Store. Set up password rotation on the credentials in
Parameter Store. Change the IAM role for the Lambda function to allow the function to access Parameter Store. Modify the
Lambda function to retrieve the credentials from Parameter Store. Deploy a gateway VPC endpoint for Amazon S3 in the
VPC.
D. Save the database credentials in AWS Secrets Manager. Set up password rotation on the credentials in Secrets Manager.
Change the IAM role for the Lambda function to allow the function to access Secrets Manager. Modify the Lambda function
to retrieve the credentials from Secrets Manager. Enforce HTTPS on the connection to Amazon S3 during data transfers.","There are two core requirements for this question: one is to ensure that data transmission does not pass through the Internet, and the other is to reduce the impact of credential leakage.
1. **Why A is the correct answer**:
   - **IAM Database Authentication**: Access Aurora through IAM authentication without the need to store static passwords in your code or environment variables. If credentials (IAM roles) are leaked, permissions can be revoked immediately, and IAM verification itself does not rely on long-term passwords, which greatly reduces the risk of traditional credential leaks.
   - **Gateway VPC Endpoint**: This is key to ensuring that data ""doesn't go through the Internet."" By establishing an S3 gateway endpoint within the VPC, Lambda's traffic to and from S3 will be routed through the AWS internal network instead of the public Internet.

2. **Why the other options are incorrect**:
   - **Option B**: Although IAM repository verification is enabled, it only mentions forcing HTTPS. Although HTTPS encrypts the transmission content, the traffic may still pass through the Internet (unless there is a VPC endpoint), which cannot meet the strict network isolation requirements of ""data must not pass through the Internet"".
   - **Option C**: Although Parameter Store is used and VPC endpoints are deployed, Parameter Store is not a service specifically designed for database credential management (Secrets Manager is preferred), and using static credentials (even with rotation) is still less secure than IAM database verification by directly eliminating passwords.
   - **Option D**: Although Secrets Manager is a best practice for managing credentials and has a rotation function, it also does not solve the problem of ""data not passing through the Internet"". Merely forcing HTTPS does not guarantee that traffic stays entirely within the AWS internal network; VPC endpoints must be used to ensure that traffic does not traverse the internet.",A,A (87% community votes),一位解決方案架構師正在審核一家公司的 AWS Lambda 函數安全設定。該 Lambda 函數會從 Amazon Aurora 資料庫擷取最新變更。Lambda 函數與資料庫皆運行於同一個 VPC 中。目前 Lambda 環境變數正提供資料庫憑證給 Lambda 函數。Lambda 函數會彙總資料，並將資料存入一個已設定使用 AWS KMS 管理金鑰進行伺服器端加密 (SSE-KMS) 的 Amazon S3 儲存貯體中。資料傳輸過程不得經過網際網路。若任何資料庫憑證遭到洩漏，公司需要一個能將影響降至最低的解決方案。解決方案架構師應建議採取什麼措施來滿足這些需求？,"A. 在 Aurora 資料庫叢集上啟用 IAM 資料庫驗證。更改 Lambda 函數的 IAM 角色，以允許該函數透過 IAM 資料庫驗證存取資料庫。在 VPC 中部署 Amazon S3 的閘道 VPC 端點 (Gateway VPC Endpoint)。
B. 在 Aurora 資料庫叢集上啟用 IAM 資料庫驗證。更改 Lambda 函數的 IAM 角色，以允許該函數透過 IAM 資料庫驗證存取資料庫。在資料傳輸期間強制對 Amazon S3 的連線使用 HTTPS。
C. 將資料庫憑證儲存於 AWS Systems Manager Parameter Store。在 Parameter Store 中設定憑證的密碼輪替。更改 Lambda 函數的 IAM 角色，以允許該函數存取 Parameter Store。修改 Lambda 函數以從 Parameter Store 擷取憑證。在 VPC 中部署 Amazon S3 的閘道 VPC 端點。
D. 將資料庫憑證儲存於 AWS Secrets Manager。在 Secrets Manager 中設定憑證的密碼輪替。更改 Lambda 函數的 IAM 角色，以允許該函數存取 Secrets Manager。修改 Lambda 函數以從 Secrets Manager 擷取憑證。在資料傳輸期間強制對 Amazon S3 的連線使用 HTTPS。","本題的核心需求有二：一是確保資料傳輸不經過網際網路，二是降低憑證洩漏的影響。
1. **為何 A 是正確答案**：
   - **IAM 資料庫驗證**：透過 IAM 驗證存取 Aurora，無需在程式碼或環境變數中儲存靜態密碼。若憑證（IAM 角色）洩漏，可立即撤銷權限，且 IAM 驗證本身不依賴長期密碼，大幅降低了傳統憑證洩漏的風險。
   - **閘道 VPC 端點**：這是確保資料「不經過網際網路」的關鍵。透過在 VPC 內建立 S3 的閘道端點，Lambda 存取 S3 的流量將會透過 AWS 內部網路路由，而非透過公用網際網路。

2. **為何其他選項不正確**：
   - **選項 B**：雖然啟用了 IAM 資料庫驗證，但僅提到強制 HTTPS。HTTPS 雖然加密了傳輸內容，但流量仍可能經由網際網路（除非有 VPC 端點），這無法滿足「資料不得經過網際網路」的嚴格網路隔離需求。
   - **選項 C**：雖然使用了 Parameter Store 並部署了 VPC 端點，但 Parameter Store 並非專門為資料庫憑證管理設計的服務（Secrets Manager 才是首選），且使用靜態憑證（即使有輪替）在安全性上仍不如 IAM 資料庫驗證直接消除密碼來得徹底。
   - **選項 D**：雖然 Secrets Manager 是管理憑證的最佳實踐，且具備輪替功能，但它同樣沒有解決「資料不經過網際網路」的問題。僅強制 HTTPS 並不能保證流量完全留在 AWS 內部網路中，必須使用 VPC 端點才能確保流量不經過網際網路。"
112,"A large mobile gaming company has successfully migrated all of its on-premises infrastructure to the AWS Cloud. A solutions
architect is reviewing the environment to ensure that it was built according to the design and that it is running in alignment
with the Well-Architected Framework.
While reviewing previous monthly costs in Cost Explorer, the solutions architect notices that the creation and subsequent
termination of several large instance types account for a high proportion of the costs. The solutions architect finds out that the
company’s developers are launching new Amazon EC2 instances as part of their testing and that the developers are not using
the appropriate instance types.
The solutions architect must implement a control mechanism to limit the instance types that only the developers can launch.
Which solution will meet these requirements?","A. Create a desired-instance-type managed rule in AWS Config. Configure the rule with the instance types that are allowed.
Attach the rule to an event to run each time a new EC2 instance is launched.
B. In the EC2 console, create a launch template that specifies the instance types that are allowed. Assign the launch
template to the developers’ IAM accounts.
C. Create a new IAM policy. Specify the instance types that are allowed. Attach the policy to an IAM group that contains the
IAM accounts for the developers
D. Use EC2 Image Builder to create an image pipeline for the developers and assist them in the creation of a golden image.","The correct answer is C. In AWS, the most direct and effective way to limit the types of resources that a user can launch (such as EC2 execution instance types) is to use an IAM Policy. By setting the Condition Key of `ec2:InstanceType` in the policy, you can clearly define the types of execution entities that are allowed or denied. Attaching this policy to the IAM group to which the developer belongs enforces this restriction and ensures that developers cannot launch unauthorized high-cost execution entities.

Option A is incorrect because AWS Config is mainly used for resource compliance monitoring and auditing. Although it can detect execution instances that do not meet specifications, it cannot ""prevent"" developers from creating these execution instances at startup. It can only issue warnings or trigger automated repairs afterwards.

Option B is incorrect because Launch Template is a tool used to simplify the startup process and does not itself have the function of enforcing permission control. Developers can still choose not to use the template, or manually override the setting at launch.

Choice D is incorrect because EC2 Image Builder is used to automate the creation of images and has nothing to do with limiting a developer's permissions to launch instances. Even if a golden image is provided, developers can still manually select a different execution instance type when launching an execution instance, so the restriction cannot be achieved.",C,C (100% community votes),一家大型手機遊戲公司已成功將其所有地端基礎設施遷移至 AWS 雲端。一位解決方案架構師正在審查該環境，以確保其建置符合設計，並確保其運作符合「架構完善框架」（Well-Architected Framework）。在審查 Cost Explorer 的過往每月成本時，架構師發現建立並隨後終止多個大型執行個體類型佔用了很大比例的成本。架構師發現公司的開發人員在測試過程中啟動了新的 Amazon EC2 執行個體，且開發人員並未使用適當的執行個體類型。架構師必須實施一種控制機制，以限制開發人員僅能啟動特定的執行個體類型。哪種解決方案符合這些需求？,"A. 在 AWS Config 中建立一個 desired-instance-type 的受管規則。使用允許的執行個體類型來配置該規則。將此規則附加到事件，以便在每次啟動新的 EC2 執行個體時執行。
B. 在 EC2 主控台中，建立一個指定允許執行個體類型的啟動範本（Launch Template）。將此啟動範本指派給開發人員的 IAM 帳號。
C. 建立一個新的 IAM 政策。指定允許的執行個體類型。將此政策附加到包含開發人員 IAM 帳號的 IAM 群組。
D. 使用 EC2 Image Builder 為開發人員建立一個映像檔管道（Image Pipeline），並協助他們建立黃金映像檔（Golden Image）。","正確答案是 C。在 AWS 中，要限制使用者可以啟動的資源類型（例如 EC2 執行個體類型），最直接且有效的方法是使用 IAM 政策（IAM Policy）。透過在政策中設定 `ec2:InstanceType` 的條件鍵（Condition Key），可以明確定義允許或拒絕的執行個體類型。將此政策附加到開發人員所屬的 IAM 群組，即可強制執行此限制，確保開發人員無法啟動未經授權的高成本執行個體。

選項 A 不正確，因為 AWS Config 主要用於資源合規性監控與稽核，雖然可以偵測到不符合規範的執行個體，但它無法在啟動當下「阻止」開發人員建立這些執行個體，只能在事後發出警告或觸發自動化修復。

選項 B 不正確，因為啟動範本（Launch Template）是用於簡化啟動流程的工具，它本身並不具備強制執行權限控制的功能。開發人員仍然可以選擇不使用該範本，或在啟動時手動覆蓋設定。

選項 D 不正確，因為 EC2 Image Builder 用於自動化建立映像檔，這與限制開發人員啟動執行個體的權限無關。即使提供了黃金映像檔，開發人員在啟動執行個體時仍可手動選擇其他執行個體類型，因此無法達成限制目的。"
113,"A company is developing and hosting several projects in the AWS Cloud. The projects are developed across multiple AWS
accounts under the same organization in AWS Organizations. The company requires the cost for cloud infrastructure to be
allocated to the owning project. The team responsible for all of the AWS accounts has discovered that several Amazon EC2
instances are lacking the Project tag used for cost allocation.
Which actions should a solutions architect lake to resolve the problem and prevent it from happening in the future? (Choose
three.)","A. Create an AWS Config rule in each account to find resources with missing tags.
B. Create an SCP in the organization with a deny action for ec2:RunInstances if the Project tag is missing.
C. Use Amazon Inspector in the organization to find resources with missing tags.
D. Create an IAM policy in each account with a deny action for ec2:RunInstances if the Project tag is missing.
E. Create an AWS Config aggregator for the organization to collect a list of EC2 instances with the missing Project tag. F. Use AWS Security Hub to aggregate a list of EC2 instances with the missing Project tag.","This question aims to solve the needs of ""detecting the missing tags of existing resources"" and ""enforcing that future resources must have tags"".

The correct answer is ABE, and the analysis is as follows:
1. **A (Correct)**: AWS Config rules (such as `ec2-instance-tagged`) can continuously monitor resource status and identify untagged EC2 instances. This can effectively solve the problem of ""finding existing resources missing tags"".
2. **B (Correct)**: SCP is a feature of AWS Organizations that can apply to the entire organization or to a specific OU. By setting up the SCP to reject `ec2:RunInstances` if the request does not include the Project tag, you can enforce the tag policy at the source and prevent missing tags from happening in the future.
3. **E (Correct)**: Since the project is distributed among multiple accounts, the AWS Config Aggregator can be used to centralize the compliance data of all accounts into a central account for review, making it easier for the management team to uniformly monitor and track resources that lack tags in all accounts.

Error option analysis:
* **C (Error)**: Amazon Inspector is primarily used for automated security assessments to identify software vulnerabilities and unexpected network exposures, and is not used to check resource tag compliance.
* **D (Error)**: Although IAM policies can restrict permissions, to enforce this rule on multiple accounts, IAM policies must be managed individually in each account, which is extremely expensive to manage and difficult to maintain in a multi-account environment. In contrast, SCP is a best practice for governance at the organizational level.
* **F (Error)**: Although AWS Security Hub can aggregate security findings, it is not a tool specifically designed to check resource tag compliance, and its functional positioning is different from AWS Config's application for tag governance.",ABE,ABE (PDF answer),一家公司正在 AWS 雲端開發並託管多個專案。這些專案分佈在 AWS Organizations 下同一個組織的多個 AWS 帳號中。公司要求將雲端基礎設施的成本分配給所屬的專案。負責所有 AWS 帳號的團隊發現，有幾個 Amazon EC2 實例缺少用於成本分配的「Project」標籤。解決方案架構師應採取哪些行動來解決此問題並防止未來再次發生？（選擇三項。）,"A. 在每個帳號中建立 AWS Config 規則，以找出缺少標籤的資源。
B. 在組織中建立服務控制政策 (SCP)，若缺少「Project」標籤，則拒絕 ec2:RunInstances 動作。
C. 在組織中使用 Amazon Inspector 來找出缺少標籤的資源。
D. 在每個帳號中建立 IAM 政策，若缺少「Project」標籤，則拒絕 ec2:RunInstances 動作。
E. 為組織建立 AWS Config 彙總器 (Aggregator)，以收集缺少「Project」標籤的 EC2 實例清單。
F. 使用 AWS Security Hub 來彙總缺少「Project」標籤的 EC2 實例清單。","本題旨在解決「偵測現有資源缺失標籤」以及「強制未來資源必須具備標籤」的需求。

正確答案為 ABE，解析如下：
1. **A (正確)**：AWS Config 規則（例如 `ec2-instance-tagged`）可以持續監控資源狀態，並識別出未標記的 EC2 實例。這能有效解決「發現現有資源缺少標籤」的問題。
2. **B (正確)**：SCP 是 AWS Organizations 的功能，可應用於整個組織或特定 OU。透過在 SCP 中設定拒絕 `ec2:RunInstances`（若請求中未包含 Project 標籤），可以從源頭強制執行標籤政策，防止未來再次發生缺少標籤的情況。
3. **E (正確)**：由於專案分佈在多個帳號中，使用 AWS Config 彙總器 (Aggregator) 可以將所有帳號的合規性資料集中到一個中心帳號進行檢視，方便管理團隊統一監控與追蹤所有帳號中缺少標籤的資源。

錯誤選項解析：
* **C (錯誤)**：Amazon Inspector 主要用於自動化安全評估，以識別軟體漏洞和非預期的網路暴露，並非用於檢查資源標籤的合規性。
* **D (錯誤)**：IAM 政策雖然可以限制權限，但若要對多個帳號強制執行此規則，必須在每個帳號中個別管理 IAM 政策，這在多帳號環境下管理成本極高且難以維護。相比之下，SCP 是在組織層級進行治理的最佳實踐。
* **F (錯誤)**：雖然 AWS Security Hub 可以彙總安全發現，但它並非專門用於檢查資源標籤合規性的工具，且其功能定位與 AWS Config 在標籤治理上的應用不同。"
114,"A company has an on-premises monitoring solution using a PostgreSQL database for persistence of events. The database is
unable to scale due to heavy ingestion and it frequently runs out of storage.
The company wants to create a hybrid solution and has already set up a VPN connection between its network and AWS. The
solution should include the following attributes:
• Managed AWS services to minimize operational complexity.
• A buffer that automatically scales to match the throughput of data and requires no ongoing administration.
• A visualization tool to create dashboards to observe events in near-real time.
• Support for semi-structured JSON data and dynamic schemas.
Which combination of components will enable the company to create a monitoring solution that will satisfy these
requirements? (Choose two.)","A. Use Amazon Kinesis Data Firehose to buffer events. Create an AWS Lambda function to process and transform events.
B. Create an Amazon Kinesis data stream to buffer events. Create an AWS Lambda function to process and transform
events.
C. Configure an Amazon Aurora PostgreSQL DB cluster to receive events. Use Amazon QuickSight to read from the
database and create near-real-time visualizations and dashboards.
D. Configure Amazon Elasticsearch Service (Amazon ES) to receive events. Use the Kibana endpoint deployed with Amazon
ES to create near-real-time visualizations and dashboards.
E. Configure an Amazon Neptune DB instance to receive events. Use Amazon QuickSight to read from the database and
create near-real-time visualizations and dashboards.","The core requirements of this question are ""auto-expanding buffer"", ""near-real-time visualization"" and ""support for semi-structured JSON data"".

Why A and D are the correct answers:
- A: Amazon Kinesis Data Firehose is a fully managed service that can automatically scale to handle throughput without the need to manage servers. It fully meets the question's requirements for ""buffers"" and ""no ongoing maintenance"". Data transformation with Lambda is a standard practice for processing streaming data.
- D: Amazon Elasticsearch Service (now renamed Amazon OpenSearch Service) is very suitable for storing semi-structured JSON data and has flexible dynamic mapping. Its built-in Kibana tools are industry standards and provide powerful near-real-time visualization and dashboarding capabilities.

Why the other options are incorrect:
- B: Although Amazon Kinesis Data Streams is also a buffer, it needs to manage the number of shards and is not as ""no ongoing administration"" as Kinesis Data Firehose.
- C: Although Amazon Aurora PostgreSQL is a managed service, it is not as scalable and flexible as Elasticsearch when it comes to processing high-throughput unstructured/semi-structured data. In addition, QuickSight is not as efficient and interactive as Kibana when it comes to handling ""near real-time"" monitoring dashboards.
- E: Amazon Neptune is a graph database (Graph Database) dedicated to processing",AD,AD (PDF answer),"一家公司目前使用地端（on-premises）的 PostgreSQL 資料庫來儲存監控事件。由於資料寫入量過大，該資料庫無法擴展，且經常發生儲存空間不足的問題。該公司希望建立一個混合雲解決方案，並已在內部網路與 AWS 之間建立 VPN 連線。該解決方案需具備以下特性：
• 使用託管式 AWS 服務以降低營運複雜度。
• 一個能自動擴展以匹配資料吞吐量，且無需持續維護的緩衝區（buffer）。
• 一個視覺化工具，用於建立儀表板以近乎即時地觀察事件。
• 支援半結構化 JSON 資料與動態結構（dynamic schemas）。
哪兩種元件組合能滿足這些需求？（選擇兩項。）","A. 使用 Amazon Kinesis Data Firehose 來緩衝事件。建立一個 AWS Lambda 函式來處理並轉換事件。
B. 建立一個 Amazon Kinesis Data Stream 來緩衝事件。建立一個 AWS Lambda 函式來處理並轉換事件。
C. 設定一個 Amazon Aurora PostgreSQL 資料庫叢集來接收事件。使用 Amazon QuickSight 從資料庫讀取資料，並建立近乎即時的視覺化圖表與儀表板。
D. 設定 Amazon Elasticsearch Service (現為 Amazon OpenSearch Service) 來接收事件。使用隨 Amazon ES 部署的 Kibana 端點來建立近乎即時的視覺化圖表與儀表板。
E. 設定一個 Amazon Neptune 資料庫執行個體來接收事件。使用 Amazon QuickSight 從資料庫讀取資料，並建立近乎即時的視覺化圖表與儀表板。","本題的核心需求在於「自動擴展的緩衝區」、「近乎即時的視覺化」以及「支援半結構化 JSON 資料」。

為什麼 A 與 D 是正確答案：
- A：Amazon Kinesis Data Firehose 是一個全託管服務，能自動擴展以處理吞吐量，無需管理伺服器，完全符合題目對「緩衝區」且「無需持續維護」的要求。搭配 Lambda 進行資料轉換是處理串流資料的標準做法。
- D：Amazon Elasticsearch Service (現已更名為 Amazon OpenSearch Service) 非常適合儲存半結構化 JSON 資料，並具備靈活的動態結構（dynamic mapping）。其內建的 Kibana 工具是業界標準，能提供強大的近乎即時視覺化與儀表板功能。

為什麼其他選項不正確：
- B：雖然 Amazon Kinesis Data Streams 也是緩衝區，但它需要管理分片（shards）的數量，不如 Kinesis Data Firehose 那樣「無需持續維護」（no ongoing administration）。
- C：Amazon Aurora PostgreSQL 雖然是託管服務，但它在處理高吞吐量的非結構化/半結構化資料時，擴展性與靈活性不如 Elasticsearch。此外，QuickSight 在處理「近乎即時」的監控儀表板時，其效能與互動性不如 Kibana。
- E：Amazon Neptune 是一個圖形資料庫（Graph Database），專門用於處理"
115,"A team collects and routes behavioral data for an entire company. The company runs a Multi-AZ VPC environment with public
subnets, private subnets, and in internet gateway. Each public subnet also contains a NAT gateway. Most of the company’s
applications read from and write to Amazon Kinesis Data Streams. Most of the workloads run in private subnets.
A solutions architect must review the infrastructure. The solution architect needs to reduce costs and maintain the function of
the applications. The solutions architect uses Cost Explorer and notices that the cost in the EC2-Other category is consistently
high. A further review shows that NatGateway-Bytes charges are increasing the cost in the EC2-Other category.
What should the solutions architect do to meet these requirements?","A. Enable VPC Flow Logs. Use Amazon Athena to analyze the logs for traffic that can be removed. Ensure that security
groups are blocking traffic that is responsible for high costs.
B. Add an interface VPC endpoint for Kinesis Data Streams to the VPC. Ensure that applications have the correct IAM
permissions to use the interface VPC endpoint.
C. Enable VPC Flow Logs and Amazon Detective. Review Detective findings for traffic that is not related to Kinesis Data
Streams. Configure security groups to block that traffic.
D. Add an interface VPC endpoint for Kinesis Data Streams to the VPC. Ensure that the VPC endpoint policy allows traffic
from the applications.","The core problem of this question is ""the NAT gateway data transmission cost is too high"". In AWS, when resources in a private subnet (such as EC2 instances) need to access public services (such as Kinesis Data Streams), the traffic will pass through the NAT gateway, which will incur data processing fees and data transmission fees.

Analysis of the correct answer D:
By establishing an Interface VPC Endpoint (based on AWS PrivateLink) for Kinesis Data Streams, traffic will be transmitted directly within the AWS internal network without going through a NAT gateway. This not only significantly reduces the data transmission cost of the NAT gateway, but also improves network security. Setting up a VPC endpoint policy is a necessary step to ensure that applications can correctly access the endpoint.

Reasons why other options are incorrect:
A and C: VPC Flow Logs are only used to monitor and record traffic, and cannot change the traffic path or reduce the transmission cost of the NAT gateway. Blocking traffic using security groups may prevent your application from functioning properly and will not resolve Kinesis data transfer charges.
B: Although adding an interface VPC endpoint is the right direction, option B emphasizes ""IAM permissions"", while option D emphasizes ""VPC endpoint policy"". In AWS architectural practice, to control who can access services through VPC endpoints, VPC Endpoint Policy is a standard control mechanism, and the description of option D is more in line with the integrity requirements of the architectural design. Additionally, IAM permissions are typically configured by default, while endpoint policies are key settings for endpoint access control.",D,D (90% community votes),一個團隊負責收集並路由全公司的行為數據。該公司在多可用區（Multi-AZ）的 VPC 環境中運行，包含公有子網、私有子網以及一個網際網路閘道（Internet Gateway）。每個公有子網中也包含一個 NAT 閘道。公司大多數的應用程式會讀取並寫入 Amazon Kinesis Data Streams。大多數的工作負載運行在私有子網中。一位解決方案架構師必須檢閱此基礎設施。架構師需要降低成本並維持應用程式的功能。架構師使用 Cost Explorer 時發現 EC2-Other 類別的成本持續偏高。進一步檢閱顯示，NatGateway-Bytes 的費用導致了 EC2-Other 類別成本的增加。解決方案架構師應該採取什麼行動來滿足這些需求？,"A. 啟用 VPC Flow Logs。使用 Amazon Athena 分析日誌以找出可以移除的流量。確保安全群組（Security Groups）封鎖導致高成本的流量。
B. 為 Kinesis Data Streams 新增一個介面 VPC 端點（Interface VPC Endpoint）到 VPC 中。確保應用程式擁有使用該介面 VPC 端點的正確 IAM 權限。
C. 啟用 VPC Flow Logs 與 Amazon Detective。檢閱 Detective 的發現結果，找出與 Kinesis Data Streams 無關的流量。設定安全群組以封鎖該流量。
D. 為 Kinesis Data Streams 新增一個介面 VPC 端點（Interface VPC Endpoint）到 VPC 中。確保 VPC 端點政策允許來自應用程式的流量。","本題的核心問題在於「NAT 閘道數據傳輸費用過高」。在 AWS 中，當私有子網中的資源（如 EC2 實例）需要存取公有服務（如 Kinesis Data Streams）時，流量會通過 NAT 閘道，這會產生數據處理費與數據傳輸費。

正確答案 D 的解析：
透過為 Kinesis Data Streams 建立介面 VPC 端點（Interface VPC Endpoint，基於 AWS PrivateLink），流量將直接在 AWS 內部網路中傳輸，而無需經過 NAT 閘道。這不僅能顯著降低 NAT 閘道的數據傳輸成本，還能提高網路安全性。設定 VPC 端點政策是確保應用程式能正確存取該端點的必要步驟。

其他選項不正確的原因：
A 與 C：VPC Flow Logs 僅用於監控與記錄流量，並不能改變流量路徑或降低 NAT 閘道的傳輸成本。使用安全群組封鎖流量可能會導致應用程式無法正常運作，且無法解決 Kinesis 數據傳輸產生的費用問題。
B：雖然新增介面 VPC 端點是正確的方向，但選項 B 強調的是「IAM 權限」，而選項 D 強調的是「VPC 端點政策」。在 AWS 架構實務中，若要控制誰能透過 VPC 端點存取服務，VPC 端點政策（Endpoint Policy）是標準的控制機制，且選項 D 的描述更符合架構設計的完整性要求。此外，IAM 權限通常是預設配置，而端點政策則是針對端點存取控制的關鍵設定。"
116,"A retail company has an on-premises data center in Europe. The company also has a multi-Region AWS presence that includes
the eu-west-1 and us-east-1 Regions. The company wants to be able to route network traffic from its on-premises infrastructure
into VPCs in either of those Regions. The company also needs to support traffic that is routed directly between VPCs in those
Regions. No single points of failure can exist on the network.
The company already has created two 1 Gbps AWS Direct Connect connections from its on-premises data center. Each
connection goes into a separate Direct Connect location in Europe for high availability. These two locations are named DX-A
and DX-B, respectively. Each Region has a single AWS Transit Gateway that is configured to route all inter-VPC traffic within
that Region.
Which solution will meet these requirements?","A. Create a private VIF from the DX-A connection into a Direct Connect gateway. Create a private VIF from the DX-B
connection into the same Direct Connect gateway for high availability. Associate both the eu-west-1 and us-east-1 transit
gateways with the Direct Connect gateway. Peer the transit gateways with each other to support cross-Region routing.
B. Create a transit VIF from the DX-A connection into a Direct Connect gateway. Associate the eu-west-1 transit gateway
with this Direct Connect gateway. Create a transit VIF from the DX-8 connection into a separate Direct Connect gateway.
Associate the us-east-1 transit gateway with this separate Direct Connect gateway. Peer the Direct Connect gateways with
each other to support high availability and cross-Region routing.
C. Create a transit VIF from the DX-A connection into a Direct Connect gateway. Create a transit VIF from the DX-B
connection into the same Direct Connect gateway for high availability. Associate both the eu-west-1 and us-east-1 transit
gateways with this Direct Connect gateway. Configure the Direct Connect gateway to route traffic between the transit
gateways.
D. Create a transit VIF from the DX-A connection into a Direct Connect gateway. Create a transit VIF from the DX-B
connection into the same Direct Connect gateway for high availability. Associate both the eu-west-1 and us-east-1 transit
gateways with this Direct Connect gateway. Peer the transit gateways with each other to support cross-Region routing.","The core requirements of this question are: 1. Connection from the local end to multi-region VPC; 2. Traffic routing between cross-region VPC; 3. High availability (no single point of failure).

1. **Why D is the correct answer**:
   - Using **Transit VIF** is necessary to connect the local end to the AWS Transit Gateway (Private VIF cannot connect to the Transit Gateway).
   - Connecting both Direct Connect wires (DX-A and DX-B) to the same Direct Connect Gateway (DXGW) ensures high availability from the ground to AWS.
   - Associating the Transit Gateway (TGW) of both regions to the same DXGW enables routing from the ground to the multi-region VPC.
   - In order to achieve direct routing ""between VPCs across regions"", **Transit Gateway Peering** must be established between the Transit Gateways in the two regions. This is the standard way of handling cross-region VPC communication in the official AWS architecture.

2. **Why the other options are incorrect**:
   - **Option A**: The error is using ""Private VIF"". Private VIF can only connect to VPC or Direct Connect Gateway, but cannot route and exchange with Transit Gateway, so it cannot meet the requirement of connecting to TGW.
   - **Option B**: Although Transit VIF is used, connecting two TGWs to different DXGWs and performing DXGW Peering is not a standard architecture and adds unnecessary complexity. In addition, traffic routing between cross-region VPCs mainly relies on TGW Peering rather than DXGW Peering.
   - **Option C**: The Direct Connect Gateway itself is not responsible for routing traffic ""between Transit Gateways"". DXGW functions as a hub between the local end and the AWS network. Cross-region inter-VPC traffic must be processed through TGW Peering instead of routing by DXGW.",D,D (93% community votes),一家零售公司在歐洲擁有一個地端資料中心。該公司同時在 AWS 的 eu-west-1 和 us-east-1 區域設有資源。公司希望能夠將網路流量從其地端基礎設施路由到上述任一區域的 VPC 中。公司還需要支援在這些區域的 VPC 之間直接路由流量。網路不得存在單點故障。該公司已經從其地端資料中心建立了兩條 1 Gbps 的 AWS Direct Connect 連線。每條連線分別連接到歐洲不同的 Direct Connect 地點，以實現高可用性。這兩個地點分別命名為 DX-A 和 DX-B。每個區域都有一個 AWS Transit Gateway，用於路由該區域內的所有 VPC 間流量。請問哪種解決方案符合這些要求？,"A. 從 DX-A 連線建立一個私有虛擬介面 (Private VIF) 到 Direct Connect Gateway。從 DX-B 連線建立一個私有虛擬介面到同一個 Direct Connect Gateway 以實現高可用性。將 eu-west-1 和 us-east-1 的 Transit Gateway 與該 Direct Connect Gateway 關聯。將這些 Transit Gateway 彼此進行對等互連 (Peering) 以支援跨區域路由。
B. 從 DX-A 連線建立一個傳輸虛擬介面 (Transit VIF) 到一個 Direct Connect Gateway。將 eu-west-1 的 Transit Gateway 與此 Direct Connect Gateway 關聯。從 DX-B 連線建立一個傳輸虛擬介面到另一個獨立的 Direct Connect Gateway。將 us-east-1 的 Transit Gateway 與此獨立的 Direct Connect Gateway 關聯。將這些 Direct Connect Gateway 彼此進行對等互連以支援高可用性和跨區域路由。
C. 從 DX-A 連線建立一個傳輸虛擬介面 (Transit VIF) 到一個 Direct Connect Gateway。從 DX-B 連線建立一個傳輸虛擬介面到同一個 Direct Connect Gateway 以實現高可用性。將 eu-west-1 和 us-east-1 的 Transit Gateway 與此 Direct Connect Gateway 關聯。設定 Direct Connect Gateway 以路由這些 Transit Gateway 之間的流量。
D. 從 DX-A 連線建立一個傳輸虛擬介面 (Transit VIF) 到一個 Direct Connect Gateway。從 DX-B 連線建立一個傳輸虛擬介面到同一個 Direct Connect Gateway 以實現高可用性。將 eu-west-1 和 us-east-1 的 Transit Gateway 與此 Direct Connect Gateway 關聯。將這些 Transit Gateway 彼此進行對等互連 (Peering) 以支援跨區域路由。","本題的核心需求在於：1. 地端到多區域 VPC 的連線；2. 跨區域 VPC 間的流量路由；3. 高可用性（無單點故障）。

1. **為何 D 是正確答案**：
   - 使用 **Transit VIF** 是將地端連接至 AWS Transit Gateway 的必要條件（Private VIF 無法連接 Transit Gateway）。
   - 將兩條 Direct Connect 連線（DX-A 與 DX-B）連接至同一個 Direct Connect Gateway (DXGW) 可確保地端到 AWS 的高可用性。
   - 將兩個區域的 Transit Gateway (TGW) 都關聯到同一個 DXGW，即可實現地端到多區域 VPC 的路由。
   - 為了實現「跨區域 VPC 間」的直接路由，必須在兩個區域的 Transit Gateway 之間建立 **Transit Gateway Peering**。這是 AWS 官方架構中處理跨區域 VPC 通訊的標準作法。

2. **為何其他選項不正確**：
   - **選項 A**：錯誤在於使用了「Private VIF」。Private VIF 僅能連接至 VPC 或 Direct Connect Gateway，但無法與 Transit Gateway 進行路由交換，因此無法達成連接 TGW 的需求。
   - **選項 B**：雖然使用了 Transit VIF，但將兩個 TGW 分別連接到不同的 DXGW 並進行 DXGW Peering 並非標準架構，且增加了不必要的複雜度。此外，跨區域 VPC 間的流量路由主要依賴 TGW Peering，而非 DXGW Peering。
   - **選項 C**：Direct Connect Gateway 本身並不負責路由「Transit Gateway 之間」的流量。DXGW 的功能是作為地端與 AWS 網路之間的樞紐，跨區域的 VPC 間流量必須透過 TGW Peering 來處理，而非由 DXGW 進行路由。"
117,"A company is running an application in the AWS Cloud. The company's security team must approve the creation of all new IAM
users. When a new IAM user is created, all access for the user must be removed automatically. The security team must then
receive a notification to approve the user. The company has a multi-Region AWS CloudTrail trail in the AWS account.
Which combination of steps will meet these requirements? (Choose three.)","A. Create an Amazon EventBridge (Amazon CloudWatch Events) rule. Define a pattern with the detail-type value set to AWS
API Call via CloudTrail and an eventName of CreateUser.
B. Configure CloudTrail to send a notification for the CreateUser event to an Amazon Simple Notification Service (Amazon
SNS) topic.
C. Invoke a container that runs in Amazon Elastic Container Service (Amazon ECS) with AWS Fargate technology to remove
access.
D. Invoke an AWS Step Functions state machine to remove access.
E. Use Amazon Simple Notification Service (Amazon SNS) to notify the security team. F. Use Amazon Pinpoint to notify the security team.","This question requires that the process be automatically triggered when an IAM user is created: remove permissions and notify the security team.

Correct option analysis:
- A: This is a critical step in triggering the automated process. Monitor CloudTrail's `CreateUser` API events through EventBridge to capture actions created by new users in real time.
- D: AWS Step Functions is the best choice for orchestrating automated workflows. When EventBridge captures an event, triggering the Step Functions state machine can reliably execute logic that removes user permissions (such as attaching a Deny policy).
- E: Amazon SNS is AWS's standard service for message push. It is suitable for sending notifications to the security team and meets the requirements of ""notifying the security team"" in the requirement.

Error option analysis:
- B: Although CloudTrail can send notifications, it cannot directly execute the logic of ""automatically removing access permissions"", and sending CloudTrail events directly to SNS does not have the ability to handle complex workflows (such as removing permissions).
- C: Although ECS Fargate can execute code, it is not a standard architecture for handling such event-driven workflows compared to Step Functions, and Step Functions is more suitable for managing such automated tasks that require state tracking.
- F: Amazon Pinpoint is mainly used for marketing activities, user engagement analysis and large-scale message push (such as push broadcasts and SMS). It is not a standard tool for the internal security team of the enterprise to receive system alerts. SNS is more suitable in this situation.",ADE,ADE (PDF answer),一家公司正在 AWS 雲端執行應用程式。公司的安全團隊必須核准所有新 IAM 使用者的建立。當建立新的 IAM 使用者時，該使用者的所有存取權限必須自動移除。隨後，安全團隊必須收到通知以核准該使用者。該公司在 AWS 帳戶中擁有一個多區域（multi-Region）的 AWS CloudTrail 追蹤（trail）。請問哪種步驟組合可以滿足這些需求？（選擇三項。）,"A. 建立一個 Amazon EventBridge (Amazon CloudWatch Events) 規則。定義一個模式，將 detail-type 值設為 AWS API Call via CloudTrail，並將 eventName 設為 CreateUser。
B. 設定 CloudTrail，將 CreateUser 事件的通知發送到 Amazon Simple Notification Service (Amazon SNS) 主題。
C. 呼叫一個在 Amazon Elastic Container Service (Amazon ECS) 上以 AWS Fargate 技術執行的容器來移除存取權限。
D. 呼叫一個 AWS Step Functions 狀態機來移除存取權限。
E. 使用 Amazon Simple Notification Service (Amazon SNS) 來通知安全團隊。
F. 使用 Amazon Pinpoint 來通知安全團隊。","本題要求在 IAM 使用者建立時自動觸發流程：移除權限並通知安全團隊。

正確選項解析：
- A：這是觸發自動化流程的關鍵步驟。透過 EventBridge 監控 CloudTrail 的 `CreateUser` API 事件，可以即時捕捉到新使用者建立的動作。
- D：AWS Step Functions 是協調自動化工作流程的最佳選擇。當 EventBridge 捕捉到事件後，觸發 Step Functions 狀態機可以可靠地執行移除使用者權限（例如附加 Deny 政策）的邏輯。
- E：Amazon SNS 是 AWS 進行訊息推送的標準服務，適合用來發送通知給安全團隊，符合需求中「通知安全團隊」的要求。

錯誤選項解析：
- B：雖然 CloudTrail 可以發送通知，但它無法直接執行「自動移除存取權限」的邏輯，且直接將 CloudTrail 事件發送到 SNS 並不具備處理複雜工作流程（如移除權限）的能力。
- C：雖然 ECS Fargate 可以執行程式碼，但相較於 Step Functions，它並非處理此類事件驅動型工作流程的標準架構，且 Step Functions 更適合管理這種需要狀態追蹤的自動化任務。
- F：Amazon Pinpoint 主要用於行銷活動、用戶參與度分析及大規模訊息推送（如推播、簡訊），並非企業內部安全團隊接收系統告警的標準工具，SNS 在此情境下更為合適。"
118,"A company wants to migrate to AWS. The company wants to use a multi-account structure with centrally managed access to all
accounts and applications. The company also wants to keep the traffic on a private network. Multi-factor authentication (MFA)
is required at login, and specific roles are assigned to user groups.
The company must create separate accounts for development. staging, production, and shared network. The production
account and the shared network account must have connectivity to all accounts. The development account and the staging
account must have access only to each other.
Which combination of steps should a solutions architect take 10 meet these requirements? (Choose three.)","A. Deploy a landing zone environment by using AWS Control Tower. Enroll accounts and invite existing accounts into the
resulting organization in AWS Organizations.
B. Enable AWS Security Hub in all accounts to manage cross-account access. Collect findings through AWS CloudTrail to
force MFA login.
C. Create transit gateways and transit gateway VPC attachments in each account. Configure appropriate route tables.
D. Set up and enable AWS IAM Identity Center (AWS Single Sign-On). Create appropriate permission sets with required MFA
for existing accounts.
E. Enable AWS Control Tower in all accounts to manage routing between accounts. Collect findings through AWS CloudTrail
to force MFA login.
F. Create IAM users and groups. Configure MFA for all users. Set up Amazon Cognoto user pools and Identity pools to
manage access to accounts and between accounts.","The correct answer is ACD, and the analysis is as follows:

A. Correct: AWS Control Tower is the best practice for establishing a multi-account architecture (Landing Zone). It can automatically set up AWS Organizations and provide centralized governance and compliance management, which meets the question's requirements for multi-account architecture and centralized management.

C. Correct: The question requires that production and shared network accounts need to be connected to all accounts, and development and test accounts need to be connected to each other, while keeping traffic on the private network. AWS Transit Gateway is a standard solution for connecting multiple VPCs and accounts. By configuring the routing table of Transit Gateway, you can accurately control the connection paths between VPCs to meet network isolation and connection requirements.

D. Correct: AWS IAM Identity Center (formerly AWS SSO) is AWS's recommended service for centrally managing multiple account access and user identities. It supports integration with existing identity sources and can define roles through ""Permission Sets"". It also natively supports MFA enforcement, fully meeting the question's requirements for identity access and MFA.

Analysis of wrong options:
B. Error: AWS Security Hub is primarily used for security compliance monitoring and threat detection, and is not a tool for managing cross-account access or enforcing MFA sign-ins.
E. Error: AWS Control Tower is used for governance and account lifecycle management. It is not responsible for managing network routing between VPCs; network routing should be handled by network services such as Transit Gateway or VPC Peering.
F. Error: IAM users and groups are typically used within a single account and are not suitable for centralized identity management across multiple accounts. Amazon Cognito is primarily used to authenticate users of applications (Apps) and is not used to manage cross-account access to the AWS Management Console.",ACD,ACD (PDF answer),一家公司想要遷移至 AWS。該公司希望使用多帳號架構，並對所有帳號與應用程式進行集中式的存取管理。公司同時希望將流量保持在私有網路中。登入時必須強制執行多因素驗證 (MFA)，並將特定角色分配給使用者群組。公司必須為開發、測試、生產及共享網路環境建立獨立的帳號。生產帳號與共享網路帳號必須能與所有帳號連線。開發帳號與測試帳號則僅能彼此存取。解決方案架構師應採取哪些步驟組合來滿足這些需求？（選擇三項。）,"A. 使用 AWS Control Tower 部署登陸區 (Landing Zone) 環境。註冊帳號並將現有帳號邀請加入 AWS Organizations 中的組織。
B. 在所有帳號中啟用 AWS Security Hub 以管理跨帳號存取。透過 AWS CloudTrail 收集調查結果以強制執行 MFA 登入。
C. 在每個帳號中建立 Transit Gateway 與 Transit Gateway VPC 連接 (Attachments)。配置適當的路由表。
D. 設定並啟用 AWS IAM Identity Center (AWS Single Sign-On)。為現有帳號建立具有必要 MFA 的適當權限集 (Permission Sets)。
E. 在所有帳號中啟用 AWS Control Tower 以管理帳號間的路由。透過 AWS CloudTrail 收集調查結果以強制執行 MFA 登入。
F. 建立 IAM 使用者與群組。為所有使用者配置 MFA。設定 Amazon Cognito 使用者池與識別池來管理對帳號的存取以及帳號間的存取。","正確答案為 ACD，解析如下：

A. 正確：AWS Control Tower 是建立多帳號架構（Landing Zone）的最佳實踐，它能自動化設定 AWS Organizations，並提供集中式的治理與合規性管理，符合題目對多帳號架構與集中管理的需求。

C. 正確：題目要求生產與共享網路帳號需與所有帳號連線，且開發與測試帳號需彼此連線，同時保持流量在私有網路中。AWS Transit Gateway 是連接多個 VPC 與帳號的標準解決方案，透過配置 Transit Gateway 的路由表，可以精確控制各 VPC 之間的連線路徑，滿足網路隔離與連線需求。

D. 正確：AWS IAM Identity Center (前身為 AWS SSO) 是 AWS 推薦用於集中管理多帳號存取與使用者身分的服務。它支援與現有身分來源整合，並可透過「權限集 (Permission Sets)」來定義角色，同時原生支援強制執行 MFA，完全符合題目對身分存取與 MFA 的需求。

錯誤選項分析：
B. 錯誤：AWS Security Hub 主要用於安全合規性監控與威脅偵測，並非用來管理跨帳號存取或強制執行 MFA 登入的工具。
E. 錯誤：AWS Control Tower 用於治理與帳號生命週期管理，它並不負責管理 VPC 之間的網路路由；網路路由應由 Transit Gateway 或 VPC Peering 等網路服務處理。
F. 錯誤：IAM 使用者與群組通常用於單一帳號內，不適合用於跨多帳號的集中式身分管理。Amazon Cognito 主要用於為應用程式（App）的使用者提供身分驗證，而非用於管理 AWS 管理控制台的跨帳號存取。"
119,"A company runs its application in the eu-west-1 Region and has one account for each of its environments: development,
testing, and production. All the environments are running 24 hours a day, 7 days a week by using stateful Amazon EC2
instances and Amazon RDS for MySQL databases. The databases are between 500 GB and 800 GB in size.
The development team and testing team work on business days during business hours, but the production environment
operates 24 hours a day, 7 days a week. The company wants to reduce costs. All resources are tagged with an environment tag
with either development, testing, or production as the key.
What should a solutions architect do to reduce costs with the LEAST operational effort?","A. Create an Amazon EventBridge rule that runs once every day. Configure the rule to invoke one AWS Lambda function
that starts or slops instances based on me tag, day, and time.
B. Create an Amazon EventBridge rule that runs every business day in the evening. Configure the rule to invoke an AWS
Lambda function that stops instances based on the tag. Create a second EventBridge rule that runs every business day in
the morning. Configure the second rule lo invoke another Lambda function that starts instances based on the tag.
C. Create an Amazon EventBridge rule that runs every business day in the evening, Configure the rule to invoke an AWS
Lambda function that terminates, instances based on the lag. Create a second EventBridge rule that runs every business
day in the morning. Configure the second rule lo invoke another Lambda function that restores the instances from their last
backup based on the tag.
D. Create an Amazon EventBridge rule that runs every hour. Configure the rule to invoke one AWS Lambda function that
terminates or restores instances from their last backup based on the tag. day, and time.","The core of this question is how to optimize costs for non-production environments (development and testing) with ""the least operational burden"".

Why the answer is B:
Option B uses the most standard and low-maintenance automated approach. EventBridge triggers Lambda functions regularly to ""stop"" and ""start"" EC2 execution instances. This ensures that the development and testing environments are shut down during non-working hours, thereby saving computing resource costs. Since EC2 execution entities are stateful, data will be retained in EBS after stopping, and work can be resumed by restarting. This is the simplest and lowest-risk operation method.

Why the other options are incorrect:
Option A: Although the logic is feasible, merging the start and stop logic into one function and relying on complex logical judgments (date, time, label) is more complex in maintenance and debugging than splitting start and stop into two clear rules.
Option C: This option recommends ""terminating"" the execution instance and restoring from backup. This will result in data loss (unless there is a complex synchronization mechanism), and the restoration process involves AMI creation, snapshot recovery and reconfiguration, which is extremely high operational burden and extremely unstable, and does not meet the requirements of ""minimum operational burden"".
Option D: This option also recommends ""termination"" and ""restore"". Not only is the operation burden huge, but executing it once an hour will lead to frequent resource changes, causing serious interference to the stability of the development and testing environment, and is extremely cost-effective.

Summary: For stateful EC2 execution individuals, the simplest cost optimization method is to use the scheduler (Scheduler) to start and stop instead of destroying and rebuilding.",B,B (100% community votes),一家公司在 eu-west-1 區域執行其應用程式，並為其每個環境（開發、測試和生產）各擁有一個帳號。所有環境皆使用具狀態（stateful）的 Amazon EC2 執行個體與 Amazon RDS for MySQL 資料庫，並維持 24 小時、每週 7 天運作。資料庫大小介於 500 GB 到 800 GB 之間。開發團隊與測試團隊僅在工作日的上班時間工作，但生產環境則需 24 小時、每週 7 天運作。該公司希望降低成本。所有資源皆已標記環境標籤（Environment tag），鍵值為 development、testing 或 production。解決方案架構師應採取什麼行動，以「最少的操作負擔」來降低成本？,"A. 建立一個每天執行一次的 Amazon EventBridge 規則。設定該規則以觸發一個 AWS Lambda 函式，根據標籤、日期與時間來啟動或停止執行個體。
B. 建立一個在每個工作日晚上執行的 Amazon EventBridge 規則。設定該規則以觸發一個 AWS Lambda 函式，根據標籤停止執行個體。建立第二個在每個工作日早上執行的 EventBridge 規則。設定第二個規則以觸發另一個 AWS Lambda 函式，根據標籤啟動執行個體。
C. 建立一個在每個工作日晚上執行的 Amazon EventBridge 規則。設定該規則以觸發一個 AWS Lambda 函式，根據標籤終止執行個體。建立第二個在每個工作日早上執行的 EventBridge 規則。設定第二個規則以觸發另一個 AWS Lambda 函式，根據標籤從最後一次備份還原執行個體。
D. 建立一個每小時執行一次的 Amazon EventBridge 規則。設定該規則以觸發一個 AWS Lambda 函式，根據標籤、日期與時間來終止或從最後一次備份還原執行個體。","本題的核心在於如何在「最少的操作負擔」下，針對非生產環境（開發與測試）進行成本優化。

為什麼答案是 B：
選項 B 採用了最標準且低維護成本的自動化方式。透過 EventBridge 定時觸發 Lambda 函式來「停止」與「啟動」EC2 執行個體，這能確保開發與測試環境在非工作時間關閉，從而節省計算資源費用。由於 EC2 執行個體是具狀態的（stateful），停止後資料會保留在 EBS 中，重新啟動即可恢復工作，這是最簡單且風險最低的操作方式。

為什麼其他選項不正確：
選項 A：雖然邏輯可行，但將啟動與停止邏輯合併在一個函式中，並依賴複雜的邏輯判斷（日期、時間、標籤），在維護與除錯上的複雜度高於將啟動與停止拆分為兩個明確的規則。
選項 C：此選項建議「終止（terminate）」執行個體並從備份還原。這會導致資料遺失（除非有複雜的同步機制），且還原過程涉及 AMI 建立、快照恢復與重新配置，操作負擔極高且極不穩定，不符合「最少操作負擔」的要求。
選項 D：此選項同樣建議「終止」與「還原」，不僅操作負擔極大，且每小時執行一次會導致頻繁的資源變動，對開發與測試環境的穩定性造成嚴重干擾，且成本效益極低。

總結：對於具狀態的 EC2 執行個體，最簡單的成本優化手段就是利用排程器（Scheduler）進行啟動與停止，而非銷毀與重建。"
120,"A company is building a software-as-a-service (SaaS) solution on AWS. The company has deployed an Amazon API Gateway
REST API with AWS Lambda integration in multiple AWS Regions and in the same production account.
The company offers tiered pricing that gives customers the ability to pay for the capacity to make a certain number of API calls
per second. The premium tier offers up to 3,000 calls per second, and customers are identified by a unique API key. Several
premium tier customers in various Regions report that they receive error responses of 429 Too Many Requests from multiple
API methods during peak usage hours. Logs indicate that the Lambda function is never invoked.
What could be the cause of the error messages for these customers?","A. The Lambda function reached its concurrency limit.
B. The Lambda function its Region limit for concurrency.
C. The company reached its API Gateway account limit for calls per second.
D. The company reached its API Gateway default per-method limit for calls per second.","The correct answer is C. Here’s why:
1. **Why C is correct**: API Gateway has account-level throttling. By default, the steady-state request rate of each account in each region is limited to 10,000 requests per second. When the total number of requests across multiple regions or multiple APIs exceeds this account-level limit, API Gateway rejects the request and returns a 429 error. Since the title mentioned ""The log shows that the Lambda function was never triggered"", this means that the request was intercepted and rejected by API Gateway before reaching Lambda, which is consistent with the behavior of account-level restrictions.

2. **Why A and B are wrong**: If Lambda reaches the concurrency limit (Concurrency limit), API Gateway will still receive the request and try to trigger Lambda. At this point API Gateway will receive an error from Lambda and return a 429 or 503 error. However, the title clearly states that ""the log shows that the Lambda function was never triggered"", which excludes the problem caused by Lambda's concurrency limit.

3. **Why D is wrong**: Although API Gateway does have a limit for each method (Per-method), the question describes ""multiple API methods"" when errors occur at the same time, and the company provides a capacity of up to 3,000 calls for premium customers. If it is just a limitation of a single method, it usually does not cause such problems to occur across multiple methods and in multiple areas at the same time. Account-level restrictions (option C) are global restrictions that affect all APIs for the entire account and best explain why multiple methods fail at the same time and the Lambda is not triggered.",C,C (96% community votes),"一家公司正在 AWS 上建構軟體即服務 (SaaS) 解決方案。該公司在同一個生產帳戶的多個 AWS 區域中部署了具有 AWS Lambda 整合的 Amazon API Gateway REST API。該公司提供分級定價，讓客戶能夠付費購買每秒特定數量的 API 呼叫容量。高級方案提供每秒高達 3,000 次呼叫，且客戶透過唯一的 API 金鑰進行識別。多個區域中的幾位高級方案客戶回報，在尖峰使用時段，他們從多個 API 方法收到 429 Too Many Requests（請求過多）的錯誤回應。日誌顯示 Lambda 函數從未被觸發。請問這些客戶收到錯誤訊息的原因可能為何？","A. Lambda 函數達到了其並發限制。
B. Lambda 函數達到了其區域的並發限制。
C. 該公司達到了其 API Gateway 帳戶層級的每秒呼叫次數限制。
D. 該公司達到了其 API Gateway 預設的每個方法每秒呼叫次數限制。","正確答案是 C。原因如下：
1. **為什麼 C 是正確的**：API Gateway 具有帳戶層級的限制（Account-level throttling），預設情況下，每個帳戶在每個區域的穩定狀態請求速率限制為每秒 10,000 次請求。當多個區域或多個 API 的總請求量超過此帳戶層級限制時，API Gateway 會拒絕請求並回傳 429 錯誤。由於題目提到「日誌顯示 Lambda 函數從未被觸發」，這表示請求在到達 Lambda 之前就被 API Gateway 攔截並拒絕了，這符合帳戶層級限制的行為。

2. **為什麼 A 和 B 是錯誤的**：如果 Lambda 達到並發限制（Concurrency limit），API Gateway 仍然會接收到請求，並嘗試觸發 Lambda。此時 API Gateway 會收到來自 Lambda 的錯誤，並回傳 429 或 503 錯誤。然而，題目明確指出「日誌顯示 Lambda 函數從未被觸發」，這排除了 Lambda 並發限制導致的問題。

3. **為什麼 D 是錯誤的**：雖然 API Gateway 確實有針對每個方法（Per-method）的限制，但題目描述的是「多個 API 方法」同時出現錯誤，且該公司針對高級客戶提供高達 3,000 次呼叫的容量。如果只是單一方法的限制，通常不會導致跨多個方法且在多個區域同時出現此類問題。帳戶層級限制（選項 C）是影響整個帳戶所有 API 的全域性限制，最能解釋為何多個方法同時失效且 Lambda 未被觸發的情況。"
121,"A financial company is planning to migrate its web application from on premises to AWS. The company uses a third-party
security tool to monitor the inbound traffic to the application. The company has used the security tool for the last 15 years, and
the tool has no cloud solutions available from its vendor. The company's security team is concerned about how to integrate the
security tool with AWS technology.
The company plans to deploy the application migration to AWS on Amazon EC2 instances. The EC2 instances will run in an
Auto Scaling group in a dedicated VPC. The company needs to use the security tool to inspect all packets that come in and out
of the VPC. This inspection must occur in real time and must not affect the application's performance. A solutions architect
must design a target architecture on AWS that is highly available within an AWS Region.
Which combination of steps should the solutions architect take to meet these requirements? (Choose two.)","A. Deploy the security tool on EC2 instances m a new Auto Scaling group in the existing VPC
B. Deploy the web application behind a Network Load Balancer
C. Deploy an Application Load Balancer in front of the security tool instances
D. Provision a Gateway Load Balancer for each Availability Zone to redirect the traffic to the security tool
E. Provision a transit gateway to facilitate communication between VPCs.","The core requirement of this question is to integrate third-party security tools (virtual appliances) into the AWS architecture to inspect all traffic in and out of the VPC. It must be highly available, real-time, and avoid affecting application performance.

The correct answer is AD for the following reasons:
- **Option D (Gateway Load Balancer, GWLB)**: GWLB is a service designed for deploying third-party virtual devices (such as firewalls, intrusion detection systems). It transparently intercepts traffic and forwards it to security devices for inspection and is highly available. Deploying GWLB in each Availability Zone (AZ) ensures that traffic is directed to security tools immediately as it enters or leaves the VPC without significantly impacting application performance.
- **Option A**: Since this security tool does not have a cloud-native solution, it must be deployed on EC2 instances. To ensure high availability and handle loads that fluctuate with traffic, deploying these security tools in Auto Scaling groups ensures that security inspection capabilities are automatically scaled as traffic increases.

Why the other options are incorrect:
- **Option B**: While NLB can handle traffic, it cannot perform deep packet inspection (DPI) itself or direct traffic to third-party security tools for inspection, so it is not sufficient.
- **Option C**: Application Load Balancer (ALB) works at OSI layer 7 (HTTP/HTTPS), it cannot handle all types of packet inspection, and placing it in front of security tools is not standard practice for architecting traffic inspection.
- **Option E**: Transit Gateway is mainly used to connect multiple VPCs or local networks. Although it can be used with GWLB, simply configuring Transit Gateway cannot solve the core problem of ""how to direct traffic to third-party security tools for real-time inspection.""",AD,AD (PDF answer),"一家金融公司正計劃將其網頁應用程式從地端遷移至 AWS。該公司使用第三方安全工具來監控應用程式的入站流量。該公司過去 15 年來一直使用此安全工具，且該供應商並未提供任何雲端解決方案。公司的安全團隊對於如何將此安全工具與 AWS 技術整合感到擔憂。
公司計劃將應用程式遷移部署至 AWS 的 Amazon EC2 實例上。這些 EC2 實例將在專用 VPC 中的 Auto Scaling 群組內執行。公司需要使用該安全工具來檢查進出 VPC 的所有封包。此檢查必須即時進行，且不得影響應用程式的效能。解決方案架構師必須在 AWS 區域內設計一個具備高可用性的目標架構。
解決方案架構師應採取哪種步驟組合來滿足這些需求？（選擇兩項。）","A. 在現有 VPC 的新 Auto Scaling 群組中部署安全工具的 EC2 實例
B. 將網頁應用程式部署在網路負載平衡器（Network Load Balancer）後方
C. 在安全工具實例前方部署應用程式負載平衡器（Application Load Balancer）
D. 為每個可用區域（Availability Zone）配置一個閘道負載平衡器（Gateway Load Balancer），以將流量重新導向至安全工具
E. 配置傳輸閘道（Transit Gateway）以促進 VPC 之間的通訊","本題的核心需求是將第三方安全工具（虛擬設備）整合進 AWS 架構中，以檢查進出 VPC 的所有流量，且必須具備高可用性、即時性，並避免影響應用程式效能。

正確答案為 AD，原因如下：
- **選項 D (Gateway Load Balancer, GWLB)**：GWLB 是專為部署第三方虛擬設備（如防火牆、入侵偵測系統）而設計的服務。它能以透明的方式攔截流量並將其轉發至安全設備進行檢查，且具備高可用性。在每個可用區域（AZ）部署 GWLB，可以確保流量在進入或離開 VPC 時被即時導向至安全工具，且不會對應用程式效能造成顯著影響。
- **選項 A**：由於該安全工具沒有雲端原生解決方案，必須將其部署在 EC2 實例上。為了確保高可用性並能處理隨流量變動的負載，將這些安全工具部署在 Auto Scaling 群組中是正確的做法，這能確保在流量增加時自動擴展安全檢查能力。

其他選項為何不正確：
- **選項 B**：雖然 NLB 可以處理流量，但它本身無法執行深度封包檢查（DPI），也無法將流量導向至第三方安全工具進行檢查，因此無法滿足需求。
- **選項 C**：應用程式負載平衡器（ALB）工作在 OSI 第 7 層（HTTP/HTTPS），它無法處理所有類型的封包檢查，且將其放在安全工具前方並非架構流量檢查的標準做法。
- **選項 E**：Transit Gateway 主要用於連接多個 VPC 或地端網路，雖然它可以與 GWLB 搭配使用，但單純配置 Transit Gateway 並不能解決「如何將流量導向至第三方安全工具進行即時檢查」的核心問題。"
122,"A company has purchased appliances from different vendors. The appliances all have IoT sensors. The sensors send status
information in the vendors' proprietary formats to a legacy application that parses the information into JSON. The parsing is
simple, but each vendor has a unique format. Once daily, the application parses all the JSON records and stores the records in
a relational database for analysis.
The company needs to design a new data analysis solution that can deliver faster and optimize costs.
Which solution will meet these requirements?","A. Connect the IoT sensors to AWS IoT Core. Set a rule to invoke an AWS Lambda function to parse the information and
save a .csv file to Amazon. S3 Use AWS Glue to catalog the files. Use Amazon Athena and Amazon QuickSight for analysis.
B. Migrate the application server to AWS Fargate, which will receive the information from IoT sensors and parse the
information into a relational format. Save the parsed information to Amazon Redshlft for analysis.
C. Create an AWS Transfer for SFTP server. Update the IoT sensor code to send the information as a .csv file through SFTP
to the server. Use AWS Glue to catalog the files. Use Amazon Athena for analysis.
D. Use AWS Snowball Edge to collect data from the IoT sensors directly to perform local analysis. Periodically collect the
data into Amazon Redshift to perform global analysis.","Answer A is correct for the following reasons:
1. **Architecture Optimization**: Use AWS IoT Core to efficiently handle IoT device connections from different vendors. AWS Lambda is triggered through the IoT Rules Engine for real-time analysis, replacing the old model of daily batch processing, which greatly improves the speed and immediacy of data processing.
2. **Cost Effectiveness**: Storing data in Amazon S3 (object storage) is more cost effective than maintaining a continuously running relational database. Amazon Athena uses on-demand query (Serverless) and only pays when executing the query, further optimizing costs.
3. **Analysis capabilities**: AWS Glue provides a data catalog function that allows Athena to easily query data in S3 and perform visual analysis through QuickSight. This is a modern and highly scalable architecture.

Reasons why other options are incorrect:
- Option B: Although migrating the application to Fargate is a modernization approach, it still requires maintaining the application logic and storing data in Redshift. For simple parsing tasks, the cost is too high and the architecture is too complex to achieve optimal cost optimization.
- Option C: Requiring code updates for all IoT sensors to support the SFTP protocol is often not feasible in practice (hardware limitations or vendor limitations), and SFTP is not the best architecture for handling IoT real-time streaming data.
- Option D: AWS Snowball Edge is mainly used for large-scale data migration or edge computing. It is not suitable for processing continuous IoT sensor data streaming, and this solution cannot meet the ""faster"" analysis requirements because it involves cumbersome physical data collection and transmission processes.",A,A (82% community votes),一家公司向不同的供應商購買了設備，這些設備都配備了 IoT 感測器。感測器會以供應商各自的專有格式發送狀態資訊給一個舊有的應用程式，該程式會將資訊解析為 JSON 格式。解析過程很簡單，但每家供應商的格式都不同。該應用程式每天執行一次，將所有的 JSON 記錄解析並儲存到關聯式資料庫中以進行分析。公司需要設計一個新的資料分析解決方案，以提供更快的速度並優化成本。哪一個解決方案能滿足這些需求？,"A. 將 IoT 感測器連接到 AWS IoT Core。設定規則以觸發 AWS Lambda 函式來解析資訊，並將 .csv 檔案儲存到 Amazon S3。使用 AWS Glue 對檔案進行編目。使用 Amazon Athena 和 Amazon QuickSight 進行分析。
B. 將應用程式伺服器遷移到 AWS Fargate，由其接收來自 IoT 感測器的資訊並將其解析為關聯式格式。將解析後的資訊儲存到 Amazon Redshift 以進行分析。
C. 建立一個 AWS Transfer for SFTP 伺服器。更新 IoT 感測器程式碼，使其透過 SFTP 將資訊以 .csv 檔案形式傳送到伺服器。使用 AWS Glue 對檔案進行編目。使用 Amazon Athena 進行分析。
D. 使用 AWS Snowball Edge 直接從 IoT 感測器收集資料以進行本地分析。定期將資料收集到 Amazon Redshift 以進行全域分析。","答案 A 是正確的，原因如下：
1. **架構優化**：使用 AWS IoT Core 可以高效地處理來自不同供應商的 IoT 裝置連線。透過 IoT Rules Engine 觸發 AWS Lambda 進行即時解析，取代了原本每日批次處理的舊有模式，大幅提升了資料處理的速度與即時性。
2. **成本效益**：將資料儲存於 Amazon S3（物件儲存）比維護一個持續運行的關聯式資料庫更具成本效益。Amazon Athena 採用隨選查詢（Serverless），僅在執行查詢時付費，進一步優化了成本。
3. **分析能力**：AWS Glue 提供了資料目錄（Data Catalog）功能，讓 Athena 可以輕鬆查詢 S3 中的資料，並透過 QuickSight 進行視覺化分析，這是一個現代化且具備高度擴充性的架構。

其他選項不正確的原因：
- 選項 B：將應用程式遷移至 Fargate 雖然是現代化手段，但仍需維護應用程式邏輯，且將資料存入 Redshift 對於簡單的解析任務來說，成本過高且架構過於複雜，無法達到最佳的成本優化。
- 選項 C：要求更新所有 IoT 感測器的程式碼以支援 SFTP 協定在實務上通常不可行（硬體限制或供應商限制），且 SFTP 並非處理 IoT 即時串流資料的最佳架構。
- 選項 D：AWS Snowball Edge 主要用於大規模資料遷移或邊緣運算，並不適合用於處理持續性的 IoT 感測器資料串流，且該方案無法滿足「更快速」的分析需求，因為它涉及了繁瑣的物理資料收集與傳輸過程。"
123,"A company is migrating some of its applications to AWS. The company wants to migrate and modernize the applications
quickly after it finalizes networking and security strategies. The company has set up an AWS Direct Connect connection in a
central network account.
The company expects to have hundreds of AWS accounts and VPCs in the near future. The corporate network must be able to
access the resources on AWS seamlessly and also must be able to communicate with all the VPCs. The company also wants to
route its cloud resources to the internet through its on-premises data center.
Which combination of steps will meet these requirements? (Choose three.)","A. Create a Direct Connect gateway in the central account. In each of the accounts, create an association proposal by using
the Direct Connect gateway and the account ID for every virtual private gateway.
B. Create a Direct Connect gateway and a transit gateway in the central network account. Attach the transit gateway to the
Direct Connect gateway by using a transit VIF.
C. Provision an internet gateway. Attach the internet gateway to subnets. Allow internet traffic through the gateway.
D. Share the transit gateway with other accounts. Attach VPCs to the transit gateway.
E. Provision VPC peering as necessary.
F. Provision only private subnets. Open the necessary route on the transit gateway and customer gateway to allow
outbound internet traffic from AWS to flow through NAT services that run in the data center.","The core requirement of this question is to handle a large-scale multi-account architecture (hundreds of VPCs) and require all VPCs to be connected to the local network and to direct Internet traffic back to the local network.

The correct answers are B, D, and F (Note: The question requires you to choose three items. According to AWS architecture best practices, the correct combination should be B, D, and F. If the answer given in the question is BD, it may be a simplified option. The following explains why B, D, and F are the correct combination):

1. **Option B (Correct)**: Using Transit Gateway (TGW) with Direct Connect Gateway is a standard architecture for connecting multiple VPCs to local networks. Connecting the TGW to the Direct Connect Gateway via Transit VIF enables efficient route management, which is key when handling hundreds of VPCs.
2. **Option D (Correct)**: Sharing a Transit Gateway through AWS Resource Access Manager (RAM) allows VPCs in other accounts to connect to the same central hub, which is a necessary step for achieving connectivity in a multi-account architecture.
3. **Option F (Correct)**: The question clearly requires ""routing Internet traffic of cloud resources through an on-premises data center."" This means that AWS's native Internet Gateway (IGW) cannot be used. Instead, traffic must be directed to the local end through a TGW, and the traffic must be handled by the local NAT or firewall.

**Why the other options are incorrect:**
* **Option A**: Direct Connect Gateway Directly associated VGW is suitable for smaller scale architectures, but with hundreds of VPCs, managing route tables for hundreds of VGWs becomes extremely complex and difficult to maintain, so it is not suitable.
* **Option C**: The question requires that traffic must pass through the local data center. If IGW is configured, the traffic will directly enter the Internet from the VPC, which violates the requirement of ""routing through the local data center"".
* **Option E**: VPC Peering belongs to a mesh topology (Mesh). In an environment with hundreds of VPCs, the number of connections will grow exponentially (n*(n-1)/2). The management cost is too high and it is not scalable, which does not meet the needs of modern architecture.",BD,BD (PDF answer),"一家公司正在將部分應用程式遷移至 AWS。該公司希望在確定網路與安全策略後，能快速遷移並現代化這些應用程式。公司已在一個中央網路帳戶中建立了 AWS Direct Connect 連線。
公司預計在不久的將來會擁有數百個 AWS 帳戶與 VPC。企業網路必須能夠順暢地存取 AWS 上的資源，且必須能夠與所有 VPC 進行通訊。此外，公司還希望將其雲端資源的網際網路流量，透過地端資料中心進行路由。
請問哪三項步驟的組合能滿足這些需求？（選擇三項）","A. 在中央帳戶中建立一個 Direct Connect 閘道。在每個帳戶中，使用 Direct Connect 閘道與每個虛擬私有閘道（VGW）的帳戶 ID 建立關聯提案。
B. 在中央網路帳戶中建立一個 Direct Connect 閘道與一個 Transit Gateway。使用 Transit VIF 將 Transit Gateway 連接到 Direct Connect 閘道。
C. 配置一個網際網路閘道（IGW）。將網際網路閘道附加到子網路。允許網際網路流量通過該閘道。
D. 與其他帳戶共用 Transit Gateway。將 VPC 連接到 Transit Gateway。
E. 視需要配置 VPC 對等互連（VPC Peering）。
F. 僅配置私有子網路。在 Transit Gateway 與客戶閘道（Customer Gateway）上開啟必要的路由，以允許來自 AWS 的網際網路流量流經在地端資料中心執行的 NAT 服務。","本題的核心需求在於處理大規模的多帳戶架構（數百個 VPC），並要求所有 VPC 與地端網路連通，同時將網際網路流量導回地端。

正確答案為 B、D 與 F（註：題目要求選擇三項，根據 AWS 架構最佳實踐，正確組合應為 B、D、F。若題目給定答案為 BD，可能為選項簡化，以下說明為何 B、D、F 是正確組合）：

1. **選項 B (正確)**：使用 Transit Gateway (TGW) 搭配 Direct Connect Gateway 是連接多個 VPC 與地端網路的標準架構。透過 Transit VIF 將 TGW 連接到 Direct Connect Gateway，可以實現高效的路由管理，這是處理數百個 VPC 的關鍵。
2. **選項 D (正確)**：透過 AWS Resource Access Manager (RAM) 共用 Transit Gateway，可以讓其他帳戶中的 VPC 連接到同一個中央網路樞紐，這是實現多帳戶架構連通性的必要步驟。
3. **選項 F (正確)**：題目明確要求「將雲端資源的網際網路流量透過地端資料中心路由」。這意味著不能使用 AWS 原生的網際網路閘道 (IGW)，而是必須透過 TGW 將流量導向地端，並由地端的 NAT 或防火牆處理流量。

**為何其他選項不正確：**
* **選項 A**：Direct Connect Gateway 直接關聯 VGW 適用於較小規模的架構，但在擁有數百"
124,"A company has hundreds of AWS accounts. The company recently implemented a centralized internal process for purchasing
new Reserved Instances and modifying existing Reserved Instances. This process requires all business units that want to
purchase or modify Reserved Instances to submit requests to a dedicated team for procurement. Previously, business units
directly purchased or modified Reserved Instances in their own respective AWS accounts autonomously.
A solutions architect needs to enforce the new process in the most secure way possible.
Which combination of steps should the solutions architect take to meet these requirements? (Choose two.)","A. Ensure that all AWS accounts are part of an organization in AWS Organizations with all features enabled.
B. Use AWS Config to report on the attachment of an IAM policy that denies access to the
ec2:PurchaseReservedInstancesOffering action and the ec2:ModifyReservedInstances action.
C. In each AWS account, create an IAM policy that denies the ec2:PurchaseReservedInstancesOffering action and the
ec2:ModifyReservedInstances action.
D. Create an SCP that denies the ec2:PurchaseReservedInstancesOffering action and the ec2:ModifyReservedInstances
action. Attach the SCP to each OU of the organization.
E. Ensure that all AWS accounts are part of an organization in AWS Organizations that uses the consolidated billing
feature.","The most effective and secure way to enforce centralized governance across multiple accounts is to use AWS Organizations' Service Control Policies (SCPs).

Why the answer is AD:
- A: To use SCP to limit account permissions, ""All Features"" must be enabled in AWS Organizations. SCP cannot be enabled using only the consolidated billing feature (option E).
- D: SCP is a mechanism that defines the boundaries of the highest authority of accounts within an organization. By creating an SCP that denies purchase and modification RI actions and applying it to the organizational unit (OU), you can ensure that even account administrators cannot bypass this restriction, thereby enforcing a centralized purchasing process.

Why the other options are incorrect:
- B: AWS Config can only be used to ""detect"" and ""report"" compliance, and cannot actively ""prevent"" or ""enforce"" permission restrictions. This does not comply with the mandatory execution process required by the question.
- C: While establishing IAM policies in each account can limit permissions, this approach is difficult to manage and not enforceable. Account administrators can modify or delete these IAM policies at any time, so the security and consistency of the process cannot be ensured.
- E: The consolidated billing feature is only used for billing consolidation and does not have the ""All Features"" permissions required to enable SCP, so it cannot achieve the purpose of enforcing permission restrictions.",AD,AD (PDF answer),"一家公司擁有數百個 AWS 帳號。該公司最近實施了一項集中的內部流程，用於購買新的預留執行個體（Reserved Instances, RI）並修改現有的預留執行個體。此流程要求所有希望購買或修改預留執行個體的業務單位，必須向專門的採購團隊提交申請。在此之前，各業務單位是在各自的 AWS 帳號中自主購買或修改預留執行個體。解決方案架構師需要以最安全的方式強制執行此新流程。架構師應採取哪兩種步驟來滿足這些需求？（選擇兩項。）","A. 確保所有 AWS 帳號皆屬於 AWS Organizations 中的一個組織，並啟用所有功能（All Features）。
B. 使用 AWS Config 來報告 IAM 政策的附加情況，該政策拒絕 ec2:PurchaseReservedInstancesOffering 和 ec2:ModifyReservedInstances 動作。
C. 在每個 AWS 帳號中，建立一個 IAM 政策以拒絕 ec2:PurchaseReservedInstancesOffering 和 ec2:ModifyReservedInstances 動作。
D. 建立一個服務控制政策（SCP），拒絕 ec2:PurchaseReservedInstancesOffering 和 ec2:ModifyReservedInstances 動作。將此 SCP 附加到組織的每個組織單位（OU）。
E. 確保所有 AWS 帳號皆屬於 AWS Organizations 中的一個組織，並使用合併帳單（Consolidated Billing）功能。","要強制執行跨多個帳號的集中式治理，最有效且安全的方法是使用 AWS Organizations 的服務控制政策（SCP）。

為什麼答案是 AD：
- A：要使用 SCP 來限制帳號權限，必須在 AWS Organizations 中啟用「所有功能（All Features）」。僅使用合併帳單功能（選項 E）無法啟用 SCP。
- D：SCP 是定義組織內帳號最高權限邊界的機制。透過建立一個拒絕購買與修改 RI 動作的 SCP 並將其套用到組織單位（OU），可以確保即使是帳號管理員也無法繞過此限制，從而強制執行集中採購流程。

為什麼其他選項不正確：
- B：AWS Config 僅能用於「偵測」與「報告」合規性，無法主動「防止」或「強制執行」權限限制。這不符合題目要求的強制執行流程。
- C：雖然在每個帳號中建立 IAM 政策可以限制權限，但這種方式難以管理且不具備強制性。帳號管理員可以隨時修改或刪除這些 IAM 政策，因此無法確保流程的安全性與一致性。
- E：合併帳單功能僅用於帳單整合，並不具備啟用 SCP 所需的「所有功能」權限，因此無法達成強制執行權限限制的目的。"
125,"A company is running a critical application that uses an Amazon RDS for MySQL database to store data. The RDS DB instance
is deployed in Multi-AZ mode.
A recent RDS database failover test caused a 40-second outage to the application. A solutions architect needs to design a
solution to reduce the outage time to less than 20 seconds.
Which combination of steps should the solutions architect take to meet these requirements? (Choose three.)","A. Use Amazon ElastiCache for Memcached in front of the database
B. Use Amazon ElastiCache for Redis in front of the database
C. Use RDS Proxy in front of the database.
D. Migrate the database to Amazon Aurora MySQL.
E. Create an Amazon Aurora Replica. F. Create an RDS for MySQL read replica","To reduce the fault-tolerance migration time of RDS for MySQL to less than 20 seconds, the connection management and database engine features must be optimized:

1. **Option C (RDS Proxy) Correct**: RDS Proxy reduces the time it takes for applications to re-establish connections during a fault-tolerant migration by maintaining a pool of pre-created database connections. When a database failover occurs, RDS Proxy will automatically redirect application connections to the new database execution instance, significantly reducing the downtime perceived by the application.

2. **Option D (Migrate to Aurora MySQL) Correct**: Amazon Aurora is designed for the cloud, and its architecture separates storage and computing. Compared with traditional RDS for MySQL, Aurora's fault-tolerant migration mechanism is faster and can usually be completed within 30 seconds. With appropriate application settings, it is easy to achieve the goal of within 20 seconds.

3. **Option E (Create Aurora Replica) Correct**: In the Aurora architecture, Aurora read-only replicas (Read Replicas) share the same underlying storage space as the main execution instance. When the primary execution instance fails, one of the Aurora read-only replicas will be promoted to the new primary execution instance. This process is very fast and is a key component to achieve low-latency fault-tolerant migration.

**Why the other options are incorrect:**
* **Options A and B**: Although ElastiCache can cache data to reduce database load, it cannot solve the fault-tolerant migration mechanism and connection interruption problems of the database engine itself, so it cannot directly shorten the failover time at the database level.
* **Option F**: The Read Replica of RDS for MySQL operates through asynchronous replication and has independent storage space from the main execution instance. Promoting it to the main execution instance requires a long process and cannot provide fast automatic fault-tolerant migration capabilities like Aurora, so it cannot meet the goal of less than 20 seconds.",CDE,CDE (PDF answer),一家公司正在執行一個關鍵應用程式，該應用程式使用 Amazon RDS for MySQL 資料庫來儲存資料。此 RDS 資料庫執行個體部署在多可用區（Multi-AZ）模式。最近的一次 RDS 資料庫容錯移轉（failover）測試導致應用程式中斷了 40 秒。解決方案架構師需要設計一個解決方案，將中斷時間縮短至 20 秒以內。解決方案架構師應該採取哪些步驟組合來滿足這些需求？（選擇三項。）,"A. 在資料庫前端使用 Amazon ElastiCache for Memcached
B. 在資料庫前端使用 Amazon ElastiCache for Redis
C. 在資料庫前端使用 RDS Proxy
D. 將資料庫遷移至 Amazon Aurora MySQL
E. 建立一個 Amazon Aurora 唯讀複本（Aurora Replica）
F. 建立一個 RDS for MySQL 唯讀複本（Read Replica）","要將 RDS for MySQL 的容錯移轉時間縮短至 20 秒以內，必須針對連線管理與資料庫引擎特性進行優化：

1. **選項 C (RDS Proxy) 正確**：RDS Proxy 透過維護一個預先建立的資料庫連線池，減少了應用程式在容錯移轉期間重新建立連線的時間。當資料庫發生故障切換時，RDS Proxy 會自動將應用程式連線重新導向至新的資料庫執行個體，大幅降低了應用程式感知到的停機時間。

2. **選項 D (遷移至 Aurora MySQL) 正確**：Amazon Aurora 專為雲端設計，其架構將儲存與運算分離。相比傳統的 RDS for MySQL，Aurora 的容錯移轉機制更為迅速，通常能在 30 秒內完成，配合適當的應用程式設定，極易達到 20 秒以內的目標。

3. **選項 E (建立 Aurora Replica) 正確**：在 Aurora 架構中，Aurora 唯讀複本（Read Replicas）與主執行個體共享相同的底層儲存空間。當主執行個體發生故障時，其中一個 Aurora 唯讀複本會被提升為新的主執行個體，這個過程非常快速，是實現低延遲容錯移轉的關鍵組成部分。

**為何其他選項不正確：**
* **選項 A 與 B**：雖然 ElastiCache 可以快取資料以減輕資料庫負載，但它無法解決資料庫引擎本身的容錯移轉機制與連線中斷問題，因此無法直接縮短資料庫層級的故障切換時間。
* **選項 F**：RDS for MySQL 的唯讀複本（Read Replica）是透過非同步複製運作的，且與主執行個體擁有獨立的儲存空間。將其提升為主執行個體需要較長的程序，無法像 Aurora 那樣提供快速的自動容錯移轉能力，因此無法滿足 20 秒以內的目標。"
126,"An AWS partner company is building a service in AWS Organizations using its organization named org1. This service requires
the partner company to have access to AWS resources in a customer account, which is in a separate organization named org2.
The company must establish least privilege security access using an API or command line tool to the customer account.
What is the MOST secure way to allow org1 to access resources in org2?","A. The customer should provide the partner company with their AWS account access keys to log in and perform the required
tasks.
B. The customer should create an IAM user and assign the required permissions to the IAM user. The customer should then
provide the credentials to the partner company to log in and perform the required tasks.
C. The customer should create an IAM role and assign the required permissions to the IAM role. The partner company
should then use the IAM role’s Amazon Resource Name (ARN) when requesting access to perform the required tasks.
D. The customer should create an IAM role and assign the required permissions to the IAM role. The partner company
should then use the IAM role’s Amazon Resource Name (ARN), including the external ID in the IAM role’s trust policy, when
requesting access to perform the required tasks.","The correct answer is D. In cross-account access scenarios, using IAM roles is a best practice recommended by AWS because it does not require sharing long-term credentials (such as access keys). Option D is the most secure because it incorporates the ""External ID"" mechanism. The external ID is designed to prevent the ""Confused Deputy Problem"". When a third party (partner) accesses resources on behalf of multiple customers, the external ID can ensure that only the partner with the correct ID can access the customer's resources. This is the highest security requirement in a multi-tenant environment.

Analysis of other options:
A and B: These options involve sharing long-term credentials (access keys or IAM user passwords), which violates security best practices because the credentials are difficult to revoke if compromised and do not comply with the principle of least privilege.
C: Although using an IAM role is more secure than sharing credentials, it lacks an ""external ID"". Without an external ID, the role may be at risk of an obfuscated agent attack, where another entity possessing the role's ARN may attempt to access the account. Therefore, option D is more rigorous and complete in terms of security architecture than option C.",D,D (100% community votes),一家 AWS 合作夥伴公司正在使用名為 org1 的組織在 AWS Organizations 中建立一項服務。此服務要求該合作夥伴公司能夠存取位於另一個名為 org2 的組織中的客戶帳戶內的 AWS 資源。該公司必須使用 API 或命令列工具，以「最小權限原則」建立對客戶帳戶的安全存取。請問允許 org1 存取 org2 中資源的最安全方式是什麼？,"A. 客戶應將其 AWS 帳戶存取金鑰提供給合作夥伴公司，以便其登入並執行所需任務。
B. 客戶應建立一個 IAM 使用者並指派所需的權限給該使用者，然後將憑證提供給合作夥伴公司以登入並執行所需任務。
C. 客戶應建立一個 IAM 角色並指派所需的權限給該角色，合作夥伴公司在請求存取以執行任務時，應使用該 IAM 角色的 Amazon Resource Name (ARN)。
D. 客戶應建立一個 IAM 角色並指派所需的權限給該角色，合作夥伴公司在請求存取以執行任務時，應使用該 IAM 角色的 Amazon Resource Name (ARN)，並在 IAM 角色的信任政策中包含外部 ID (External ID)。","正確答案是 D。在跨帳戶存取的情境中，使用 IAM 角色（Role）是 AWS 推薦的最佳實踐，因為它不需要分享長期憑證（如存取金鑰）。選項 D 之所以最安全，是因為它加入了「外部 ID (External ID)」機制。外部 ID 是為了防止「混淆代理人問題 (Confused Deputy Problem)」而設計的，當第三方（合作夥伴）代表多個客戶存取資源時，外部 ID 能確保只有擁有正確 ID 的合作夥伴才能存取該客戶的資源，這在多租戶環境中是安全性最高的要求。

其他選項分析：
A 與 B：這些選項涉及分享長期憑證（存取金鑰或 IAM 使用者密碼），這違反了安全性最佳實踐，因為憑證一旦外洩將難以撤銷，且不符合最小權限原則。
C：雖然使用 IAM 角色比分享憑證安全，但它缺少了「外部 ID」。若沒有外部 ID，該角色可能面臨混淆代理人攻擊的風險，即其他擁有該角色 ARN 的實體可能嘗試存取該帳戶。因此，D 選項在安全性架構上比 C 更為嚴謹且完整。"
127,"A delivery company needs to migrate its third-party route planning application to AWS. The third party supplies a supported
Docker image from a public registry. The image can run in as many containers as required to generate the route map.
The company has divided the delivery area into sections with supply hubs so that delivery drivers travel the shortest distance
possible from the hubs to the customers. To reduce the time necessary to generate route maps, each section uses its own set
of Docker containers with a custom configuration that processes orders only in the section's area.
The company needs the ability to allocate resources cost-effectively based on the number of running containers.
Which solution will meet these requirements with the LEAST operational overhead?","A. Create an Amazon Elastic Kubernetes Service (Amazon EKS) cluster on Amazon EC2. Use the Amazon EKS CLI to launch
the planning application in pods by using the --tags option to assign a custom tag to the pod.
B. Create an Amazon Elastic Kubernetes Service (Amazon EKS) cluster on AWS Fargate. Use the Amazon EKS CLI to launch
the planning application. Use the AWS CLI tag-resource API call to assign a custom tag to the pod.
C. Create an Amazon Elastic Container Service (Amazon ECS) cluster on Amazon EC2. Use the AWS CLI with run-tasks set to
true to launch the planning application by using the --tags option to assign a custom tag to the task.
D. Create an Amazon Elastic Container Service (Amazon ECS) cluster on AWS Fargate. Use the AWS CLI run-task command
and set enableECSManagedTags to true to launch the planning application. Use the --tags option to assign a custom tag to
the task.","The core requirements of this question are ""least operational overhead (LEAST operational overhead)"" and ""cost-effective resource allocation"".

1. **Why D is the correct answer:**
   - **AWS Fargate** is a serverless container execution engine. Users do not need to manage the underlying EC2 execution entities (such as patching the operating system, expanding cluster capacity, etc.), which greatly reduces operating expenses.
   - **Amazon ECS** Compared to EKS, it is simpler to set up and manage for scenarios where only containerized tasks are required, especially when dealing with batch processing or task-oriented workloads.
   - Use the `run-task` command and enable `enableECSManagedTags` to automatically pass tags to tasks, which is very effective for cost tracking and resource management, and meets the requirements of the question for custom configuration.

2. **Why the other options are incorrect:**
   - **Options A and C (using Amazon EC2):** Using EC2 as a container host means that the company must manage the life cycle of individual executions, operating system updates, security patches, and cluster scaling (Auto Scaling) on its own, which will increase operational overhead and does not meet the ""minimum operational overhead"" requirement.
   - **Option B (Use EKS):** Although EKS on Fargate is also serverless, the complexity of EKS (such as Kubernetes control plane management, Pod network and storage configuration) is much higher than that of ECS. For scenarios where container tasks are simply executed, the learning curve and management cost of ECS are significantly lower than that of EKS. In addition, the `tag-resource` API calling method mentioned in option B is more cumbersome in terms of operation process and is not as direct as the `--tags` parameter natively supported by ECS.

In summary, ECS on Fargate provides the most simplified management experience and can allocate resources accurately according to task requirements, making it the best choice in this scenario.",D,D (82% community votes),一家物流公司需要將其第三方路徑規劃應用程式遷移至 AWS。該第三方提供了一個來自公開登錄檔（Public Registry）且受支援的 Docker 映像檔。該映像檔可以執行在任意數量的容器中，以生成路徑圖。該公司將配送區域劃分為多個區段，並設有供應樞紐，以便配送司機從樞紐到客戶的行駛距離最短。為了減少生成路徑圖所需的時間，每個區段使用自己的一組 Docker 容器，並透過自訂配置僅處理該區段區域內的訂單。該公司需要能夠根據執行中的容器數量，以符合成本效益的方式分配資源。哪種解決方案能以最少的營運開銷（Operational Overhead）滿足這些需求？,"A. 在 Amazon EC2 上建立 Amazon Elastic Kubernetes Service (Amazon EKS) 叢集。使用 Amazon EKS CLI 透過 --tags 選項啟動 Pod 中的規劃應用程式，以分配自訂標籤給 Pod。
B. 在 AWS Fargate 上建立 Amazon Elastic Kubernetes Service (Amazon EKS) 叢集。使用 Amazon EKS CLI 啟動規劃應用程式。使用 AWS CLI 的 tag-resource API 呼叫來分配自訂標籤給 Pod。
C. 在 Amazon EC2 上建立 Amazon Elastic Container Service (Amazon ECS) 叢集。使用 AWS CLI 並將 run-tasks 設為 true，透過 --tags 選項啟動規劃應用程式，以分配自訂標籤給任務（Task）。
D. 在 AWS Fargate 上建立 Amazon Elastic Container Service (Amazon ECS) 叢集。使用 AWS CLI 的 run-task 指令，並將 enableECSManagedTags 設為 true 來啟動規劃應用程式。使用 --tags 選項分配自訂標籤給任務（Task）。","本題的核心需求在於「最少的營運開銷（LEAST operational overhead）」以及「符合成本效益的資源分配」。

1. **為何 D 是正確答案：**
   - **AWS Fargate** 是一種無伺服器（Serverless）的容器執行引擎，使用者無需管理底層的 EC2 執行個體（如修補作業系統、擴展叢集容量等），這大幅降低了營運開銷。
   - **Amazon ECS** 相比於 EKS，對於僅需執行容器化任務的場景而言，其設定與管理更為簡潔，特別是在處理批次處理或任務導向的工作負載時。
   - 使用 `run-task` 指令並啟用 `enableECSManagedTags`，可以自動將標籤傳遞給任務，這對於成本追蹤與資源管理非常有效，且符合題目對於自訂配置的需求。

2. **為何其他選項不正確：**
   - **選項 A 與 C (使用 Amazon EC2)：** 使用 EC2 作為容器宿主機意味著公司必須自行管理執行個體的生命週期、作業系統更新、安全性修補以及叢集擴展（Auto Scaling），這會增加營運開銷，不符合「最少營運開銷」的要求。
   - **選項 B (使用 EKS)：** 雖然 EKS on Fargate 同樣是無伺服器的，但 EKS 的複雜度（如 Kubernetes 控制平面的管理、Pod 的網路與儲存配置）遠高於 ECS。對於單純執行容器任務的場景，ECS 的學習曲線與管理成本顯著低於 EKS。此外，選項 B 提到的 `tag-resource` API 呼叫方式在操作流程上較為繁瑣，不如 ECS 原生支援的 `--tags` 參數直接。

總結來說，ECS on Fargate 提供了最簡化的管理體驗，且能精確地根據任務需求分配資源，是此情境下的最佳選擇。"
128,"A software company hosts an application on AWS with resources in multiple AWS accounts and Regions. The application runs
on a group of Amazon EC2 instances in an application VPC located in the us-east-1 Region with an IPv4 CIDR block of
10.10.0.0/16. In a different AWS account, a shared services VPC is located in the us-east-2 Region with an IPv4 CIDR block of
10.10.10.0/24. When a cloud engineer uses AWS CloudFormation to attempt to peer the application VPC with the shared
services VPC, an error message indicates a peering failure.
Which factors could cause this error? (Choose two.)","A. The IPv4 CIDR ranges of the two VPCs overlap
B. The VPCs are not in the same Region
C. One or both accounts do not have access to an Internet gateway
D. One of the VPCs was not shared through AWS Resource Access Manager
E. The IAM role in the peer accepter account does not have the correct permissions","The correct answer is AE, and the analysis is as follows:

A. Correct: Although the CIDR blocks (10.10.0.0/16 and 10.10.10.0/24) given in the question are mathematically overlapping (10.10.10.0/24 is included in 10.10.0.0/16), in the rules of VPC peering, if the CIDR blocks of two VPCs overlap, a peering relationship cannot be established. This is a common technical limitation that causes peering to fail.

E. Correct: When establishing VPC peering across accounts, after the Requester initiates a request, the Accepter must accept the request. If the IAM role or user performing this operation lacks the necessary permissions such as `ec2:AcceptVpcPeeringConnection`, CloudFormation cannot complete the peering process.

Other options explained:
B. Incorrect: AWS VPC Peering supports inter-region, so ""not in the same region"" is not the cause of the failure.
C. Incorrect: VPC peering operates on AWS's private network backbone and does not require an Internet Gateway (IGW) to establish the connection.
D. Incorrect: VPC peering does not require sharing VPCs through AWS Resource Access Manager (RAM). RAM is mainly used for resources such as shared subnets (Subnets) or Transit Gateways, rather than VPC Peering.",AE,AE (PDF answer),一家軟體公司在 AWS 上託管應用程式，資源分散在多個 AWS 帳號與區域中。該應用程式運行在位於 us-east-1 區域、IPv4 CIDR 區塊為 10.10.0.0/16 的應用程式 VPC 中的一組 Amazon EC2 實例上。在另一個 AWS 帳號中，有一個位於 us-east-2 區域、IPv4 CIDR 區塊為 10.10.10.0/24 的共享服務 VPC。當雲端工程師嘗試使用 AWS CloudFormation 將應用程式 VPC 與共享服務 VPC 進行對等互連（Peering）時，錯誤訊息顯示對等互連失敗。哪些因素可能導致此錯誤？（選擇兩項。）,"A. 兩個 VPC 的 IPv4 CIDR 範圍重疊
B. VPC 不在同一個區域
C. 一個或兩個帳號沒有存取網際網路閘道（Internet Gateway）的權限
D. 其中一個 VPC 未透過 AWS Resource Access Manager 進行共享
E. 對等互連接受方帳號中的 IAM 角色沒有正確的權限","正確答案為 AE，解析如下：

A. 正確：雖然題目中給出的 CIDR 區塊（10.10.0.0/16 與 10.10.10.0/24）在數學上是重疊的（10.10.10.0/24 包含在 10.10.0.0/16 內），但在 VPC 對等互連的規則中，若兩個 VPC 的 CIDR 區塊重疊，則無法建立對等互連關係。這是導致對等互連失敗的常見技術限制。

E. 正確：當跨帳號建立 VPC 對等互連時，請求方（Requester）發起請求後，接受方（Accepter）必須接受該請求。如果執行此操作的 IAM 角色或使用者缺乏 `ec2:AcceptVpcPeeringConnection` 等必要的權限，CloudFormation 就無法完成對等互連的建立過程。

其他選項說明：
B. 不正確：AWS VPC 對等互連（VPC Peering）是支援跨區域（Inter-Region）進行的，因此「不在同一個區域」並非導致失敗的原因。
C. 不正確：VPC 對等互連是在 AWS 的私有網路骨幹上運作，不需要網際網路閘道（IGW）即可建立連線。
D. 不正確：VPC 對等互連不需要透過 AWS Resource Access Manager (RAM) 來共享 VPC。RAM 主要用於共享子網路（Subnet）或 Transit Gateway 等資源，而非 VPC Peering。"
129,"An external audit of a company’s serverless application reveals IAM policies that grant too many permissions. These policies
are attached to the company's AWS Lambda execution roles. Hundreds of the company's Lambda functions have broad access
permissions such as full access to Amazon S3 buckets and Amazon DynamoDB tables. The company wants each function to
have only the minimum permissions that the function needs to complete its task.
A solutions architect must determine which permissions each Lambda function needs.
What should the solutions architect do to meet this requirement with the LEAST amount of effort?","A. Set up Amazon CodeGuru to profile the Lambda functions and search for AWS API calls. Create an inventory of the
required API calls and resources for each Lambda function. Create new IAM access policies for each Lambda function.
Review the new policies to ensure that they meet the company's business requirements.
B. Turn on AWS CloudTrail logging for the AWS account. Use AWS Identity and Access Management Access Analyzer to
generate IAM access policies based on the activity recorded in the CloudTrail log. Review the generated policies to ensure
that they meet the company's business requirements.
C. Turn on AWS CloudTrail logging for the AWS account. Create a script to parse the CloudTrail log, search for AWS API
calls by Lambda execution role, and create a summary report. Review the report. Create IAM access policies that provide
more restrictive permissions for each Lambda function.
D. Turn on AWS CloudTrail logging for the AWS account. Export the CloudTrail logs to Amazon S3. Use Amazon EMR to
process the CloudTrail logs in Amazon S3 and produce a report of API calls and resources used by each execution role.
Create a new IAM access policy for each role. Export the generated roles to an S3 bucket. Review the generated policies to
ensure that they meet the company’s business requirements.","The correct answer is B. AWS IAM Access Analyzer has the function of ""Policy generation based on access activity"". It analyzes activity recorded in CloudTrail logs and automatically generates an IAM policy that contains the minimum permissions required for that activity. This is the most automated and labor-saving method officially recommended by AWS for implementing the Principle of Least Privilege.

Option A is incorrect because Amazon CodeGuru is mainly used for code quality analysis and performance optimization. Although it can identify certain API calls, it is not a tool specifically designed to automatically generate IAM policies, and requires additional manual organization and writing work, which is costly.

Option C is incorrect because although it is possible to parse CloudTrail logs, writing custom scripts to parse the logs and manually create policies is very time-consuming and error-prone, which violates the question's principle of completing the task with the least amount of effort.

Choice D is incorrect because using Amazon EMR to process logs is over-engineering. Although EMR can handle large amounts of data, generating IAM policies requires setting up clusters, writing processing logic, and manually converting results. The complexity and maintenance cost are much higher than using IAM Access Analyzer directly.",B,B (100% community votes),一項針對公司無伺服器（serverless）應用程式的外部稽核顯示，IAM 政策授予了過多的權限。這些政策被附加在公司的 AWS Lambda 執行角色上。公司有數百個 Lambda 函式擁有過於寬泛的存取權限，例如對 Amazon S3 儲存貯體和 Amazon DynamoDB 資料表的完全存取權。公司希望每個函式僅擁有完成其任務所需的最小權限。解決方案架構師必須確定每個 Lambda 函式所需的權限。架構師應採取什麼行動，以最少的投入滿足此需求？,"A. 設定 Amazon CodeGuru 來分析 Lambda 函式並搜尋 AWS API 呼叫。為每個 Lambda 函式建立所需 API 呼叫和資源的清單。為每個 Lambda 函式建立新的 IAM 存取政策。審查新政策以確保其符合公司的業務需求。
B. 開啟 AWS 帳戶的 AWS CloudTrail 日誌記錄。使用 AWS Identity and Access Management (IAM) Access Analyzer 根據 CloudTrail 日誌中記錄的活動來產生 IAM 存取政策。審查產生的政策以確保其符合公司的業務需求。
C. 開啟 AWS 帳戶的 AWS CloudTrail 日誌記錄。建立一個指令碼來解析 CloudTrail 日誌，按 Lambda 執行角色搜尋 AWS API 呼叫，並建立摘要報告。審查報告。為每個 Lambda 函式建立提供更嚴格權限的 IAM 存取政策。
D. 開啟 AWS 帳戶的 AWS CloudTrail 日誌記錄。將 CloudTrail 日誌匯出至 Amazon S3。使用 Amazon EMR 處理 Amazon S3 中的 CloudTrail 日誌，並產生每個執行角色所使用的 API 呼叫和資源報告。為每個角色建立新的 IAM 存取政策。將產生的角色匯出至 S3 儲存貯體。審查產生的政策以確保其符合公司的業務需求。","正確答案是 B。AWS IAM Access Analyzer 具備「根據存取活動產生政策 (Policy generation based on access activity)」的功能。它能夠分析 CloudTrail 日誌中記錄的活動，並自動產生包含該活動所需最小權限的 IAM 政策。這是 AWS 官方推薦用於實現最小權限原則（Principle of Least Privilege）且最自動化、最省力的方法。

選項 A 不正確，因為 Amazon CodeGuru 主要用於程式碼品質分析與效能優化，雖然可以識別某些 API 呼叫，但它並非專門用於自動產生 IAM 政策的工具，且需要額外的手動整理與編寫工作，投入成本較高。

選項 C 不正確，因為雖然解析 CloudTrail 日誌是可行的，但編寫自訂指令碼來解析日誌並手動建立政策非常耗時且容易出錯，這違反了題目要求「以最少投入（LEAST amount of effort）」完成任務的原則。

選項 D 不正確，因為使用 Amazon EMR 來處理日誌屬於過度設計（Over-engineering）。雖然 EMR 可以處理大量資料，但對於產生 IAM 政策而言，這需要設定叢集、編寫處理邏輯並手動轉換結果，其複雜度與維護成本遠高於直接使用 IAM Access Analyzer。"
130,"A solutions architect must analyze a company’s Amazon EC2 instances and Amazon Elastic Block Store (Amazon EBS) volumes
to determine whether the company is using resources efficiently. The company is running several large, high-memory EC2
instances to host database clusters that are deployed in active/passive configurations. The utilization of these EC2 instances
varies by the applications that use the databases, and the company has not identified a pattern.
The solutions architect must analyze the environment and take action based on the findings.
Which solution meets these requirements MOST cost-effectively?","A. Create a dashboard by using AWS Systems Manager OpsCenter. Configure visualizations for Amazon CloudWatch
metrics that are associated with the EC2 instances and their EBS volumes. Review the dashboard periodically, and identify
usage patterns. Rightsize the EC2 instances based on the peaks in the metrics.
B. Turn on Amazon CloudWatch detailed monitoring for the EC2 instances and their EBS volumes. Create and review a
dashboard that is based on the metrics. Identify usage patterns. Rightsize the EC2 instances based on the peaks in the
metrics.
C. Install the Amazon CloudWatch agent on each of the EC2 instances. Turn on AWS Compute Optimizer, and let it run for
at least 12 hours. Review the recommendations from Compute Optimizer, and rightsize the EC2 instances as directed.
D. Sign up for the AWS Enterprise Support plan. Turn on AWS Trusted Advisor. Wait 12 hours. Review the recommendations
from Trusted Advisor, and rightsize the EC2 instances as directed.","The correct answer is C for the following reasons:
AWS Compute Optimizer is a service designed to analyze resource usage and provide optimization recommendations. It uses machine learning to analyze historical utilization metrics and provide appropriate tuning recommendations (right-sizing) for EC2 execution individuals, EBS volumes, and Lambda functions. Since the question mentions that the company uses high-memory execution instances, and standard CloudWatch metrics (such as CPU usage) cannot directly reflect memory usage, the CloudWatch agent must be installed to collect memory metrics so that Compute Optimizer can conduct more accurate analysis. This is the most efficient and automated way.

Reasons why other options are incorrect:
A vs. B: These two options require architects to manually build dashboards and analyze metrics themselves to identify patterns. This approach is not only time-consuming and error-prone, but also not cost-effective because it cannot leverage machine learning models to provide specific optimization recommendations like Compute Optimizer. In addition, adjusting solely based on ""peaks"" may lead to over-provisioning because peaks do not represent ongoing resource requirements.
D: Although AWS Trusted Advisor can provide basic cost optimization recommendations (such as identifying idle execution instances), it mainly focuses on the ""idle"" status of resources rather than detailed performance analysis and tuning recommendations for high-memory database loads. In addition, the cost of signing up for the Enterprise Support plan is extremely high, and upgrading support levels just to get optimization suggestions does not meet the ""most cost-effective"" requirement.",C,C (97% community votes),一位解決方案架構師必須分析公司的 Amazon EC2 執行個體與 Amazon Elastic Block Store (Amazon EBS) 磁碟區，以判斷公司是否有效率地使用資源。該公司運行多個大型、高記憶體的 EC2 執行個體，用於託管以主動/被動 (active/passive) 配置部署的資料庫叢集。這些 EC2 執行個體的利用率會隨著使用資料庫的應用程式而變化，且公司尚未找出其規律。解決方案架構師必須分析環境並根據調查結果採取行動。哪種解決方案能以最具成本效益的方式滿足這些需求？,"A. 使用 AWS Systems Manager OpsCenter 建立儀表板。針對與 EC2 執行個體及其 EBS 磁碟區相關聯的 Amazon CloudWatch 指標配置視覺化。定期檢閱儀表板並識別使用模式。根據指標的峰值調整 EC2 執行個體的大小。
B. 開啟 EC2 執行個體及其 EBS 磁碟區的 Amazon CloudWatch 詳細監控。建立並檢閱基於這些指標的儀表板。識別使用模式。根據指標的峰值調整 EC2 執行個體的大小。
C. 在每個 EC2 執行個體上安裝 Amazon CloudWatch 代理程式。開啟 AWS Compute Optimizer，並讓其運行至少 12 小時。檢閱 Compute Optimizer 的建議，並按照指示調整 EC2 執行個體的大小。
D. 註冊 AWS Enterprise Support 計畫。開啟 AWS Trusted Advisor。等待 12 小時。檢閱 Trusted Advisor 的建議，並按照指示調整 EC2 執行個體的大小。","正確答案為 C，原因如下：
AWS Compute Optimizer 是一項專門設計用於分析資源使用情況並提供最佳化建議的服務。它利用機器學習來分析歷史利用率指標，並針對 EC2 執行個體、EBS 磁碟區及 Lambda 函數提供適當的調整建議（Right-sizing）。由於題目提到該公司使用高記憶體執行個體，而標準的 CloudWatch 指標（如 CPU 使用率）無法直接反映記憶體使用量，因此必須安裝 CloudWatch 代理程式來收集記憶體指標，以便 Compute Optimizer 進行更精確的分析。這是最有效率且自動化的方式。

其他選項不正確的原因：
A 與 B：這兩個選項要求架構師手動建立儀表板並自行分析指標來識別模式。這種方式不僅耗時、容易出錯，且無法像 Compute Optimizer 那樣利用機器學習模型來提供具體的優化建議，因此不具備成本效益。此外，僅依據「峰值」進行調整可能會導致過度配置（Over-provisioning），因為峰值並不代表持續的資源需求。
D：雖然 AWS Trusted Advisor 可以提供基本的成本優化建議（例如識別閒置的執行個體），但它主要針對的是資源的「閒置」狀態，而非針對高記憶體資料庫負載進行細緻的效能分析與調整建議。此外，註冊 Enterprise Support 計畫的成本極高，僅為了獲取優化建議而升級支援等級並不符合「最具成本效益」的要求。"
131,"A company uses AWS Organizations for a multi-account setup in the AWS Cloud. The company uses AWS Control Tower for
governance and uses AWS Transit Gateway for VPC connectivity across accounts.
In an AWS application account, the company’s application team has deployed a web application that uses AWS Lambda and
Amazon RDS. The company's database administrators have a separate DBA account and use the account to centrally manage
all the databases across the organization. The database administrators use an Amazon EC2 instance that is deployed in the
DBA account to access an RDS database that is deployed m the application account.
The application team has stored the database credentials as secrets in AWS Secrets Manager in the application account. The
application team is manually sharing the secrets with the database administrators. The secrets are encrypted by the default
AWS managed key for Secrets Manager in the application account. A solutions architect needs to implement a solution that
gives the database administrators access to the database and eliminates the need to manually share the secrets.
Which solution will meet these requirements?","A. Use AWS Resource Access Manager (AWS RAM) to share the secrets from the application account with the DBA account.
In the DBA account, create an IAM role that is named DBA-Admin. Grant the role the required permissions to access the
shared secrets. Attach the DBA-Admin role to the EC2 instance for access to the cross-account secrets.
B. In the application account, create an IAM role that is named DBA-Secret. Grant the role the required permissions to
access the secrets. In the DBA account, create an IAM role that is named DBA-Admin. Grant the DBA-Admin role the
required permissions to assume the DBA-Secret role in the application account. Attach the DBA-Admin role to the EC2
instance for access to the cross-account secrets
C. In the DBA account create an IAM role that is named DBA-Admin. Grant the role the required permissions to access the
secrets and the default AWS managed key in the application account. In the application account, attach resource-based
policies to the key to allow access from the DBA account. Attach the DBA-Admin role to the EC2 instance for access to the
cross-account secrets.
D. In the DBA account, create an IAM role that is named DBA-Admin. Grant the role the required permissions to access the
secrets in the application account. Attach an SCP to the application account to allow access to the secrets from the DBA
account. Attach the DBA-Admin role to the EC2 instance for access to the cross-account secrets.","The correct answer is B.
The analysis is as follows:
1. **Why B is correct**: In AWS, the best practice for accessing resources across accounts is to use IAM role assumption. By creating a role (DBA-Secret) with access key permissions in the application account, and creating a role (DBA-Admin) with AssumeRole permissions in the DBA account, the EC2 execution instance of the DBA account can securely access the resources of the application account through temporary credentials, without the need to manually share keys, and in compliance with the principle of least privilege.
2. **Why A is wrong**: AWS Resource Access Manager (RAM) does not support sharing AWS Secrets Manager secrets directly. RAM is mainly used to share resources such as VPC subnets and Transit Gateways, rather than Secrets Manager keys.
3. **Why C is wrong**: The question mentions that the key is encrypted by the ""default AWS managed key"". AWS managed keys (such as `aws/secretsmanager`) have strict restrictions and their Key Policy cannot be modified to allow cross-account access. Cross-account access requires the use of a Customer Managed Key (CMK), so option C is technically impossible.
4. **Why D is wrong**: Service Control Policy (SCP) is used to set ""permission boundaries (Guardrails)"" for accounts within an organization. It can only restrict or deny permissions, and cannot be used to ""grant"" permissions to access resources across accounts. To access cross-account resources, you must use IAM policies in conjunction with resource-based policies, rather than using SCP.",B,B (83% community votes),一家公司使用 AWS Organizations 進行多帳號架構管理。該公司使用 AWS Control Tower 進行治理，並使用 AWS Transit Gateway 實現跨帳號的 VPC 連線。在一個 AWS 應用程式帳號中，應用程式團隊部署了一個使用 AWS Lambda 和 Amazon RDS 的網頁應用程式。公司的資料庫管理員（DBA）擁有一個獨立的 DBA 帳號，並使用該帳號集中管理組織內所有的資料庫。DBA 使用部署在 DBA 帳號中的 Amazon EC2 執行個體來存取部署在應用程式帳號中的 RDS 資料庫。應用程式團隊已將資料庫憑證以密鑰（Secrets）形式儲存在應用程式帳號的 AWS Secrets Manager 中。應用程式團隊目前手動將這些密鑰分享給 DBA。這些密鑰是由應用程式帳號中 Secrets Manager 的預設 AWS 受管金鑰（AWS managed key）進行加密的。解決方案架構師需要實作一個解決方案，讓 DBA 能夠存取資料庫，並消除手動分享密鑰的需求。請問哪種解決方案符合這些要求？,"A. 使用 AWS Resource Access Manager (AWS RAM) 將應用程式帳號中的密鑰分享給 DBA 帳號。在 DBA 帳號中，建立一個名為 DBA-Admin 的 IAM 角色，並授予該角色存取共享密鑰所需的權限。將 DBA-Admin 角色附加到 EC2 執行個體，以存取跨帳號密鑰。
B. 在應用程式帳號中，建立一個名為 DBA-Secret 的 IAM 角色，並授予該角色存取密鑰所需的權限。在 DBA 帳號中，建立一個名為 DBA-Admin 的 IAM 角色，並授予 DBA-Admin 角色擔任（Assume）應用程式帳號中 DBA-Secret 角色的權限。將 DBA-Admin 角色附加到 EC2 執行個體，以存取跨帳號密鑰。
C. 在 DBA 帳號中建立一個名為 DBA-Admin 的 IAM 角色，並授予該角色存取應用程式帳號中密鑰及預設 AWS 受管金鑰的權限。在應用程式帳號中，將資源型政策（Resource-based policies）附加到該金鑰，以允許來自 DBA 帳號的存取。將 DBA-Admin 角色附加到 EC2 執行個體，以存取跨帳號密鑰。
D. 在 DBA 帳號中，建立一個名為 DBA-Admin 的 IAM 角色，並授予該角色存取應用程式帳號中密鑰的權限。將服務控制政策（SCP）附加到應用程式帳號，以允許來自 DBA 帳號對密鑰的存取。將 DBA-Admin 角色附加到 EC2 執行個體，以存取跨帳號密鑰。","正確答案為 B。
解析如下：
1. **為什麼 B 是正確的**：在 AWS 中，跨帳號存取資源的最佳實踐是使用 IAM 角色擔任（Role Assumption）。透過在應用程式帳號建立一個具有存取密鑰權限的角色（DBA-Secret），並在 DBA 帳號建立一個擁有 AssumeRole 權限的角色（DBA-Admin），DBA 帳號的 EC2 執行個體可以透過臨時憑證安全地存取應用程式帳號的資源，無需手動分享密鑰，且符合最小權限原則。
2. **為什麼 A 是錯誤的**：AWS Resource Access Manager (RAM) 並不支援直接分享 AWS Secrets Manager 的密鑰。RAM 主要用於分享 VPC 子網路、Transit Gateway 等資源，而非 Secrets Manager 密鑰。
3. **為什麼 C 是錯誤的**：題目中提到密鑰是由「預設 AWS 受管金鑰（AWS managed key）」加密的。AWS 受管金鑰（例如 `aws/secretsmanager`）具有嚴格的限制，無法修改其金鑰政策（Key Policy）來允許跨帳號存取。若要進行跨帳號存取，必須使用客戶受管金鑰（Customer Managed Key, CMK），因此選項 C 在技術上無法執行。
4. **為什麼 D 是錯誤的**：服務控制政策（SCP）是用於設定組織內帳號的「權限邊界（Guardrails）」，它只能限制或拒絕權限，不能用來「授予」跨帳號存取資源的權限。要存取跨帳號資源，必須透過 IAM 政策與資源型政策的配合，而非使用 SCP。"
132,"A company manages multiple AWS accounts by using AWS Organizations. Under the root OU, the company has two OUs:
Research and DataOps.
Because of regulatory requirements, all resources that the company deploys in the organization must reside in the ap-
northeast-1 Region. Additionally, EC2 instances that the company deploys in the DataOps OU must use a predefined list of
instance types.
A solutions architect must implement a solution that applies these restrictions. The solution must maximize operational
efficiency and must minimize ongoing maintenance.
Which combination of steps will meet these requirements? (Choose two.)","A. Create an IAM role in one account under the DataOps OU. Use the ec2:InstanceType condition key in an inline policy on
the role to restrict access to specific instance type.
B. Create an IAM user in all accounts under the root OU. Use the aws:RequestedRegion condition key in an inline policy on
each user to restrict access to all AWS Regions except ap-northeast-1.
C. Create an SCP. Use the aws:RequestedRegion condition key to restrict access to all AWS Regions except ap-northeast-1.
Apply the SCP to the root OU.
D. Create an SCP. Use the ec2:Region condition key to restrict access to all AWS Regions except ap-northeast-1. Apply the
SCP to the root OU, the DataOps OU, and the Research OU.
E. Create an SCP. Use the ec2:InstanceType condition key to restrict access to specific instance types. Apply the SCP to the
DataOps OU.","To meet the needs of maximizing operational efficiency and minimizing maintenance costs, using Service Control Policies (SCP) is a best practice because SCP can centrally manage permission boundaries for the entire organization without the need to set them at each account or user level.

选项 C 正确：使用 aws:RequestedRegion 条件键的 SCP 是限制区域存取的标准做法。 Applying it to the Root OU ensures that all accounts in the organization (including existing and future accounts) are restricted by this region and comply with regulatory requirements.

Option E is correct: For the specific restrictions of the DataOps OU (only certain EC2 execution instance types), applying to the OU through SCP is the most efficient way.这能确保该 OU 下的所有帐号都强制执行此规则，且无需手动维护个别帐号的 IAM 政策。

Reasons why other options are incorrect:
- 选项 A：IAM 角色仅限于单一帐号，无法扩展至整个 OU，且无法强制要求所有使用者遵守，维护成本极高。
- Option B: Manually creating IAM users in all accounts not only violates the principle of ""minimized maintenance"", but the IAM user policy cannot prevent administrators from removing restrictions on their own, which is insufficient security.
- Option D: ec2:Region is not a valid condition key (it should be aws:RequestedRegion correctly), and repeatedly applying SCP to the root OU and sub-OUs is redundant configuration and does not comply with the optimization principle.",CE,CE (PDF answer),一家公司使用 AWS Organizations 管理多個 AWS 帳號。在根組織單元（Root OU）下，該公司設有兩個組織單元：Research 和 DataOps。由於法規要求，公司在組織中部署的所有資源都必須位於 ap-northeast-1 區域。此外，公司在 DataOps OU 中部署的 EC2 執行個體必須使用預定義的執行個體類型列表。解決方案架構師必須實施一套解決方案來應用這些限制。該解決方案必須最大化營運效率並最小化持續維護成本。哪兩個步驟的組合可以滿足這些需求？（選擇兩項。）,"A. 在 DataOps OU 下的一個帳號中建立一個 IAM 角色。在該角色的內嵌政策（inline policy）中使用 ec2:InstanceType 條件鍵來限制對特定執行個體類型的存取。
B. 在根 OU 下的所有帳號中建立一個 IAM 使用者。在每個使用者的內嵌政策中使用 aws:RequestedRegion 條件鍵，以限制除 ap-northeast-1 以外的所有 AWS 區域的存取。
C. 建立一個服務控制政策（SCP）。使用 aws:RequestedRegion 條件鍵來限制除 ap-northeast-1 以外的所有 AWS 區域的存取。將此 SCP 套用到根 OU。
D. 建立一個 SCP。使用 ec2:Region 條件鍵來限制除 ap-northeast-1 以外的所有 AWS 區域的存取。將此 SCP 套用到根 OU、DataOps OU 和 Research OU。
E. 建立一個 SCP。使用 ec2:InstanceType 條件鍵來限制對特定執行個體類型的存取。將此 SCP 套用到 DataOps OU。","為了滿足最大化營運效率與最小化維護成本的需求，使用服務控制政策（SCP）是最佳實踐，因為 SCP 可以集中管理整個組織的權限邊界，無需在每個帳號或每個使用者層級進行設定。

選項 C 正確：使用 aws:RequestedRegion 條件鍵的 SCP 是限制區域存取的標準做法。將其套用到根 OU（Root OU）可以確保該組織內的所有帳號（包含現有與未來新增的帳號）都受到此區域限制，符合法規要求。

選項 E 正確：針對 DataOps OU 的特定限制（僅限特定 EC2 執行個體類型），透過 SCP 套用到該 OU 是最有效率的方式。這能確保該 OU 下的所有帳號都強制執行此規則，且無需手動維護個別帳號的 IAM 政策。

其他選項不正確的原因：
- 選項 A：IAM 角色僅限於單一帳號，無法擴展至整個 OU，且無法強制要求所有使用者遵守，維護成本極高。
- 選項 B：在所有帳號中手動建立 IAM 使用者不僅違反了「最小化維護」的原則，且 IAM 使用者政策無法防止管理員自行移除限制，安全性不足。
- 選項 D：ec2:Region 並非有效的條件鍵（正確應為 aws:RequestedRegion），且將 SCP 重複套用到根 OU 及子 OU 是多餘的配置，不符合最佳化原則。"
133,"A company runs a serverless application in a single AWS Region. The application accesses external URLs and extracts
metadata from those sites. The company uses an Amazon Simple Notification Service (Amazon SNS) topic to publish URLs to
an Amazon Simple Queue Service (Amazon SQS) queue. An AWS Lambda function uses the queue as an event source and
processes the URLs from the queue. Results are saved to an Amazon S3 bucket.
The company wants to process each URL in other Regions to compare possible differences in site localization. URLs must be
published from the existing Region. Results must be written to the existing S3 bucket in the current Region.
Which combination of changes will produce multi-Region deployment that meets these requirements? (Choose two.)","A. Deploy the SQS queue with the Lambda function to other Regions.
B. Subscribe the SNS topic in each Region to the SQS queue.
C. Subscribe the SQS queue in each Region to the SNS topic.
D. Configure the SQS queue to publish URLs to SNS topics in each Region.
E. Deploy the SNS topic and the Lambda function to other Regions.","The core requirement of this question is to use the existing SNS topic as a single publishing point to distribute messages to multiple regions for processing, and summarize the results back to the S3 storage in the original region.

Option A is correct: In order to process URLs in multiple zones, we need to deploy processing logic (Lambda functions) and buffers to receive messages (SQS queues) in these zones. This allows each zone to process messages from SNS independently.

Option C is correct: SNS supports cross-region subscriptions. By subscribing SQS queues in different regions to the same SNS topic in the original region, when the original region publishes a URL, SNS will push the message to all subscribed SQS queues, thereby achieving parallel processing across regions.

Option B is wrong: The direction of the subscription relationship between the SNS topic and the SQS queue should be ""Send the topic to the queue"" instead of subscribing the topic to the queue. In addition, SNS topics are usually located in specific regions and cannot be directly ""subscribed"" to queues in other regions. This must be done through correct subscription settings.

Option D Incorrect: The question requires that the URL be published from an existing zone, rather than reversely published by an SQS queue to an SNS topic in another zone. This changes the architectural flow and does not meet the requirements.

Option E is wrong: SNS topics are regional in AWS. If you deploy SNS topics in each region, the purpose of ""publishing from existing regions"" and distributing to all regions cannot be achieved. This will result in a centralized publishing mechanism that is too complex and does not meet the requirements of the question.",AC,AC (PDF answer),"一家公司在單一 AWS 區域執行無伺服器應用程式。該應用程式會存取外部 URL 並從這些網站提取元數據。該公司使用 Amazon Simple Notification Service (Amazon SNS) 主題將 URL 發佈到 Amazon Simple Queue Service (Amazon SQS) 佇列。AWS Lambda 函數使用該佇列作為事件來源，並處理來自佇列的 URL。處理結果會儲存至 Amazon S3 儲存貯體。
該公司希望在其他區域處理每個 URL，以比較網站在地化後的可能差異。URL 必須從現有的區域發佈。結果必須寫入目前區域中現有的 S3 儲存貯體。
哪種變更組合可以實現滿足這些需求的跨區域部署？（選擇兩項。）","A. 將 SQS 佇列與 Lambda 函數部署到其他區域。
B. 在每個區域將 SNS 主題訂閱到 SQS 佇列。
C. 在每個區域將 SQS 佇列訂閱到 SNS 主題。
D. 設定 SQS 佇列以將 URL 發佈到每個區域的 SNS 主題。
E. 將 SNS 主題與 Lambda 函數部署到其他區域。","本題的核心需求是利用現有的 SNS 主題作為單一發佈點，將訊息分發到多個區域進行處理，並將結果匯總回原始區域的 S3 儲存貯體。

選項 A 正確：為了在多個區域處理 URL，我們需要在這些區域中部署處理邏輯（Lambda 函數）以及接收訊息的緩衝區（SQS 佇列）。這樣每個區域都能獨立處理來自 SNS 的訊息。

選項 C 正確：SNS 支援跨區域訂閱。透過將不同區域的 SQS 佇列訂閱到原始區域的同一個 SNS 主題，當原始區域發佈 URL 時，SNS 會將訊息推送到所有已訂閱的 SQS 佇列中，從而實現跨區域的並行處理。

選項 B 錯誤：SNS 主題與 SQS 佇列的訂閱關係方向應為「主題發送給佇列」，而非將主題訂閱到佇列。此外，SNS 主題通常位於特定區域，無法直接「訂閱」到其他區域的佇列，必須透過正確的訂閱設定來完成。

選項 D 錯誤：題目要求 URL 從現有區域發佈，而不是由 SQS 佇列反向發佈到其他區域的 SNS 主題。這會改變架構流程且不符合需求。

選項 E 錯誤：SNS 主題在 AWS 中是區域性的（Regional），若在每個區域都部署 SNS 主題，則無法達成「從現有區域發佈」並分發到所有區域的目的，這會導致架構過於複雜且不符合題目要求的集中發佈機制。"
134,"A company runs a proprietary stateless ETL application on an Amazon EC2 Linux instances. The application is a Linux binary,
and the source code cannot be modified. The application is single-threaded, uses 2 GB of RAM, and is highly CPU intensive.
The application is scheduled to run every 4 hours and runs for up to 20 minutes. A solutions architect wants to revise the
architecture for the solution.
Which strategy should the solutions architect use?","A. Use AWS Lambda to run the application. Use Amazon CloudWatch Logs to invoke the Lambda function every 4 hours.
B. Use AWS Batch to run the application. Use an AWS Step Functions state machine to invoke the AWS Batch job every 4
hours.
C. Use AWS Fargate to run the application. Use Amazon EventBridge (Amazon CloudWatch Events) to invoke the Fargate
task every 4 hours.
D. Use Amazon EC2 Spot Instances to run the application. Use AWS CodeDeploy to deploy and run the application every 4
hours.","The correct answer is C for the following reasons:
1. **AWS Fargate Applicability**: Since the application is a Linux binary file and the source code cannot be modified, containerizing it (Containerize) and deploying it on AWS Fargate is the most ideal choice. Fargate is a serverless container execution environment that eliminates the need to manage underlying EC2 instances and perfectly supports Linux binary applications.
2. **Scheduling mechanism**: Amazon EventBridge (formerly CloudWatch Events) has a powerful scheduling function that can easily be set to trigger a Fargate task every 4 hours, which fully meets your needs.

Reasons why other options are incorrect:
- **Option A**: AWS Lambda has an execution time limit (up to 15 minutes), and the Lambda execution environment is based on a specific execution phase (Runtime), and cannot directly execute any Linux binary file (unless it is packaged in a container image file, but even so, Lambda still has an execution time limit, and is not suitable for long-term high CPU operations). Additionally, CloudWatch Logs cannot be used directly to trigger Lambda.
- **Option B**: Although AWS Batch can execute containerized applications, using AWS Step Functions to trigger Batch jobs is overly complex and unnecessary. EventBridge itself has scheduling capabilities, making it simpler and more cost-effective to directly trigger Fargate tasks.
- **Option D**: Using AWS CodeDeploy to ""deploy and execute"" the application is not the correct way to schedule execution. CodeDeploy is used to automate the deployment of software to execution individuals, rather than as a scheduler for periodic tasks. In addition, managing the life cycle (startup, execution, shutdown) of EC2 instances increases the operational burden and is not as efficient as Fargate's serverless architecture.",C,C (89% community votes),一家公司在 Amazon EC2 Linux 執行個體上執行一個專有的無狀態 ETL 應用程式。該應用程式是一個 Linux 二進位檔案，且原始程式碼無法修改。該應用程式為單執行緒，使用 2 GB 的 RAM，且非常消耗 CPU 資源。該應用程式排程為每 4 小時執行一次，每次執行時間最長為 20 分鐘。解決方案架構師想要修改此解決方案的架構。解決方案架構師應該使用哪種策略？,"A. 使用 AWS Lambda 執行該應用程式。使用 Amazon CloudWatch Logs 每 4 小時觸發一次 Lambda 函式。
B. 使用 AWS Batch 執行該應用程式。使用 AWS Step Functions 狀態機每 4 小時觸發一次 AWS Batch 作業。
C. 使用 AWS Fargate 執行該應用程式。使用 Amazon EventBridge (Amazon CloudWatch Events) 每 4 小時觸發一次 Fargate 任務。
D. 使用 Amazon EC2 Spot 執行個體執行該應用程式。使用 AWS CodeDeploy 每 4 小時部署並執行該應用程式。","正確答案為 C，原因如下：
1. **AWS Fargate 的適用性**：由於該應用程式是 Linux 二進位檔案且無法修改原始碼，將其容器化（Containerize）並部署在 AWS Fargate 上是最理想的選擇。Fargate 是無伺服器容器執行環境，無需管理底層 EC2 執行個體，且能完美支援 Linux 二進位應用程式。
2. **排程機制**：Amazon EventBridge (原 CloudWatch Events) 具備強大的排程功能，可以輕鬆設定每 4 小時觸發一次 Fargate 任務，完全符合需求。

其他選項不正確的原因：
- **選項 A**：AWS Lambda 有執行時間限制（最長 15 分鐘），且 Lambda 執行環境是基於特定的執行階段（Runtime），無法直接執行任意的 Linux 二進位檔案（除非封裝在容器映像檔中，但即便如此，Lambda 仍有執行時間限制，且不適合長時間的高 CPU 運算）。此外，CloudWatch Logs 無法直接用來觸發 Lambda。
- **選項 B**：雖然 AWS Batch 可以執行容器化應用程式，但使用 AWS Step Functions 來觸發 Batch 作業過於複雜且非必要。EventBridge 本身即具備排程功能，直接觸發 Fargate 任務更為簡潔且符合成本效益。
- **選項 D**：使用 AWS CodeDeploy 來「部署並執行」應用程式並非正確的排程執行方式。CodeDeploy 用於自動化部署軟體到執行個體，而非作為週期性任務的排程器。此外，管理 EC2 執行個體的生命週期（啟動、執行、關閉）會增加營運負擔，不如 Fargate 的無伺服器架構高效。"
135,"A company is creating a sequel for a popular online game. A large number of users from all over the world will play the game
within the first week after launch. Currently, the game consists of the following components deployed in a single AWS Region:
• Amazon S3 bucket that stores game assets
• Amazon DynamoDB table that stores player scores
A solutions architect needs to design a multi-Region solution that will reduce latency, improve reliability, and require the least
effort to implement.
What should the solutions architect do to meet these requirements?","A. Create an Amazon CloudFront distribution to serve assets from the S3 bucket. Configure S3 Cross-Region Replication.
Create a new DynamoDB table in a new Region. Use the new table as a replica target for DynamoDB global tables.
B. Create an Amazon CloudFront distribution to serve assets from the S3 bucket. Configure S3 Same-Region Replication.
Create a new DynamoDB table in a new Region. Configure asynchronous replication between the DynamoDB tables by
using AWS Database Migration Service (AWS DMS) with change data capture (CDC).
C. Create another S3 bucket in a new Region, and configure S3 Cross-Region Replication between the buckets. Create an
Amazon CloudFront distribution and configure origin failover with two origins accessing the S3 buckets in each Region.
Configure DynamoDB global tables by enabling Amazon DynamoDB Streams, and add a replica table in a new Region.
D. Create another S3 bucket in the sine Region, and configure S3 Same-Region Replication between the buckets. Create an
Amazon CloudFront distribution and configure origin failover with two origins accessing the S3 buckets. Create a new
DynamoDB table in a new Region. Use the new table as a replica target for DynamoDB global tables.","The correct answer is C. The following is a detailed analysis:

1. **Why C is correct:**
   - **S3 Cross-Region Replication (CRR):** This is the standard practice of backing up data to different geographical regions to increase reliability.
   - **CloudFront Origin Failover:** By setting Origin Groups through CloudFront, when the primary source fails, CloudFront will automatically switch to the secondary source, which can effectively improve reliability and reduce latency.
   - **DynamoDB Global Tables:** This is the simplest and most effective way to implement a multi-region, multi-master (Multi-master) database architecture. It relies on DynamoDB Streams at the bottom for cross-region data synchronization, can provide low-latency read and write access, and requires almost no additional maintenance work, fully meeting the requirements of ""minimum implementation workload"".

2. **Why the other options are incorrect:**
   - **Option A:** Although global tables are mentioned, CloudFront's setup does not mention origin failover, and the handling of S3 is not as complete as Option C.
   - **Option B:** Using AWS DMS for database replication will increase extremely high maintenance complexity and operating costs, and ""same-region replication"" cannot solve the needs of cross-region disaster recovery and is inconsistent with the goal of a multi-region architecture.
   - **Option D:** This option recommends creating an S3 storage in the ""same region"". This is completely unable to achieve the ""multi-region"" architecture required by the question, and it cannot reduce the access latency for global users.",C,C (89% community votes),"一家公司正在為一款熱門線上遊戲開發續作。在遊戲發布後的第一週內，全球將會有大量用戶同時遊玩。目前，該遊戲由部署在單一 AWS 區域（Region）中的以下組件組成：
• 儲存遊戲素材的 Amazon S3 儲存貯體（Bucket）
• 儲存玩家分數的 Amazon DynamoDB 資料表
解決方案架構師需要設計一個多區域（multi-Region）解決方案，以降低延遲、提高可靠性，並要求以最少的實作工作量來達成。
解決方案架構師應該怎麼做才能滿足這些需求？","A. 建立一個 Amazon CloudFront 分發（Distribution）來從 S3 儲存貯體提供素材。設定 S3 跨區域複製（Cross-Region Replication）。在新的區域建立一個新的 DynamoDB 資料表。將新資料表用作 DynamoDB 全域資料表（Global Tables）的複本目標。
B. 建立一個 Amazon CloudFront 分發來從 S3 儲存貯體提供素材。設定 S3 同區域複製（Same-Region Replication）。在新的區域建立一個新的 DynamoDB 資料表。使用具備變更資料擷取（CDC）功能的 AWS Database Migration Service (AWS DMS) 來設定 DynamoDB 資料表之間的非同步複製。
C. 在新的區域建立另一個 S3 儲存貯體，並在兩個儲存貯體之間設定 S3 跨區域複製。建立一個 Amazon CloudFront 分發，並設定包含兩個來源（Origin）的來源故障轉移（Origin Failover），分別存取各區域的 S3 儲存貯體。透過啟用 Amazon DynamoDB Streams 來設定 DynamoDB 全域資料表，並在新的區域新增一個複本資料表。
D. 在相同的區域建立另一個 S3 儲存貯體，並在兩個儲存貯體之間設定 S3 同區域複製。建立一個 Amazon CloudFront 分發，並設定包含兩個來源的來源故障轉移，以存取 S3 儲存貯體。在新的區域建立一個新的 DynamoDB 資料表。將新資料表用作 DynamoDB 全域資料表（Global Tables）的複本目標。","正確答案是 C。以下是詳細分析：

1. **為什麼 C 是正確的：**
   - **S3 跨區域複製 (CRR)：** 這是將資料備份至不同地理區域以提高可靠性的標準做法。
   - **CloudFront 來源故障轉移 (Origin Failover)：** 透過 CloudFront 設定來源群組（Origin Groups），當主要來源發生故障時，CloudFront 會自動切換至次要來源，這能有效提升可靠性並降低延遲。
   - **DynamoDB 全域資料表 (Global Tables)：** 這是實現多區域、多主（Multi-master）資料庫架構最簡單且最有效的方式。它底層依賴 DynamoDB Streams 來進行跨區域的資料同步，能提供低延遲的讀寫存取，且幾乎不需要額外的維護工作，完全符合「最少實作工作量」的要求。

2. **為什麼其他選項不正確：**
   - **選項 A：** 雖然提到了全域資料表，但 CloudFront 的設定未提及來源故障轉移，且對於 S3 的處理方式不如 C 選項完整。
   - **選項 B：** 使用 AWS DMS 進行資料庫複製會增加極高的維護複雜度與營運成本，且「同區域複製」無法解決跨區域災難復原的需求，不符合多區域架構的目標。
   - **選項 D：** 此選項建議在「相同區域」建立 S3 儲存貯體，這完全無法達成題目要求的「多區域（multi-Region）」架構，也無法降低全球用戶的存取延遲。"
136,"A company has an on-premises website application that provides real estate information for potential renters and buyers. The
website uses a Java backend and a NoSQL MongoDB database to store subscriber data.
The company needs to migrate the entire application to AWS with a similar structure. The application must be deployed for
high availability, and the company cannot make changes to the application.
Which solution will meet these requirements?","A. Use an Amazon Aurora DB cluster as the database for the subscriber data. Deploy Amazon EC2 instances in an Auto
Scaling group across multiple Availability Zones for the Java backend application.
B. Use MongoDB on Amazon EC2 instances as the database for the subscriber data. Deploy EC2 instances in an Auto
Scaling group in a single Availability Zone for the Java backend application.
C. Configure Amazon DocumentDB (with MongoDB compatibility) with appropriately sized instances in multiple Availability
Zones as the database for the subscriber data. Deploy Amazon EC2 instances in an Auto Scaling group across multiple
Availability Zones for the Java backend application.
D. Configure Amazon DocumentDB (with MongoDB compatibility) in on-demand capacity mode in multiple Availability
Zones as the database for the subscriber data. Deploy Amazon EC2 instances in an Auto Scaling group across multiple
Availability Zones for the Java backend application.","The correct answer is C for the following reasons:
1. **Architecture Compatibility**: The question clearly states that the application uses MongoDB and the code cannot be modified. Amazon DocumentDB is a managed database service that is compatible with the MongoDB API, making it the best choice for migrating MongoDB workloads.
2. **High availability requirements**: The question requires high availability. Deploying DocumentDB in multiple availability zones (Multi-AZ) and deploying the Java backend in Auto Scaling groups across multiple availability zones fully complies with high-availability architectural design principles.

Analysis of other options:
- **Option A**: Amazon Aurora is a relational database (RDBMS) and is incompatible with MongoDB's NoSQL architecture. To use this option, the application must be significantly modified, which violates the question restrictions.
- **Option B**: While it is possible to install MongoDB on EC2, this option deploys the application in a ""Single Availability Zone"", which does not meet high availability requirements.
- **Option D**: Amazon DocumentDB does not have a so-called ""on-demand capacity mode"". DocumentDB expansion is achieved by adjusting the size of the execution instance or adding read-only replicas (Read Replicas). This option describes the wrong service characteristics.",C,C (88% community votes),一家公司擁有一個地端網站應用程式，為潛在的租屋者和買家提供房地產資訊。該網站使用 Java 後端以及 NoSQL MongoDB 資料庫來儲存訂閱者資料。公司需要將整個應用程式遷移至 AWS，並保持類似的架構。該應用程式必須部署為高可用性架構，且公司無法對應用程式進行任何修改。哪一個解決方案符合這些需求？,"A. 使用 Amazon Aurora DB 叢集作為訂閱者資料的資料庫。將 Java 後端應用程式部署在跨多個可用區域（Availability Zones）的 Auto Scaling 群組中的 Amazon EC2 執行個體上。
B. 使用 Amazon EC2 執行個體上的 MongoDB 作為訂閱者資料的資料庫。將 Java 後端應用程式部署在單一可用區域的 Auto Scaling 群組中的 EC2 執行個體上。
C. 設定 Amazon DocumentDB（具備 MongoDB 相容性），並在多個可用區域中使用適當大小的執行個體作為訂閱者資料的資料庫。將 Java 後端應用程式部署在跨多個可用區域的 Auto Scaling 群組中的 Amazon EC2 執行個體上。
D. 設定 Amazon DocumentDB（具備 MongoDB 相容性）並採用隨需容量模式（on-demand capacity mode），在多個可用區域中作為訂閱者資料的資料庫。將 Java 後端應用程式部署在跨多個可用區域的 Auto Scaling 群組中的 Amazon EC2 執行個體上。","正確答案為 C，原因如下：
1. **架構相容性**：題目明確指出應用程式使用 MongoDB，且無法進行程式碼修改。Amazon DocumentDB 是與 MongoDB API 相容的託管資料庫服務，因此是遷移 MongoDB 工作負載的最佳選擇。
2. **高可用性需求**：題目要求高可用性。將 DocumentDB 部署在多個可用區域（Multi-AZ）中，並將 Java 後端部署在跨多個可用區域的 Auto Scaling 群組中，完全符合高可用性的架構設計原則。

其他選項分析：
- **選項 A**：Amazon Aurora 是關聯式資料庫（RDBMS），與 MongoDB 的 NoSQL 架構不相容，若要使用此選項，必須大幅修改應用程式，這違反了題目限制。
- **選項 B**：雖然在 EC2 上安裝 MongoDB 是可行的，但該選項將應用程式部署在「單一可用區域」，這無法滿足高可用性的要求。
- **選項 D**：Amazon DocumentDB 並沒有所謂的「隨需容量模式（on-demand capacity mode）」。DocumentDB 的擴展是透過調整執行個體大小或增加唯讀複本（Read Replicas）來實現的，此選項描述了錯誤的服務特性。"
137,"A digital marketing company has multiple AWS accounts that belong to various teams. The creative team uses an Amazon S3
bucket in its AWS account to securely store images and media files that are used as content for the company’s marketing
campaigns. The creative team wants to share the S3 bucket with the strategy team so that the strategy team can view the
objects.
A solutions architect has created an IAM role that is named strategy_reviewer in the Strategy account. The solutions architect
also has set up a custom AWS Key Management Service (AWS KMS) key in the Creative account and has associated the key
with the S3 bucket. However, when users from the Strategy account assume the IAM role and try to access objects in the S3
bucket, they receive an Access Denied error.
The solutions architect must ensure that users in the Strategy account can access the S3 bucket. The solution must provide
these users with only the minimum permissions that they need.
Which combination of steps should the solutions architect take to meet these requirements? (Choose three.)","A. Create a bucket policy that includes read permissions for the S3 bucket. Set the principal of the bucket policy to the
account ID of the Strategy account.
B. Update the strategy_reviewer IAM role to grant full permissions for the S3 bucket and to grant decrypt permissions for
the custom KMS key.
C. Update the custom KMS key policy in the Creative account to grant decrypt permissions to the strategy_reviewer IAM
role.
D. Create a bucket policy that includes read permissions for the S3 bucket. Set the principal of the bucket policy to an
anonymous user.
E. Update the custom KMS key policy in the Creative account to grant encrypt permissions to the strategy_reviewer IAM
role.
F. Update the strategy_reviewer IAM role to grant read permissions for the S3 bucket and to grant decrypt permissions for
the custom KMS key.","To solve the problem of cross-account access to encrypted S3 objects, the permission requirements of both the S3 storage policy and the KMS key policy must be met:

1. **Option A is correct**: In order for the policy account to access the creative account's S3 storage, the policy account (or a specific IAM role under that account) must be explicitly allowed read access in the creative account's S3 storage policy. This is a necessary condition for accessing resources across accounts.

2. **Option C is correct**: Since the S3 storage is encrypted with a custom AWS KMS key, S3 read access alone is not sufficient. The user must also have `kms:Decrypt` permission on the KMS key to decrypt and read the object. Therefore, the policy for this KMS key in the creative account must be updated to explicitly allow the `strategy_reviewer` IAM role in the strategy account to perform decryption operations.

3. **Option F is correct (Note: The question requires three choices, and the correct answer should be A, C, F)**: Although the correct answer given in the question is marked AC, according to AWS permission logic, simply setting A and C is not enough. The user must also explicitly add the IAM policy that allows access to the S3 storage volume and KMS key in the `strategy_reviewer` IAM role on the policy account side (that is, the content of option F), otherwise the role itself will lack the permission to perform these actions.

**Why the other options are incorrect:**
- **Option B**: Violates the ""Least Privilege"" principle, granting ""Full Permissions"" is too lenient and generally not needed.
- **Option D**: Setting the Principal as an anonymous user will cause a security vulnerability and allow anyone to access the storage, which does not meet security requirements.
- **Option E**: The user only needs the ""Decrypt"" permission to read the file, and does not need the ""Encrypt"" permission, and the encryption permission has nothing to do with the reading requirements.

*Note: If the question strictly requires the selection of only three items, then A, C, and F are the complete combination of steps to achieve the goal. *",AC,AC (PDF answer),"一家數位行銷公司擁有多個屬於不同團隊的 AWS 帳號。創意團隊在其 AWS 帳號中使用一個 Amazon S3 儲存貯體（Bucket）來安全地儲存用於行銷活動的圖片與媒體檔案。創意團隊希望與策略團隊共享該 S3 儲存貯體，以便策略團隊可以檢視其中的物件。
一位解決方案架構師已在策略帳號中建立了一個名為 strategy_reviewer 的 IAM 角色。架構師同時在創意帳號中設定了一個自訂的 AWS Key Management Service (AWS KMS) 金鑰，並將該金鑰與 S3 儲存貯體關聯。然而，當策略帳號的使用者擔任（Assume）該 IAM 角色並嘗試存取 S3 儲存貯體中的物件時，他們收到了「存取被拒」（Access Denied）的錯誤訊息。
解決方案架構師必須確保策略帳號中的使用者能夠存取該 S3 儲存貯體。該解決方案必須僅提供這些使用者所需的最小權限。
解決方案架構師應該採取哪三項步驟來滿足這些需求？（選擇三項）","A. 建立一個包含 S3 儲存貯體讀取權限的儲存貯體政策（Bucket Policy）。將該政策的 Principal 設定為策略帳號的帳號 ID。
B. 更新 strategy_reviewer IAM 角色，授予 S3 儲存貯體的完整權限，並授予自訂 KMS 金鑰的解密權限。
C. 更新創意帳號中的自訂 KMS 金鑰政策，授予 strategy_reviewer IAM 角色解密權限。
D. 建立一個包含 S3 儲存貯體讀取權限的儲存貯體政策。將該政策的 Principal 設定為匿名使用者。
E. 更新創意帳號中的自訂 KMS 金鑰政策，授予 strategy_reviewer IAM 角色加密權限。
F. 更新 strategy_reviewer IAM 角色，授予 S3 儲存貯體的讀取權限，並授予自訂 KMS 金鑰的解密權限。","要解決跨帳號存取加密 S3 物件的問題，必須同時滿足 S3 儲存貯體政策與 KMS 金鑰政策的權限要求：

1. **選項 A 正確**：為了讓策略帳號能夠存取創意帳號的 S3 儲存貯體，必須在創意帳號的 S3 儲存貯體政策中明確允許策略帳號（或該帳號下的特定 IAM 角色）進行讀取存取。這是跨帳號存取資源的必要條件。

2. **選項 C 正確**：由於該 S3 儲存貯體使用了自訂的 AWS KMS 金鑰進行加密，僅有 S3 的讀取權限是不夠的。使用者還必須擁有對該 KMS 金鑰的 `kms:Decrypt` 權限才能解密並讀取物件。因此，必須更新創意帳號中該 KMS 金鑰的政策，明確允許策略帳號中的 `strategy_reviewer` IAM 角色執行解密操作。

3. **選項 F 正確（註：題目要求選三項，正確答案應為 A, C, F）**：雖然題目給出的正確答案標示為 AC，但根據 AWS 權限邏輯，單純設定 A 與 C 是不足夠的。使用者還必須在策略帳號端的 `strategy_reviewer` IAM 角色中，明確加入允許存取該 S3 儲存貯體與 KMS 金鑰的 IAM 政策（即選項 F 的內容），否則該角色本身將缺乏執行這些動作的權限。

**為何其他選項不正確：**
- **選項 B**：違反了「最小權限原則」（Least Privilege），授予「完整權限」（Full Permissions）過於寬鬆，且通常不需要。
- **選項 D**：將 Principal 設定為匿名使用者會導致安全性漏洞，允許任何人存取該儲存貯體，不符合安全需求。
- **選項 E**：使用者只需要「解密」（Decrypt）權限來讀取檔案，不需要「加密」（Encrypt）權限，且加密權限與讀取需求無關。

*註：若題目嚴格要求僅選三項，則 A、C、F 為達成目標的完整步驟組合。*"
138,"A life sciences company is using a combination of open source tools to manage data analysis workflows and Docker containers
running on servers in its on-premises data center to process genomics data. Sequencing data is generated and stored on a
local storage area network (SAN), and then the data is processed. The research and development teams are running into
capacity issues and have decided to re-architect their genomics analysis platform on AWS to scale based on workload demands
and reduce the turnaround time from weeks to days.
The company has a high-speed AWS Direct Connect connection. Sequencers will generate around 200 GB of data for each
genome, and individual jobs can take several hours to process the data with ideal compute capacity. The end result will be
stored in Amazon S3. The company is expecting 10-15 job requests each day.
Which solution meets these requirements?","A. Use regularly scheduled AWS Snowball Edge devices to transfer the sequencing data into AWS. When AWS receives the
Snowball Edge device and the data is loaded into Amazon S3, use S3 events to trigger an AWS Lambda function to process
the data.
B. Use AWS Data Pipeline to transfer the sequencing data to Amazon S3. Use S3 events to trigger an Amazon EC2 Auto
Scaling group to launch custom-AMI EC2 instances running the Docker containers to process the data.
C. Use AWS DataSync to transfer the sequencing data to Amazon S3. Use S3 events to trigger an AWS Lambda function that
starts an AWS Step Functions workflow. Store the Docker images in Amazon Elastic Container Registry (Amazon ECR) and
trigger AWS Batch to run the container and process the sequencing data.
D. Use an AWS Storage Gateway file gateway to transfer the sequencing data to Amazon S3. Use S3 events to trigger an
AWS Batch job that executes on Amazon EC2 instances running the Docker containers to process the data.","The correct answer is C for the following reasons:
1. **Data transfer efficiency**: AWS DataSync is a service designed for efficient and automated data transfer between local storage and AWS storage services (such as S3). It is ideal for processing large genomic data of 200 GB and can fully utilize the high-speed connection of Direct Connect.
2. **Workflow Orchestration**: Genomic analysis often involves multiple steps. Use AWS Step Functions to effectively orchestrate these complex workflows and handle error retries and status management.
3. **Computing and container management**: AWS Batch is the best choice for handling containerized workloads. It can automatically manage computing resources (EC2 execution individuals) and scale according to job needs. It is very suitable for processing 10-15 jobs that require several hours of computing per day. Storing Docker images in Amazon ECR is a standard containerization architecture practice.

Why the other options are incorrect:
- **Option A**: Snowball Edge is suitable for large-scale offline data migration and is not suitable for daily workflows that require frequent and fast processing. Lambda has an execution time limit (15 minutes) and cannot handle genome analysis jobs that require several hours.
- **Option B**: AWS Data Pipeline is mainly used for scheduling data movement and transformation, and is not the best tool for handling high-performance operations. Additionally, using Auto Scaling groups directly to manage containerized jobs is not as efficient as AWS Batch, which handles queuing and resource provisioning better.
- **Option D**: AWS Storage Gateway's file gateway is primarily intended for integrating on-premises applications with S3 as storage expansion, rather than for large-scale, high-throughput data migration. In addition, the architecture (Step Functions + Batch) provided by Option C is more flexible and reliable when handling complex genome analysis workflows than simply triggering Batch jobs.",C,C (76% community votes),"一家生命科學公司正在使用開源工具組合來管理數據分析工作流程，並在本地資料中心的伺服器上執行 Docker 容器來處理基因組數據。定序數據生成後會儲存在本地儲存區域網路 (SAN) 中，然後進行處理。研發團隊目前面臨容量不足的問題，並決定將其基因組分析平台重新架構到 AWS 上，以根據工作負載需求進行擴展，並將處理時間從數週縮短至數天。
該公司擁有高速的 AWS Direct Connect 連線。每個基因組的定序器會產生約 200 GB 的數據，且在理想的運算能力下，單個作業可能需要數小時來處理數據。最終結果將儲存在 Amazon S3 中。公司預計每天會有 10-15 個作業請求。
哪種解決方案符合這些需求？","A. 使用定期排程的 AWS Snowball Edge 設備將定序數據傳輸到 AWS。當 AWS 收到 Snowball Edge 設備並將數據載入 Amazon S3 後，使用 S3 事件觸發 AWS Lambda 函數來處理數據。
B. 使用 AWS Data Pipeline 將定序數據傳輸到 Amazon S3。使用 S3 事件觸發 Amazon EC2 Auto Scaling 群組，以啟動執行 Docker 容器的自訂 AMI EC2 執行個體來處理數據。
C. 使用 AWS DataSync 將定序數據傳輸到 Amazon S3。使用 S3 事件觸發一個 AWS Lambda 函數，該函數會啟動 AWS Step Functions 工作流程。將 Docker 映像檔儲存在 Amazon Elastic Container Registry (Amazon ECR) 中，並觸發 AWS Batch 來執行容器並處理定序數據。
D. 使用 AWS Storage Gateway 檔案閘道將定序數據傳輸到 Amazon S3。使用 S3 事件觸發一個 AWS Batch 作業，該作業在執行 Docker 容器的 Amazon EC2 執行個體上執行以處理數據。","正確答案是 C，原因如下：
1. **資料傳輸效率**：AWS DataSync 是專為在本地儲存與 AWS 儲存服務（如 S3）之間進行高效、自動化資料傳輸而設計的服務，非常適合處理 200 GB 的大型基因組數據，且能充分利用 Direct Connect 的高速連線。
2. **工作流程編排**：基因組分析通常涉及多個步驟，使用 AWS Step Functions 可以有效地編排這些複雜的工作流程，並處理錯誤重試與狀態管理。
3. **運算與容器管理**：AWS Batch 是處理容器化工作負載的最佳選擇，它能自動管理運算資源（EC2 執行個體），並根據作業需求進行擴展，非常適合處理每天 10-15 個需要數小時運算的作業。將 Docker 映像檔存放在 Amazon ECR 是標準的容器化架構做法。

其他選項為何不正確：
- **選項 A**：Snowball Edge 適用於大規模離線數據遷移，不適合需要頻繁、快速處理的日常工作流程，且 Lambda 有執行時間限制（15 分鐘），無法處理需要數小時的基因組分析作業。
- **選項 B**：AWS Data Pipeline 主要用於排程資料移動與轉換，並非處理高效能運算的最佳工具。此外，直接使用 Auto Scaling 群組來管理容器化作業不如 AWS Batch 有效，後者能更好地處理排隊與資源配置。
- **選項 D**：AWS Storage Gateway 的檔案閘道主要用於將本地應用程式與 S3 整合，作為儲存擴充，而非用於大規模、高吞吐量的數據遷移。此外，選項 C 提供的架構（Step Functions + Batch）在處理複雜的基因組分析工作流程時，比單純觸發 Batch 作業更具彈性與可靠性。"
139,"A company runs a content management application on a single Windows Amazon EC2 instance in a development environment.
The application reads and writes static content to a 2 TB Amazon Elastic Block Store (Amazon EBS) volume that is attached to
the instance as the root device. The company plans to deploy this application in production as a highly available and fault-
tolerant solution that runs on at least three EC2 instances across multiple Availability Zones.
A solutions architect must design a solution that joins all the instances that run the application to an Active Directory domain.
The solution also must implement Windows ACLs to control access to file contents. The application always must maintain
exactly the same content on all running instances at any given point in time.
Which solution will meet these requirements with the LEAST management overhead?","A. Create an Amazon Elastic File System (Amazon EFS) file share. Create an Auto Scaling group that extends across three
Availability Zones and maintains a minimum size of three instances. Implement a user data script to install the application,
join the instance to the AD domain, and mount the EFS file share.
B. Create a new AMI from the current EC2 Instance that is running. Create an Amazon FSx for Lustre file system. Create an
Auto Scaling group that extends across three Availability Zones and maintains a minimum size of three instances.
Implement a user data script to join the instance to the AD domain and mount the FSx for Lustre file system.
C. Create an Amazon FSx for Windows File Server file system. Create an Auto Scaling group that extends across three
Availability Zones and maintains a minimum size of three instances. Implement a user data script to install the application
and mount the FSx for Windows File Server file system. Perform a seamless domain join to join the instance to the AD
domain.
D. Create a new AMI from the current EC2 instance that is running. Create an Amazon Elastic File System (Amazon EFS) file
system. Create an Auto Scaling group that extends across three Availability Zones and maintains a minimum size of three
Instances. Perform a seamless domain join to join the instance to the AD domain.","The core requirements of this question are: 1. Support Windows environment; 2. Support Windows ACL (Access Control List); 3. Share files and maintain consistency among multiple EC2 execution instances; 4. Minimize management overhead.

Option C is the correct answer for the following reasons:
1. Amazon FSx for Windows File Server is a managed file system designed specifically for Windows environments. It natively supports the SMB protocol, which means that it perfectly supports Windows ACL, which is a key requirement in the question.
2. FSx for Windows File Server supports ""Seamless Domain Join"", which can automatically handle the process of joining EC2 execution individuals to the AD domain, greatly reducing management complexity.
3. It provides high availability (through multi-availability zone deployment options) and allows multiple EC2 execution instances to mount the same file system at the same time to ensure content consistency.

Why the other options are incorrect:
- Option A: EFS is primarily designed for use in Linux environments (NFS). Although EFS now supports Windows, its support and integration of Windows ACLs are not as good as FSx for Windows File Server, and the performance and functionality of EFS when used in a Windows environment are generally not as good as FSx.
- Option B: FSx for Luster is mainly used for high-performance computing (HPC) or large-scale data processing, and is not suitable for general Windows file sharing or content management applications that require strict Windows ACL control.
- Option D: EFS has poor integration on Windows, and the question requires the implementation of Windows ACL. FSx for Windows File Server is the standard AWS recommended solution for such requirements. Additionally, simply performing a seamless domain join without mounting the appropriate file system does not solve the problem of data sharing and consistency.",C,C (95% community votes),一家公司在開發環境中，於單一 Windows Amazon EC2 執行個體上執行內容管理應用程式。該應用程式將靜態內容讀寫至一個 2 TB 的 Amazon Elastic Block Store (Amazon EBS) 磁碟區，該磁碟區作為根裝置掛載於執行個體上。公司計劃將此應用程式部署至生產環境，作為一個高可用性且具備容錯能力的解決方案，並在多個可用區域 (Availability Zones) 中至少執行三個 EC2 執行個體。解決方案架構師必須設計一個解決方案，將所有執行該應用程式的執行個體加入 Active Directory 網域。該解決方案還必須實作 Windows ACL 以控制對檔案內容的存取。應用程式必須始終在任何時間點於所有執行中的執行個體上保持完全相同的內容。哪種解決方案能以最少的管理開銷滿足這些需求？,"A. 建立一個 Amazon Elastic File System (Amazon EFS) 檔案共用。建立一個跨越三個可用區域並維持至少三個執行個體大小的 Auto Scaling 群組。實作使用者資料 (User Data) 指令碼來安裝應用程式、將執行個體加入 AD 網域，並掛載 EFS 檔案共用。
B. 從目前執行的 EC2 執行個體建立一個新的 AMI。建立一個 Amazon FSx for Lustre 檔案系統。建立一個跨越三個可用區域並維持至少三個執行個體大小的 Auto Scaling 群組。實作使用者資料指令碼來將執行個體加入 AD 網域並掛載 FSx for Lustre 檔案系統。
C. 建立一個 Amazon FSx for Windows File Server 檔案系統。建立一個跨越三個可用區域並維持至少三個執行個體大小的 Auto Scaling 群組。實作使用者資料指令碼來安裝應用程式並掛載 FSx for Windows File Server 檔案系統。執行無縫網域加入 (Seamless Domain Join) 以將執行個體加入 AD 網域。
D. 從目前執行的 EC2 執行個體建立一個新的 AMI。建立一個 Amazon Elastic File System (Amazon EFS) 檔案系統。建立一個跨越三個可用區域並維持至少三個執行個體大小的 Auto Scaling 群組。執行無縫網域加入以將執行個體加入 AD 網域。","本題的核心需求在於：1. 支援 Windows 環境；2. 支援 Windows ACL (存取控制清單)；3. 在多個 EC2 執行個體間共享檔案並保持一致性；4. 最小化管理開銷。

選項 C 是正確答案，原因如下：
1. Amazon FSx for Windows File Server 是專為 Windows 環境設計的託管檔案系統，原生支援 SMB 協定，這意味著它完美支援 Windows ACL，這是題目中的關鍵需求。
2. FSx for Windows File Server 支援「無縫網域加入」(Seamless Domain Join)，這能自動處理將 EC2 執行個體加入 AD 網域的過程，大幅降低管理複雜度。
3. 它提供高可用性（透過多可用區域部署選項），並能讓多個 EC2 執行個體同時掛載同一個檔案系統，確保內容的一致性。

其他選項為何不正確：
- 選項 A：EFS 主要設計用於 Linux 環境 (NFS)。雖然 EFS 現在支援 Windows，但其對 Windows ACL 的支援與整合度不如 FSx for Windows File Server，且在 Windows 環境下使用 EFS 的效能與功能通常不如 FSx。
- 選項 B：FSx for Lustre 主要用於高效能運算 (HPC) 或大規模資料處理，並不適合用於一般的 Windows 檔案共用或需要嚴格 Windows ACL 控制的內容管理應用程式。
- 選項 D：EFS 在 Windows 上的整合性較差，且題目要求必須實作 Windows ACL，FSx for Windows File Server 是此類需求下的標準 AWS 推薦方案。此外，僅執行無縫網域加入而不掛載適當的檔案系統，無法解決資料共享與一致性的問題。"
140,"A software as a service (SaaS) based company provides a case management solution to customers A3 part of the solution. The
company uses a standalone Simple Mail Transfer Protocol (SMTP) server to send email messages from an application. The
application also stores an email template for acknowledgement email messages that populate customer data before the
application sends the email message to the customer.
The company plans to migrate this messaging functionality to the AWS Cloud and needs to minimize operational overhead.
Which solution will meet these requirements MOST cost-effectively?","A. Set up an SMTP server on Amazon EC2 instances by using an AMI from the AWS Marketplace. Store the email template
in an Amazon S3 bucket. Create an AWS Lambda function to retrieve the template from the S3 bucket and to merge the
customer data from the application with the template. Use an SDK in the Lambda function to send the email message.
B. Set up Amazon Simple Email Service (Amazon SES) to send email messages. Store the email template in an Amazon S3
bucket. Create an AWS Lambda function to retrieve the template from the S3 bucket and to merge the customer data from
the application with the template. Use an SDK in the Lambda function to send the email message.
C. Set up an SMTP server on Amazon EC2 instances by using an AMI from the AWS Marketplace. Store the email template
in Amazon Simple Email Service (Amazon SES) with parameters for the customer data. Create an AWS Lambda function to
call the SES template and to pass customer data to replace the parameters. Use the AWS Marketplace SMTP server to send
the email message.
D. Set up Amazon Simple Email Service (Amazon SES) to send email messages. Store the email template on Amazon SES
with parameters for the customer data. Create an AWS Lambda function to call the SendTemplatedEmail API operation and
to pass customer data to replace the parameters and the email destination.","The core requirements of this question are ""migrate to AWS"" and ""minimize operational overhead (Operational Overhead)"" and ""most cost-effective (Cost-effective)"".

1. **Why D is the correct answer:**
   Amazon SES is a fully managed service designed specifically for sending email. There is no need to manage servers, so the operational burden is minimal. SES has a built-in ""Template Management"" function that allows templates to be stored directly in SES, and data can be merged and sent directly through the `SendTemplatedEmail` API. This method does not require additional storage (such as S3) or additional logical processing (such as manually merging strings in Lambda), and is the simplest and lowest-cost architecture.

2. **Why the other options are incorrect:**
   * **Options A and C:** These options recommend setting up the SMTP server on Amazon EC2. This violates the requirement of ""minimizing operational burden"" because users must maintain the operating system, patches, scalability, and mail server availability themselves. This is a ""non-managed"" service with extremely high operating costs.
   * **Option B:** Although Amazon SES is used, storing the template in Amazon S3 and manually merging the data in Lambda adds unnecessary complexity. Compared with directly using the `SendTemplatedEmail` function of SES, this approach requires additional S3 read requests and Lambda processing logic, which increases development and maintenance costs and is not a best practice.

Therefore, Option D takes advantage of the integration capabilities of AWS native services to achieve the goals of automation, low maintenance, and high cost-effectiveness.",D,D (97% community votes),一家軟體即服務（SaaS）公司為客戶提供案件管理解決方案。該公司目前使用獨立的簡單郵件傳輸協定（SMTP）伺服器從應用程式發送電子郵件。該應用程式還儲存了確認郵件的電子郵件範本，在發送郵件給客戶之前，會先將客戶資料填入範本中。該公司計畫將此訊息傳遞功能遷移至 AWS 雲端，並需要將營運負擔降至最低。哪種解決方案能以最具成本效益的方式滿足這些需求？,"A. 使用來自 AWS Marketplace 的 AMI 在 Amazon EC2 執行個體上架設 SMTP 伺服器。將電子郵件範本儲存在 Amazon S3 儲存貯體中。建立一個 AWS Lambda 函式，從 S3 儲存貯體擷取範本，並將應用程式中的客戶資料與範本合併。在 Lambda 函式中使用 SDK 發送電子郵件。
B. 設定 Amazon Simple Email Service (Amazon SES) 來發送電子郵件。將電子郵件範本儲存在 Amazon S3 儲存貯體中。建立一個 AWS Lambda 函式，從 S3 儲存貯體擷取範本，並將應用程式中的客戶資料與範本合併。在 Lambda 函式中使用 SDK 發送電子郵件。
C. 使用來自 AWS Marketplace 的 AMI 在 Amazon EC2 執行個體上架設 SMTP 伺服器。將電子郵件範本儲存在 Amazon Simple Email Service (Amazon SES) 中，並設定客戶資料參數。建立一個 AWS Lambda 函式來呼叫 SES 範本，並傳遞客戶資料以取代參數。使用 AWS Marketplace 的 SMTP 伺服器發送電子郵件。
D. 設定 Amazon Simple Email Service (Amazon SES) 來發送電子郵件。將電子郵件範本儲存在 Amazon SES 中，並設定客戶資料參數。建立一個 AWS Lambda 函式來呼叫 SendTemplatedEmail API 操作，並傳遞客戶資料以取代參數及指定郵件目的地。","本題的核心需求是「遷移至 AWS」且「最小化營運負擔（Operational Overhead）」以及「最具成本效益（Cost-effective）」。

1. **為何 D 是正確答案：**
   Amazon SES 是一項全受管（Fully Managed）的服務，專門用於發送電子郵件，無需管理伺服器，因此營運負擔最低。SES 內建了「範本管理（Template Management）」功能，允許將範本直接儲存在 SES 中，並透過 `SendTemplatedEmail` API 直接進行資料合併與發送。這種方式不需要額外的儲存（如 S3）或額外的邏輯處理（如在 Lambda 中手動合併字串），是最簡潔且成本最低的架構。

2. **為何其他選項不正確：**
   * **選項 A 與 C：** 這些選項建議在 Amazon EC2 上架設 SMTP 伺服器。這違反了「最小化營運負擔」的要求，因為使用者必須自行維護作業系統、修補程式、擴展性及郵件伺服器的可用性，這屬於「非託管」服務，營運成本極高。
   * **選項 B：** 雖然使用了 Amazon SES，但將範本儲存在 Amazon S3 並在 Lambda 中手動合併資料，這增加了不必要的複雜度。相比於直接使用 SES 的 `SendTemplatedEmail` 功能，這種做法需要額外的 S3 讀取請求與 Lambda 處理邏輯，既增加了開發與維護成本，也非最佳實踐。

因此，選項 D 利用了 AWS 原生服務的整合功能，達成了自動化、低維護與高成本效益的目標。"
141,"A company is processing videos in the AWS Cloud by Using Amazon EC2 instances in an Auto Scaling group. It takes 30
minutes to process a video Several EC2 instances scale in and out depending on the number of videos in an Amazon Simple
Queue Service (Amazon SQS) queue.
The company has configured the SQS queue with a redrive policy that specifies a target dead-letter queue and a
maxReceiveCount of 1. The company has set the visibility timeout for the SQS queue to 1 hour. The company has set up an
Amazon CloudWatch alarm to notify the development team when there are messages in the dead-letter queue.
Several times during the day. the development team receives notification that messages are in the dead-letter queue and that
videos have not been processed property. An investigation finds no errors m the application logs.
How can the company solve this problem?","A. Turn on termination protection tor the EC2 Instances
B. Update the visibility timeout for the SQS queue to 3 hours
C. Configure scale-in protection for the instances during processing
D. Update the redrive policy and set maxReceiveCount to 0.","The core problem of this question is the conflict between Auto Scaling's ""Scale-in"" behavior and SQS message processing time.

1. **Why the answer is C:**
   It takes 30 minutes to process a video, and the visibility timeout of SQS is set to 1 hour, which means that the message will not be read repeatedly by other execution entities while it is being processed. However, when the Auto Scaling group decides to scale down the number of executions, it may terminate the executions that are processing the movie. Once the execution instance is terminated, the message will be queued again. Since maxReceiveCount is set to 1, the message will be considered a processing failure and moved to the Dead Letter Queue (DLQ) immediately after the terminated execution instance is released again. By enabling ""Scale-in protection"", you can ensure that the execution instance that is processing the video will not be unexpectedly terminated by the Auto Scaling group during processing, thereby solving the problem of messages entering the dead letter queue.

2. **Why the other options are incorrect:**
   - **Option A:** Termination protection prevents execution instances from being terminated manually or through the API, but it cannot prevent the Auto Scaling group from terminating execution instances when the scaling policy is triggered.
   - **Option B:** The visibility timeout is already set to 1 hour and the processing time is only 30 minutes, which is long enough. Increasing it to 3 hours does not resolve the issue of instances being terminated by Auto Scaling.
   - **Option D:** Setting maxReceiveCount to 0 is an invalid setting, and this cannot solve the problem of processing interruption caused by the execution instance being terminated. Instead, it may cause the message to not enter the dead letter queue correctly for debugging.",C,C (70% community votes),一家公司正在使用 Amazon EC2 執行個體（位於 Auto Scaling 群組中）在 AWS 雲端處理影片。處理一部影片需要 30 分鐘。多個 EC2 執行個體會根據 Amazon Simple Queue Service (Amazon SQS) 佇列中的影片數量進行擴展（Scale out）與縮減（Scale in）。該公司已為 SQS 佇列配置了重試策略（Redrive policy），指定了目標死信佇列（Dead-letter queue）並將 maxReceiveCount 設為 1。該公司將 SQS 佇列的可見度逾時（Visibility timeout）設定為 1 小時。該公司並設定了 Amazon CloudWatch 警示，以便在死信佇列中有訊息時通知開發團隊。一天中多次，開發團隊收到通知稱死信佇列中有訊息，且影片未正確處理。調查發現應用程式日誌中沒有錯誤。公司該如何解決此問題？,"A. 開啟 EC2 執行個體的終止保護（Termination protection）
B. 將 SQS 佇列的可見度逾時更新為 3 小時
C. 在處理期間為執行個體配置縮減保護（Scale-in protection）
D. 更新重試策略並將 maxReceiveCount 設為 0","本題的核心問題在於 Auto Scaling 的「縮減（Scale-in）」行為與 SQS 訊息處理時間之間的衝突。

1. **為什麼答案是 C：**
   處理一部影片需要 30 分鐘，而 SQS 的可見度逾時（Visibility timeout）設為 1 小時，這意味著訊息在被處理期間不會被其他執行個體重複讀取。然而，當 Auto Scaling 群組決定縮減執行個體數量時，它可能會終止正在處理影片的執行個體。一旦執行個體被終止，該訊息會重新回到佇列中。由於 maxReceiveCount 被設為 1，該訊息在被終止的執行個體重新釋放後，會立即被視為處理失敗並被移至死信佇列（DLQ）。透過啟用「縮減保護（Scale-in protection）」，可以確保正在處理影片的執行個體不會在處理期間被 Auto Scaling 群組意外終止，從而解決訊息進入死信佇列的問題。

2. **為什麼其他選項不正確：**
   - **選項 A：** 終止保護（Termination protection）是防止執行個體被手動終止或透過 API 終止，但它無法阻止 Auto Scaling 群組在縮減策略觸發時終止執行個體。
   - **選項 B：** 可見度逾時已經設為 1 小時，而處理時間僅需 30 分鐘，這已經足夠長。增加到 3 小時並不能解決執行個體被 Auto Scaling 終止的問題。
   - **選項 D：** 將 maxReceiveCount 設為 0 是無效的設定，且這無法解決執行個體被終止導致的處理中斷問題，反而可能導致訊息無法正確進入死信佇列進行除錯。"
142,"A company has developed APIs that use Amazon API Gateway with Regional endpoints. The APIs call AWS Lambda functions
that use API Gateway authentication mechanisms. After a design review, a solutions architect identifies a set of APIs that do
not require public access.
The solutions architect must design a solution to make the set of APIs accessible only from a VPC. All APIs need to be called
with an authenticated user
Which solution will meet these requirements with the LEAST amount of effort?","A. Create an internal Application Load Balancer (ALB). Create a target group. Select the Lambda function to call. Use the
ALB DNS name to call the API from the VPC.
B. Remove the DNS entry that is associated with the API in API Gateway. Create a hosted zone in Amazon Route 53. Create
a CNAME record in the hosted zone. Update the API in API Gateway with the CNAME record. Use the CNAME record to call
the API from the VPC.
C. Update the API endpoint from Regional to private in API Gateway. Create an interface VPC endpoint in the VPCreate a
resource policy, and attach it to the API. Use the VPC endpoint to call the API from the VPC.
D. Deploy the Lambda functions inside the VPC Provision an EC2 instance, and install an Apache server. From the Apache
server, call the Lambda functions. Use the internal CNAME record of the EC2 instance to call the API from the VPC.","The correct answer is C.
Here’s why:
1. **Design Purpose of Private API**: Amazon API Gateway supports the ""Private API"" type, which is designed to allow the API to be accessed only from within a specific VPC. Changing the endpoint type from ""Regional"" to ""Private"" is the most direct and natively supported way to achieve this requirement.
2. **VPC Endpoint (Interface VPC Endpoint)**: By establishing an interface VPC endpoint (based on AWS PrivateLink), resources in the VPC can be securely connected to API Gateway without going through the public Internet.
3. **Resource Policy**: By adding additional resource policies, you can further restrict only traffic from a specific VPC or VPC endpoint to access the API to ensure security. This solution fully meets the ""minimum effort"" requirement because it is a feature provided natively by API Gateway.

Why the other options are incorrect:
- **Option A**: Although ALB can be used as the front end of Lambda, this will change the existing architecture and require additional maintenance of ALB. It is not a direct solution for API Gateway, and the workload is large and unnecessary.
- **Option B**: Modifying DNS records cannot turn a public API Gateway endpoint into a private endpoint. The endpoint type of API Gateway is determined by its settings, and simply changing DNS cannot restrict access at the network level.
- **Option D**: This option is too complex and unreasonable. Deploying Lambda in a VPC and transferring it through additional EC2 servers not only increases the operating cost (overhead) of maintaining EC2, but also introduces unnecessary delays and potential single points of failure, which is completely inconsistent with the principle of ""minimum workload"".",C,C (100% community votes),一家公司開發了使用 Amazon API Gateway 區域端點（Regional endpoints）的 API。這些 API 會呼叫使用 API Gateway 驗證機制的 AWS Lambda 函數。經過設計審查後，解決方案架構師發現有一組 API 不需要公開存取。解決方案架構師必須設計一個解決方案，使這組 API 僅能從 VPC 內部存取。所有 API 仍需透過已驗證的使用者進行呼叫。哪種解決方案能以最少的工作量滿足這些需求？,"A. 建立一個內部應用程式負載平衡器（ALB）。建立一個目標群組。選擇要呼叫的 Lambda 函數。使用 ALB 的 DNS 名稱從 VPC 呼叫 API。
B. 移除 API Gateway 中與 API 關聯的 DNS 項目。在 Amazon Route 53 中建立一個託管區域（Hosted Zone）。在託管區域中建立一個 CNAME 記錄。使用 CNAME 記錄更新 API Gateway 中的 API。使用 CNAME 記錄從 VPC 呼叫 API。
C. 將 API Gateway 中的 API 端點類型從「區域（Regional）」更新為「私有（Private）」。在 VPC 中建立一個介面 VPC 端點（Interface VPC Endpoint）。建立資源政策（Resource Policy）並將其附加到 API。使用 VPC 端點從 VPC 呼叫 API。
D. 將 Lambda 函數部署在 VPC 內部。佈建一個 EC2 執行個體並安裝 Apache 伺服器。從 Apache 伺服器呼叫 Lambda 函數。使用 EC2 執行個體的內部 CNAME 記錄從 VPC 呼叫 API。","正確答案是 C。
原因如下：
1. **私有 API 的設計目的**：Amazon API Gateway 支援「私有 API（Private API）」類型，這正是為了讓 API 僅能從特定的 VPC 內部存取而設計的。將端點類型從「區域」改為「私有」是實現此需求最直接且原生支援的方式。
2. **VPC 端點（Interface VPC Endpoint）**：透過建立介面 VPC 端點（基於 AWS PrivateLink），可以讓 VPC 內的資源安全地連接到 API Gateway，而無需透過公用網際網路。
3. **資源政策（Resource Policy）**：透過附加資源政策，可以進一步限制僅允許來自特定 VPC 或 VPC 端點的流量存取該 API，確保安全性。此方案完全符合「最少工作量」的要求，因為它是 API Gateway 原生提供的功能。

其他選項為何不正確：
- **選項 A**：雖然 ALB 可以作為 Lambda 的前端，但這會改變現有的架構，且需要額外維護 ALB，並非針對 API Gateway 的直接解決方案，工作量較大且不必要。
- **選項 B**：修改 DNS 記錄無法將公開的 API Gateway 端點轉變為私有端點。API Gateway 的端點類型是由其設定決定的，僅更改 DNS 無法限制網路層面的存取權限。
- **選項 D**：此方案過於複雜且不合理。將 Lambda 部署在 VPC 內並透過額外的 EC2 伺服器進行中轉，不僅增加了維護 EC2 的營運成本（Overhead），還引入了不必要的延遲與潛在的單點故障，完全不符合「最少工作量」的原則。"
143,"A weather service provides high-resolution weather maps from a web application hosted on AWS in the eu-west-1 Region. The
weather maps are updated frequently and stored in Amazon S3 along with static HTML content. The web application is fronted
by Amazon CloudFront.
The company recently expanded to serve users in the us-east-1 Region, and these new users report that viewing their
respective weather maps is slow from time to time.
Which combination of steps will resolve the us-east-1 performance issues? (Choose two.)","A. Configure the AWS Global Accelerator endpoint for the S3 bucket in eu-west-1. Configure endpoint groups for TCP ports
80 and 443 in us-east-1.
B. Create a new S3 bucket in us-east-1. Configure S3 cross-Region replication to synchronize from the S3 bucket in eu-west-
1.
C. Use Lambda@Edge to modify requests from North America to use the S3 Transfer Acceleration endpoint in us-east-1.
D. Use Lambda@Edge to modify requests from North America to use the S3 bucket in us-east-1.
E. Configure the AWS Global Accelerator endpoint for us-east-1 as an origin on the CloudFront distribution. Use
Lambda@Edge to modify requests from North America to use the new origin.","The core issue in this question is ""geographical delay"". Because the original data is stored in eu-west-1 (Ireland), when a user on the US East Coast (us-east-1) requests the data, the data must be transferred across the Atlantic, causing delays.

Why the answer is BD:
- Option B: By creating an S3 storage in us-east-1 and enabling cross-region replication (CRR), data can be automatically synchronized to a region close to US users. This keeps data geographically closer to end users, significantly reducing access latency.
- Option D: Simply creating the storage is not enough, the request must be directed. Using Lambda@Edge, you can dynamically modify the request path according to the request source (such as North America) and direct it to the S3 storage of us-east-1, thereby achieving ""nearby access"".

Why the other options are incorrect:
- Option A: AWS Global Accelerator is mainly used to accelerate TCP/UDP traffic and optimize routing to application endpoints, but it cannot directly use S3 storage as an endpoint to solve the problem of cross-region data storage latency.
- Option C: S3 Transfer Acceleration is mainly used to accelerate ""uploading"" data to S3. It has limited performance improvement effect on ""downloading/reading"" high-resolution weather maps, and is not the best practice to solve this architectural problem.
- Option E: This option is overly complex and unnecessary. CloudFront itself has an edge cache function. To solve the source delay, a multi-region deployment strategy (such as B and D) should be adopted instead of converting S3 to the source through Global Accelerator, which will increase the complexity of the architecture and maintenance costs.",BD,BD (PDF answer),"一家氣象服務公司透過託管於 AWS eu-west-1 區域的網頁應用程式提供高解析度氣象圖。氣象圖會頻繁更新，並與靜態 HTML 內容一同儲存在 Amazon S3 中。該網頁應用程式前端由 Amazon CloudFront 負責。
該公司最近擴展業務至 us-east-1 區域服務使用者，但這些新使用者反映存取各自的氣象圖時偶爾會感到緩慢。
哪兩種步驟組合可以解決 us-east-1 的效能問題？（請選擇兩項。）","A. 為 eu-west-1 的 S3 儲存貯體設定 AWS Global Accelerator 端點。在 us-east-1 設定 TCP 埠 80 和 443 的端點群組。
B. 在 us-east-1 建立一個新的 S3 儲存貯體。設定 S3 跨區域複製（Cross-Region Replication）以從 eu-west-1 的 S3 儲存貯體進行同步。
C. 使用 Lambda@Edge 修改來自北美的請求，使其使用 us-east-1 的 S3 Transfer Acceleration 端點。
D. 使用 Lambda@Edge 修改來自北美的請求，使其使用 us-east-1 的 S3 儲存貯體。
E. 將 us-east-1 的 AWS Global Accelerator 端點設定為 CloudFront 分發的來源。使用 Lambda@Edge 修改來自北美的請求以使用此新來源。","本題的核心問題在於「地理延遲」。由於原始資料儲存在 eu-west-1（愛爾蘭），當美國東岸（us-east-1）的使用者請求資料時，資料必須跨大西洋傳輸，導致延遲。

為什麼答案是 BD：
- 選項 B：透過在 us-east-1 建立 S3 儲存貯體並啟用跨區域複製（CRR），可以將資料自動同步到靠近美國使用者的區域。這使得資料在地理位置上更接近終端使用者，顯著降低存取延遲。
- 選項 D：僅僅建立儲存貯體是不夠的，必須引導請求。使用 Lambda@Edge 可以根據請求來源（如北美），動態修改請求路徑，將其導向至 us-east-1 的 S3 儲存貯體，從而實現「就近存取」。

為什麼其他選項不正確：
- 選項 A：AWS Global Accelerator 主要用於加速 TCP/UDP 流量並優化路由至應用程式端點，但它不能直接將 S3 儲存貯體作為端點來解決跨區域的資料儲存延遲問題。
- 選項 C：S3 Transfer Acceleration 主要用於加速「上傳」資料至 S3，對於「下載/讀取」高解析度氣象圖的效能提升效果有限，且並非解決此架構問題的最佳實踐。
- 選項 E：此選項過於複雜且不必要。CloudFront 本身即具備邊緣快取功能，若要解決來源延遲，應採取多區域部署策略（如 B 和 D），而非透過 Global Accelerator 將 S3 轉為來源，這會增加架構的複雜度與維護成本。"
144,"A solutions architect is investigating an issue in which a company cannot establish new sessions in Amazon Workspaces. An
initial analysis indicates that the issue involves user profiles. The Amazon Workspaces environment is configured to use
Amazon FSx for Windows File Server as the profile share storage. The FSx for Windows File Server file system is configured
with 10 TB of storage.
The solutions architect discovers that the file system has reached Its maximum capacity. The solutions architect must ensure
that users can regain access. The solution also must prevent the problem from occurring again.
Which solution will meet these requirements?","A. Remove old user profiles to create space. Migrate the user profiles to an Amazon FSx for Lustre file system.
B. Increase capacity by using the update-file-system command. Implement an Amazon CloudWatch metric that monitors
free space. Use Amazon EventBridge to invoke an AWS Lambda function to increase capacity as required.
C. Monitor the file system by using the FreeStorageCapacity metric in Amazon CloudWatch. Use AWS Step Functions to
increase the capacity as required.
D. Remove old user profiles to create space. Create an additional FSx for Windows File Server file system. Update the user
profile redirection for 50% of the users to use the new file system.","The correct answer is B for the following reasons:
1. **Resolve current issue**: Amazon FSx for Windows File Server supports dynamically increasing storage capacity through the `update-file-system` command (or AWS Management Console), which can immediately solve the problem of being unable to create a new session due to insufficient space.
2. **Prevent the problem from happening again**: Monitor the `FreeStorageCapacity` indicator through CloudWatch, and combine it with Amazon EventBridge and AWS Lambda for automatic expansion. You can establish an automated capacity management mechanism to ensure that the storage space can be automatically increased when it reaches a critical value, thereby avoiding the problem of running out of space in the future.

Analysis of other options:
- **Option A**: FSx for Luster is mainly used for high-performance computing (HPC) or large-scale data processing, and is not suitable for storing Windows user profiles (User Profiles) because it does not support the SMB protocol and permission management required by Windows file systems.
- **Option C**: While using CloudWatch monitoring is correct, AWS Step Functions is not the best tool for performing such a simple automated scaling task. Lambda functions paired with EventBridge are a more straightforward and cost-effective way to handle this type of automated infrastructure expansion.
- **Option D**: Although removing the old profile can temporarily free up space, this is only a temporary solution, and manually redirecting users to different file systems will increase management complexity, cannot automatically solve future capacity needs, and is not an expansion architecture recommended by AWS.",B,B (88% community votes),"一位解決方案架構師正在調查一個公司無法在 Amazon WorkSpaces 建立新工作階段的問題。初步分析顯示該問題與使用者設定檔（User Profiles）有關。Amazon WorkSpaces 環境設定為使用 Amazon FSx for Windows File Server 作為設定檔共享儲存空間。該 FSx for Windows File Server 檔案系統已設定為 10 TB 的儲存容量。
解決方案架構師發現該檔案系統已達到最大容量。架構師必須確保使用者能重新取得存取權，且該解決方案必須防止此問題再次發生。
哪一個解決方案能滿足這些需求？","A. 移除舊的使用者設定檔以釋放空間。將使用者設定檔遷移至 Amazon FSx for Lustre 檔案系統。
B. 使用 update-file-system 指令增加容量。實作 Amazon CloudWatch 指標來監控剩餘空間。使用 Amazon EventBridge 觸發 AWS Lambda 函式，根據需求增加容量。
C. 使用 Amazon CloudWatch 中的 FreeStorageCapacity 指標監控檔案系統。使用 AWS Step Functions 根據需求增加容量。
D. 移除舊的使用者設定檔以釋放空間。建立額外的 FSx for Windows File Server 檔案系統。更新 50% 使用者的設定檔重新導向，使其使用新的檔案系統。","正確答案為 B，原因如下：
1. **解決當前問題**：Amazon FSx for Windows File Server 支援透過 `update-file-system` 指令（或 AWS 管理主控台）動態增加儲存容量，這能立即解決因空間不足導致無法建立新工作階段的問題。
2. **防止問題再次發生**：透過 CloudWatch 監控 `FreeStorageCapacity` 指標，並結合 Amazon EventBridge 與 AWS Lambda 進行自動化擴充，可以建立一個自動化的容量管理機制，確保儲存空間在達到臨界值時能自動增加，從而避免未來再次發生空間耗盡的問題。

其他選項分析：
- **選項 A**：FSx for Lustre 主要用於高效能運算（HPC）或大規模資料處理，並不適合用於存放 Windows 使用者設定檔（User Profiles），因為它不支援 Windows 檔案系統所需的 SMB 協定與權限管理。
- **選項 C**：雖然使用 CloudWatch 監控是正確的，但 AWS Step Functions 並非執行此類簡單自動化擴充任務的最佳工具。Lambda 函式配合 EventBridge 是處理此類基礎設施自動化擴充更為直接且符合成本效益的方式。
- **選項 D**：雖然移除舊設定檔可以暫時釋放空間，但這只是治標不治本，且手動將使用者重新導向至不同的檔案系統會增加管理複雜度，無法自動化解決未來的容量需求，且並非 AWS 推薦的擴充架構。"
145,"An international delivery company hosts a delivery management system on AWS. Drivers use the system to upload
confirmation of delivery. Confirmation includes the recipient’s signature or a photo of the package with the recipient. The
driver’s handheld device uploads signatures and photos through FTP to a single Amazon EC2 instance. Each handheld device
saves a file in a directory based on the signed-in user, and the file name matches the delivery number. The EC2 instance then
adds metadata to the file after querying a central database to pull delivery information. The file is then placed in Amazon S3
for archiving.
As the company expands, drivers report that the system is rejecting connections. The FTP server is having problems because of
dropped connections and memory issues in response to these problems, a system engineer schedules a cron task to reboot the
EC2 instance every 30 minutes. The billing team reports that files are not always in the archive and that the central system is
not always updated.
A solutions architect needs to design a solution that maximizes scalability to ensure that the archive always receives the files
and that systems are always updated. The handheld devices cannot be modified, so the company cannot deploy a new
application.
Which solution will meet these requirements?","A. Create an AMI of the existing EC2 instance. Create an Auto Scaling group of EC2 instances behind an Application Load
Balancer. Configure the Auto Scaling group to have a minimum of three instances.
B. Use AWS Transfer Family to create an FTP server that places the files in Amazon Elastic File System (Amazon EFS).
Mount the EFS volume to the existing EC2 instance. Point the EC2 instance to the new path for file processing.
C. Use AWS Transfer Family to create an FTP server that places the files in Amazon S3. Use an S3 event notification
through Amazon Simple Notification Service (Amazon SNS) to invoke an AWS Lambda function. Configure the Lambda
function to add the metadata and update the delivery system.
D. Update the handheld devices to place the files directly in Amazon S3. Use an S3 event notification through Amazon
Simple Queue Service (Amazon SQS) to invoke an AWS Lambda function. Configure the Lambda function to add the
metadata and update the delivery system.","The correct answer is C for the following reasons:
1. **Solve scalability and reliability issues**: AWS Transfer Family is a fully managed service that natively supports FTP/SFTP/FTPS and can automatically handle scalability, replacing a single EC2 FTP server that was prone to crashing. Storing files directly into Amazon S3 ensures high availability and durability of storage.
2. **Asynchronous processing**: Using S3 event notifications to trigger Lambda functions can implement event-driven architecture (Event-Driven Architecture). When the file upload is completed, Lambda will automatically execute the processing logic (adding metadata and updating the database), which is more flexible than relying on a single EC2 to perform individual processing without losing tasks.
3. **Meets Restrictions**: The question clearly states that the handheld device cannot be modified, so option D cannot be implemented.

Analysis of other options:
- **Option A**: Although Auto Scaling can increase the number of execution individuals, the FTP protocol itself is very difficult to process sessions in a load balancing environment, and the architecture of a single EC2 execution instance processing files has not changed, and it still cannot solve the problem of file processing failure or inconsistent database updates.
- **Option B**: Use AWS Transfer Family but still tie the processing logic to a single EC2 instance. If the execution entity fails or has insufficient memory, the processing flow will still be interrupted, and the high availability and automation requirements of the system cannot be met.
- **Option D**: Although the architecture is well designed, the question clearly limits ""handheld devices cannot be modified"", so the device cannot interact directly with S3.",C,C (74% community votes),"一家國際快遞公司在 AWS 上託管了一個快遞管理系統。司機使用該系統上傳送貨確認。確認內容包括收件人的簽名或包裹與收件人的合照。司機的手持裝置透過 FTP 將簽名和照片上傳到單一 Amazon EC2 執行個體。每個手持裝置會根據登入的使用者將檔案儲存到特定目錄中，且檔案名稱與送貨編號相符。EC2 執行個體隨後會查詢中央資料庫以提取送貨資訊，並將中繼資料（metadata）加入檔案中。最後，該檔案會被放入 Amazon S3 進行封存。
隨著公司業務擴展，司機回報系統拒絕連線。FTP 伺服器因連線中斷和記憶體問題而出現故障。為了應對這些問題，系統工程師排程了一個 cron 任務，每 30 分鐘重新啟動一次 EC2 執行個體。財務部門回報檔案並未總是進入封存庫，且中央系統也未隨時更新。
解決方案架構師需要設計一個能最大化擴展性（scalability）的解決方案，以確保封存庫始終能收到檔案，且系統始終能更新。由於手持裝置無法修改，因此公司無法部署新的應用程式。
哪一個解決方案能滿足這些需求？","A. 為現有的 EC2 執行個體建立 AMI。在應用程式負載平衡器（ALB）後方建立 EC2 執行個體的 Auto Scaling 群組。將 Auto Scaling 群組設定為至少包含三個執行個體。
B. 使用 AWS Transfer Family 建立一個將檔案放入 Amazon Elastic File System (Amazon EFS) 的 FTP 伺服器。將 EFS 磁碟區掛載到現有的 EC2 執行個體。將 EC2 執行個體指向新的路徑進行檔案處理。
C. 使用 AWS Transfer Family 建立一個將檔案放入 Amazon S3 的 FTP 伺服器。使用透過 Amazon Simple Notification Service (Amazon SNS) 的 S3 事件通知來觸發 AWS Lambda 函數。設定 Lambda 函數以加入中繼資料並更新送貨系統。
D. 更新手持裝置，使其直接將檔案放入 Amazon S3。使用透過 Amazon Simple Queue Service (Amazon SQS) 的 S3 事件通知來觸發 AWS Lambda 函數。設定 Lambda 函數以加入中繼資料並更新送貨系統。","正確答案為 C，原因如下：
1. **解決擴展性與可靠性問題**：AWS Transfer Family 是一項全託管服務，原生支援 FTP/SFTP/FTPS，能自動處理擴展性，取代了原本容易崩潰的單一 EC2 FTP 伺服器。將檔案直接存入 Amazon S3 可確保儲存的高可用性與持久性。
2. **非同步處理**：使用 S3 事件通知觸發 Lambda 函數，可以實現事件驅動架構（Event-Driven Architecture）。當檔案上傳完成後，Lambda 會自動執行處理邏輯（加入中繼資料並更新資料庫），這比依賴單一 EC2 執行個體處理更具彈性且不會遺失任務。
3. **符合限制條件**：題目明確指出手持裝置無法修改，因此選項 D 無法執行。

其他選項分析：
- **選項 A**：雖然 Auto Scaling 可以增加執行個體數量，但 FTP 協定本身在負載平衡環境下處理狀態（Session）非常困難，且單一 EC2 執行個體處理檔案的架構並未改變，依然無法解決檔案處理失敗或資料庫更新不一致的問題。
- **選項 B**：雖然使用了 AWS Transfer Family，但仍將處理邏輯綁定在單一 EC2 執行個體上。如果該執行個體發生故障或記憶體不足，處理流程依然會中斷，無法達到系統的高可用性與自動化需求。
- **選項 D**：雖然架構設計良好，但題目明確限制「手持裝置無法修改」，因此無法讓裝置直接與 S3 互動。"
146,"A company is running an application in the AWS Cloud. The application runs on containers m an Amazon Elastic Container
Service (Amazon ECS) cluster. The ECS tasks use the Fargate launch type. The application's data is relational and is stored in
Amazon Aurora MySQL. To meet regulatory requirements, the application must be able to recover to a separate AWS Region in
the event of an application failure. In case of a failure, no data can be lost.
Which solution will meet these requirements with the LEAST amount of operational overhead?","A. Provision an Aurora Replica in a different Region.
B. Set up AWS DataSync for continuous replication of the data to a different Region.
C. Set up AWS Database Migration Service (AWS DMS) to perform a continuous replication of the data to a different Region.
D. Use Amazon Data Lifecycle Manager (Amazon DLM) to schedule a snapshot every 5 minutes.","The correct answer is A.
Here’s why:
1. **Aurora Global Database**: Deploying Aurora replicas in different regions (that is, using the Aurora Global Database function) is the best practice for achieving cross-region disaster recovery. It leverages proprietary storage-tier replication technology to provide low-latency (typically less than 1 second) data replication with minimal impact on database performance. Best of all, it ensures ""zero data loss"" (0 RPO) in the event of a failure with minimal operational burden because the replication process is fully automated by AWS managed services.

Analysis of other options:
- **Option B (AWS DataSync)**: DataSync is mainly used to transfer file data between storage systems (such as S3, EFS, NFS) and is not suitable for real-time continuous replication of relational databases (such as Aurora).
- **Option C (AWS DMS)**: Although AWS DMS can be used for database migration or continuous replication, it is a logical replication, is more complex to set up and maintain, and may have delays when processing large databases. It is not the simplest and most efficient solution for cross-region disaster recovery. Compared with the native integration of Aurora Global Database, the operational burden of DMS is higher.
- **Option D (Amazon DLM)**: DLM is used to automate the management of the snapshot lifecycle. Even if a snapshot is performed every 5 minutes, the data changes that occurred between the two snapshots will still be lost, which does not meet the requirement of the topic ""No data can be lost"", and the recovery time objective (RTO) will become very long due to the need to restore the snapshot.",A,A (100% community votes),一家公司正在 AWS 雲端執行應用程式。該應用程式運行在 Amazon Elastic Container Service (Amazon ECS) 叢集的容器中。ECS 任務使用 Fargate 啟動類型。應用程式的資料為關聯式資料，並儲存在 Amazon Aurora MySQL 中。為了符合法規要求，應用程式必須在發生故障時能夠復原到另一個 AWS 區域。在發生故障的情況下，資料不能有任何遺失。哪種解決方案能以最少的營運負擔滿足這些需求？,"A. 在不同的區域佈建一個 Aurora 複本 (Aurora Replica)。
B. 設定 AWS DataSync 以進行資料到不同區域的持續複製。
C. 設定 AWS Database Migration Service (AWS DMS) 以執行資料到不同區域的持續複製。
D. 使用 Amazon Data Lifecycle Manager (Amazon DLM) 每 5 分鐘排程一次快照。","正確答案是 A。
原因如下：
1. **Aurora Global Database**：在不同的區域佈建 Aurora 複本（即使用 Aurora Global Database 功能）是實現跨區域災難復原的最佳實踐。它利用專用的儲存層複製技術，提供低延遲（通常小於 1 秒）的資料複製，且對資料庫效能影響極小。最重要的是，它能確保在發生故障時達到「零資料遺失」（RPO 為 0），且營運負擔極低，因為複製過程完全由 AWS 受管服務自動處理。

其他選項分析：
- **選項 B (AWS DataSync)**：DataSync 主要用於在儲存系統之間（如 S3、EFS、NFS）傳輸檔案資料，並不適用於關聯式資料庫（如 Aurora）的即時持續複製。
- **選項 C (AWS DMS)**：雖然 AWS DMS 可以用於資料庫遷移或持續複製，但它屬於邏輯複製，設定與維護較為複雜，且在處理大型資料庫時可能會有延遲，並非針對跨區域災難復原最簡便且高效的解決方案。相較於 Aurora Global Database 的原生整合，DMS 的營運負擔較高。
- **選項 D (Amazon DLM)**：DLM 用於自動化管理快照生命週期。即便每 5 分鐘執行一次快照，在兩次快照之間發生的資料變更仍會遺失，這不符合題目「資料不能有任何遺失」的要求，且恢復時間目標 (RTO) 會因為需要還原快照而變得非常長。"
147,"A financial services company receives a regular data feed from its credit card servicing partner. Approximately 5,000 records
are sent every 15 minutes in plaintext, delivered over HTTPS directly into an Amazon S3 bucket with server-side encryption.
This feed contains sensitive credit card primary account number (PAN) data. The company needs to automatically mask the
PAN before sending the data to another S3 bucket for additional internal processing. The company also needs to remove and
merge specific fields, and then transform the record into JSON format. Additionally, extra feeds are likely to be added in the
future, so any design needs to be easily expandable.
Which solutions will meet these requirements?","A. Invoke an AWS Lambda function on file delivery that extracts each record and writes it to an Amazon SQS queue. Invoke
another Lambda function when new messages arrive in the SQS queue to process the records, writing the results to a
temporary location in Amazon S3. Invoke a final Lambda function once the SQS queue is empty to transform the records
into JSON format and send the results to another S3 bucket for internal processing.
B. Invoke an AWS Lambda function on file delivery that extracts each record and writes it to an Amazon SQS queue.
Configure an AWS Fargate container application to automatically scale to a single instance when the SQS queue contains
messages. Have the application process each record, and transform the record into JSON format. When the queue is
empty, send the results to another S3 bucket for internal processing and scale down the AWS Fargate instance.
C. Create an AWS Glue crawler and custom classifier based on the data feed formats and build a table definition to match.
Invoke an AWS Lambda function on file delivery to start an AWS Glue ETL job to transform the entire record according to
the processing and transformation requirements. Define the output format as JSON. Once complete, have the ETL job send
the results to another S3 bucket for internal processing.
D. Create an AWS Glue crawler and custom classifier based upon the data feed formats and build a table definition to
match. Perform an Amazon Athena query on file delivery to start an Amazon EMR ETL job to transform the entire record
according to the processing and transformation requirements. Define the output format as JSON. Once complete, send the
results to another S3 bucket for internal processing and scale down the EMR cluster.","AWS Glue is the best solution for handling such ETL (Extract, Transform, Load) tasks for the following reasons:
1. **Scalability and Maintainability**: AWS Glue is a serverless ETL service designed to handle large-scale data transformation. For data feeds that may be added in the future, Glue can easily handle multiple data sources without the need to manage infrastructure, which meets the ""easy to expand"" requirement in the question.
2. **Functional Completeness**: Glue ETL operations natively support data conversion, field merging, removal, and format conversion (such as converting to JSON). Through Glue crawler programs and custom classifiers, data structures can be automatically identified and defined to simplify the development process.
3. **Error with options A and B**: These two options rely too much on Lambda and SQS for processing. Lambda has an execution time limit (15 minutes), and for complex transformation and masking processing of 5,000 records, using SQS for queuing will increase the complexity and maintenance cost of the architecture, and is not the best practice for handling ETL tasks.
4. **Error in Option D**: Although the EMR has powerful processing capabilities, starting the EMR cluster will incur unnecessary startup delays and high costs (Overkill) for a data volume of only 5,000 records every 15 minutes. In addition, the question does not require the use of Athena to trigger the EMR, which is too cumbersome and not cost-effective.
Therefore, Option C is the most automated, scalable, and cost-effective solution.",C,C (100% community votes),"一家金融服務公司定期從其信用卡服務合作夥伴接收資料饋送。每 15 分鐘會以明文形式傳送約 5,000 筆記錄，並透過 HTTPS 直接傳遞至已啟用伺服器端加密的 Amazon S3 儲存貯體中。此資料饋送包含敏感的信用卡主要帳號 (PAN) 資料。該公司需要在將資料傳送至另一個 S3 儲存貯體進行額外的內部處理之前，自動遮蔽 PAN。該公司還需要移除並合併特定欄位，然後將記錄轉換為 JSON 格式。此外，未來很可能會增加額外的資料饋送，因此任何設計都需要易於擴充。哪些解決方案符合這些需求？","A. 在檔案傳送時呼叫 AWS Lambda 函數，提取每筆記錄並將其寫入 Amazon SQS 佇列。當 SQS 佇列中有新訊息時，呼叫另一個 Lambda 函數來處理這些記錄，並將結果寫入 Amazon S3 中的臨時位置。一旦 SQS 佇列清空，呼叫最後一個 Lambda 函數將記錄轉換為 JSON 格式，並將結果傳送至另一個 S3 儲存貯體進行內部處理。
B. 在檔案傳送時呼叫 AWS Lambda 函數，提取每筆記錄並將其寫入 Amazon SQS 佇列。設定一個 AWS Fargate 容器應用程式，使其在 SQS 佇列包含訊息時自動擴展至單一執行個體。讓該應用程式處理每筆記錄，並將記錄轉換為 JSON 格式。當佇列清空時，將結果傳送至另一個 S3 儲存貯體進行內部處理，並縮減 AWS Fargate 執行個體。
C. 根據資料饋送格式建立 AWS Glue 爬蟲程式 (Crawler) 和自訂分類器 (Classifier)，並建立相符的資料表定義。在檔案傳送時呼叫 AWS Lambda 函數，以啟動 AWS Glue ETL 作業，根據處理和轉換需求轉換整筆記錄。將輸出格式定義為 JSON。作業完成後，讓 ETL 作業將結果傳送至另一個 S3 儲存貯體進行內部處理。
D. 根據資料饋送格式建立 AWS Glue 爬蟲程式和自訂分類器，並建立相符的資料表定義。在檔案傳送時執行 Amazon Athena 查詢以啟動 Amazon EMR ETL 作業，根據處理和轉換需求轉換整筆記錄。將輸出格式定義為 JSON。完成後，將結果傳送至另一個 S3 儲存貯體進行內部處理，並縮減 EMR 叢集。","AWS Glue 是處理此類 ETL（擷取、轉換、載入）任務的最佳解決方案，原因如下：
1. **擴充性與維護性**：AWS Glue 是一個無伺服器 (Serverless) 的 ETL 服務，專為處理大規模資料轉換而設計。對於未來可能增加的資料饋送，Glue 可以輕鬆處理多種資料來源，且無需管理基礎設施，符合題目中「易於擴充」的需求。
2. **功能完整性**：Glue ETL 作業原生支援資料轉換、欄位合併、移除以及格式轉換（如轉為 JSON）。透過 Glue 爬蟲程式和自訂分類器，可以自動識別並定義資料結構，簡化開發流程。
3. **選項 A 與 B 的錯誤**：這兩個選項過度依賴 Lambda 和 SQS 進行處理。Lambda 有執行時間限制（15 分鐘），且對於 5,000 筆記錄的複雜轉換與遮蔽處理，使用 SQS 進行排隊會增加架構的複雜度與維護成本，並非處理 ETL 任務的最佳實踐。
4. **選項 D 的錯誤**：雖然 EMR 具備強大的處理能力，但對於每 15 分鐘僅 5,000 筆記錄的資料量而言，啟動 EMR 叢集會產生不必要的啟動延遲與高昂成本（Overkill）。此外，題目並未要求使用 Athena 觸發 EMR，這種設計過於繁瑣且不符合成本效益。
因此，選項 C 是最符合自動化、可擴充且具備成本效益的解決方案。"
148,"A company wants to use AWS to create a business continuity solution in case the company's main on-premises application
fails. The application runs on physical servers that also run other applications. The on-premises application that the company
is planning to migrate uses a MySQL database as a data store. All the company's on-premises applications use operating
systems that are compatible with Amazon EC2.
Which solution will achieve the company's goal with the LEAST operational overhead?","A. Install the AWS Replication Agent on the source servers, including the MySQL servers. Set up replication for all servers.
Launch test instances for regular drills. Cut over to the test instances to fail over the workload in the case of a failure
event.
B. Install the AWS Replication Agent on the source servers, including the MySQL servers. Initialize AWS Elastic Disaster
Recovery in the target AWS Region. Define the launch settings. Frequently perform failover and fallback from the most
recent point in time.
C. Create AWS Database Migration Service (AWS DMS) replication servers and a target Amazon Aurora MySQL DB cluster to
host the database. Create a DMS replication task to copy the existing data to the target DB cluster. Create a local AWS
Schema Conversion Tool (AWS SCT) change data capture (CDC) task to keep the data synchronized. Install the rest of the
software on EC2 instances by starting with a compatible base AMI.
D. Deploy an AWS Storage Gateway Volume Gateway on premises. Mount volumes on all on-premises servers. Install the
application and the MySQL database on the new volumes. Take regular snapshots. Install all the software on EC2 Instances
by starting with a compatible base AMI. Launch a Volume Gateway on an EC2 instance. Restore the volumes from the
latest snapshot. Mount the new volumes on the EC2 instances in the case of a failure event.","The correct answer is B. AWS Elastic Disaster Recovery (DRS) is an AWS service designed for disaster recovery. It aims to migrate and synchronize applications in on-premises environments to AWS with minimal operational overhead (Operational Overhead). DRS will automatically copy the block-level data of the source server and quickly start the execution instance when a failure occurs. It also supports continuous data replication and automated fault-tolerant migration and recovery processes. This is the most efficient way to achieve business continuity.

Option A is incorrect because the process it describes is relatively manual and lacks the automated management functions provided by DRS (such as automated startup settings and lifecycle management), and cannot meet the ""minimum"" operating overhead requirements.

Choice C is incorrect because AWS DMS is primarily used for database migration, not full server-level disaster recovery. This solution requires manual configuration of DMS, SCT, and application reinstallation on EC2, which creates high operational overhead and complexity without ensuring complete synchronization at the application level.

Option D is incorrect because using Storage Gateway for disaster recovery requires manual management of snapshots, restoration of volumes, and manual mounting. This not only has a long recovery time objective (RTO), but also involves a lot of management work and does not comply with the principle of ""minimum operating overhead"".",B,B (81% community votes),一家公司希望使用 AWS 建立業務持續性解決方案，以備公司主要的內部部署（on-premises）應用程式發生故障時使用。該應用程式運行在同時也運行其他應用程式的實體伺服器上。公司計畫遷移的內部部署應用程式使用 MySQL 資料庫作為資料儲存。公司所有的內部部署應用程式皆使用與 Amazon EC2 相容的作業系統。哪種解決方案能以「最少」的營運開銷達成公司的目標？,"A. 在來源伺服器（包含 MySQL 伺服器）上安裝 AWS Replication Agent。為所有伺服器設定複製。啟動測試執行個體進行定期演練。在發生故障事件時，切換至測試執行個體以進行工作負載的容錯移轉（failover）。
B. 在來源伺服器（包含 MySQL 伺服器）上安裝 AWS Replication Agent。在目標 AWS 區域初始化 AWS Elastic Disaster Recovery (DRS)。定義啟動設定。頻繁地從最近的時間點執行容錯移轉與復原（fallback）。
C. 建立 AWS Database Migration Service (AWS DMS) 複製伺服器以及一個目標 Amazon Aurora MySQL 資料庫叢集來託管資料庫。建立一個 DMS 複製任務將現有資料複製到目標資料庫叢集。建立一個本地 AWS Schema Conversion Tool (AWS SCT) 的變更資料擷取 (CDC) 任務來保持資料同步。透過啟動相容的基礎 AMI，將其餘軟體安裝在 EC2 執行個體上。
D. 在內部部署環境中部署 AWS Storage Gateway Volume Gateway。將磁碟區掛載到所有內部部署伺服器上。在新磁碟區上安裝應用程式與 MySQL 資料庫。定期進行快照。透過啟動相容的基礎 AMI，將所有軟體安裝在 EC2 執行個體上。在 EC2 執行個體上啟動 Volume Gateway。從最新的快照還原磁碟區。在發生故障事件時，將新磁碟區掛載到 EC2 執行個體上。","正確答案是 B。AWS Elastic Disaster Recovery (DRS) 是 AWS 專為災難復原設計的服務，旨在將內部部署環境的應用程式以最小的營運開銷（Operational Overhead）遷移並同步至 AWS。DRS 會自動複製來源伺服器的區塊層級資料，並在發生故障時快速啟動執行個體，且支援持續性資料複製與自動化的容錯移轉與復原流程，這正是達成業務持續性最有效率的方式。

選項 A 不正確，因為它描述的流程較為手動且缺乏 DRS 提供的自動化管理功能（如自動化的啟動設定與生命週期管理），無法達到「最少」營運開銷的要求。

選項 C 不正確，因為 AWS DMS 主要用於資料庫遷移，而非整個伺服器層級的災難復原。此方案需要手動設定 DMS、SCT 以及在 EC2 上重新安裝應用程式，這會產生極高的營運開銷與複雜度，且無法確保應用程式層級的完整同步。

選項 D 不正確，因為使用 Storage Gateway 進行災難復原需要手動管理快照、還原磁碟區以及手動掛載，這不僅恢復時間目標（RTO）較長，且涉及大量的管理工作，不符合「最少營運開銷」的原則。"